,pressure,maxtemp,temparature,mintemp,dewpoint,humidity,cloud,sunshine,winddirection,windspeed
0,1017.4,21.2,20.6,19.9,19.4,87.0,88.0,1.1,60.0,17.2
1,1019.5,16.2,16.9,15.8,15.4,95.0,91.0,0.0,50.0,21.9
2,1024.1,19.4,16.1,14.6,9.3,75.0,47.0,8.3,70.0,18.1
3,1013.4,18.1,17.8,16.9,16.8,95.0,95.0,0.0,60.0,35.6
4,1021.8,21.3,18.4,15.2,9.6,52.0,45.0,3.6,40.0,24.8
5,1022.7,20.6,18.6,16.5,12.5,79.0,81.0,0.0,20.0,15.7
6,1022.8,19.5,18.4,15.3,11.3,56.0,46.0,7.6,20.0,28.4
7,1019.7,15.8,13.6,12.7,11.8,96.0,100.0,0.0,50.0,52.8
8,1017.4,17.6,16.5,15.6,12.5,86.0,100.0,0.0,50.0,37.5
9,1025.4,16.5,14.4,12.0,8.6,77.0,84.0,1.0,50.0,38.3
10,1016.8,16.3,15.3,14.1,14.0,97.0,100.0,0.0,40.0,24.4
11,1012.5,16.2,15.2,14.0,12.4,98.0,100.0,0.0,50.0,23.5
12,1020.4,15.0,15.5,13.2,12.0,77.0,86.0,0.0,50.0,32.4
13,1012.5,13.5,12.9,11.6,11.8,87.0,92.0,0.0,50.0,37.0
14,1018.4,17.8,16.5,15.1,12.1,77.0,85.0,1.2,40.0,20.9
15,1024.3,15.3,12.9,10.0,11.2,79.0,91.0,0.3,20.0,20.0
16,1022.5,16.3,13.1,11.4,2.0,79.0,70.0,6.8,20.0,30.3
17,1034.6,17.5,16.2,14.1,11.8,68.0,60.0,2.5,50.0,13.4
18,1024.1,16.8,15.8,14.0,12.9,76.0,77.0,0.0,20.0,20.5
19,1020.2,16.4,14.2,12.7,11.6,75.0,93.0,0.1,40.0,21.9
20,1022.4,17.7,16.4,14.8,11.3,92.0,88.0,0.4,30.0,41.3
21,1022.6,21.9,17.8,15.8,14.3,52.0,49.0,9.1,50.0,10.2
22,1020.6,18.5,17.3,16.9,16.8,95.0,95.0,0.0,60.0,39.5
23,1013.0,24.8,19.9,17.1,18.1,90.0,92.0,0.0,70.0,30.4
24,1012.5,23.8,22.2,20.4,20.8,84.0,88.0,0.0,70.0,30.2
25,1019.5,25.3,22.3,21.0,20.6,76.0,78.0,10.2,80.0,10.2
26,1013.4,23.8,21.1,19.8,19.6,92.0,95.0,0.0,40.0,15.9
27,1017.0,21.7,20.3,19.4,17.9,80.0,80.0,2.6,50.0,14.5
28,1019.9,22.9,20.9,19.2,17.3,86.0,79.0,0.6,50.0,21.4
29,1018.1,23.1,20.8,19.2,15.5,74.0,49.0,7.7,40.0,14.3
30,1018.5,21.3,20.3,19.3,15.3,75.0,69.0,7.7,70.0,35.1
31,1019.5,23.2,22.1,20.1,18.8,82.0,69.0,1.1,40.0,20.5
32,1020.4,21.3,18.8,17.3,13.6,52.0,56.0,2.9,40.0,21.3
33,1024.4,21.6,19.3,17.4,15.3,90.0,95.0,4.3,70.0,35.3
34,1017.0,21.5,20.6,18.6,17.0,91.0,88.0,0.0,50.0,14.3
35,1023.1,18.2,17.1,16.3,9.5,78.0,89.0,0.0,50.0,28.4
36,1014.4,22.9,21.4,20.0,17.8,79.0,88.0,0.0,40.0,18.4
37,1021.8,21.1,18.2,17.8,16.9,74.0,44.0,9.5,20.0,26.7
38,1023.1,20.4,17.8,14.8,15.0,75.0,43.0,9.2,60.0,11.9
39,1018.9,21.9,19.3,17.2,16.9,79.0,90.0,0.0,50.0,28.8
40,1017.1,23.4,21.7,19.6,19.0,88.0,83.0,2.3,40.0,29.6
41,1015.8,21.2,19.4,17.3,17.0,75.0,46.0,4.1,20.0,19.0
42,1013.1,21.4,20.9,19.4,17.8,83.0,88.0,0.0,30.0,20.8
43,1015.2,18.9,17.7,16.9,16.8,90.0,90.0,0.0,60.0,34.2
44,1017.4,16.1,15.5,13.6,11.4,72.0,43.0,8.8,40.0,27.3
45,1016.9,17.5,15.5,14.8,14.6,91.0,91.0,0.0,20.0,33.4
46,1018.1,20.6,16.1,14.2,12.2,79.0,89.0,1.0,20.0,10.7
47,1016.5,21.6,19.2,17.5,19.0,95.0,92.0,0.3,40.0,6.9
48,1016.8,21.3,19.5,17.6,17.6,75.0,70.0,2.2,50.0,16.5
49,1023.6,18.8,16.0,14.8,12.4,72.0,40.0,9.5,20.0,9.8
50,1024.4,17.2,15.6,12.8,8.6,79.0,49.0,9.1,20.0,35.3
51,1016.3,22.3,19.2,18.2,18.5,96.0,88.0,0.3,70.0,9.9
52,1019.6,18.4,17.1,16.0,16.3,93.0,93.0,0.0,70.0,19.0
53,1018.8,22.5,20.1,19.1,16.4,76.0,71.0,6.1,40.0,20.5
54,1016.5,20.6,18.1,17.0,16.3,76.0,88.0,0.0,60.0,39.5
55,1016.8,21.3,19.7,18.2,18.9,95.0,91.0,0.0,40.0,10.2
56,1012.0,20.9,20.9,19.1,14.9,86.0,80.0,1.6,60.0,13.8
57,1020.4,25.9,21.6,19.8,17.0,79.0,70.0,7.8,40.0,24.4
58,1014.4,25.3,21.9,19.1,19.6,86.0,82.0,1.6,40.0,27.3
59,1013.3,22.4,20.5,20.3,17.8,91.0,80.0,0.0,40.0,25.0
60,1018.1,21.3,20.3,19.9,18.9,92.0,88.0,0.0,40.0,28.4
61,1020.4,18.2,15.9,13.5,9.9,84.0,83.0,2.3,70.0,17.2
62,1017.7,20.6,18.1,16.9,17.4,95.0,91.0,0.0,40.0,16.1
63,1017.9,21.3,19.5,18.4,15.5,76.0,72.0,7.2,70.0,25.1
64,1019.4,21.6,19.6,17.0,17.9,69.0,54.0,1.0,50.0,29.6
65,1022.7,14.3,12.8,10.0,8.0,63.0,95.0,0.1,20.0,24.5
66,1020.3,18.4,15.7,14.6,12.6,59.0,88.0,0.0,40.0,27.4
67,1014.2,18.4,18.0,17.2,17.4,97.0,95.0,0.0,40.0,22.9
68,1015.0,17.8,16.0,16.9,16.6,90.0,51.0,9.5,60.0,24.9
69,1014.6,25.1,20.0,19.0,19.5,72.0,47.0,10.8,30.0,28.8
70,1021.4,20.9,18.4,16.9,8.9,75.0,43.0,11.0,20.0,7.4
71,1015.6,25.2,21.8,19.1,19.9,83.0,80.0,3.4,70.0,16.5
72,1018.5,23.0,21.1,20.6,19.6,89.0,88.0,1.4,20.0,8.9
73,1017.1,26.3,23.3,19.2,18.8,84.0,61.0,7.6,70.0,24.8
74,1012.0,23.1,21.6,20.4,19.9,90.0,87.0,0.5,40.0,26.0
75,1012.5,26.1,23.2,21.5,20.1,87.0,88.0,3.7,40.0,28.0
76,1014.0,25.2,23.3,22.3,21.1,89.0,88.0,0.3,70.0,20.0
77,1014.0,24.9,23.1,22.4,22.8,85.0,88.0,3.2,70.0,31.2
78,1013.5,26.9,25.3,24.2,21.9,87.0,85.0,0.3,50.0,26.1
79,1011.4,27.6,20.9,19.0,13.7,77.0,91.0,0.2,40.0,15.4
80,1016.8,26.5,24.8,23.3,22.1,83.0,81.0,1.2,80.0,24.4
81,1019.8,27.6,25.4,24.0,22.3,89.0,84.0,1.6,20.0,18.6
82,1011.0,26.3,24.9,23.0,22.0,81.0,88.0,0.2,40.0,24.4
83,1010.7,24.2,23.0,21.4,17.0,86.0,80.0,1.1,70.0,9.8
84,1008.1,28.1,25.1,23.8,22.8,86.0,83.0,4.4,90.0,17.2
85,1013.0,27.2,24.8,23.4,22.3,90.0,85.0,5.9,70.0,17.2
86,1013.0,27.8,25.8,23.7,20.6,74.0,88.0,0.4,40.0,16.0
87,1012.2,27.1,25.9,24.2,22.6,86.0,84.0,1.6,70.0,17.5
88,1016.8,25.1,23.1,22.9,22.0,87.0,82.0,2.1,70.0,32.5
89,1010.1,27.2,24.8,23.3,21.6,91.0,88.0,0.3,50.0,19.6
90,1014.6,28.2,24.5,22.3,22.0,87.0,81.0,4.8,40.0,8.9
91,1013.1,28.2,24.1,22.0,22.9,89.0,81.0,1.2,70.0,31.8
92,1016.0,26.3,23.9,22.2,20.4,90.0,88.0,0.7,30.0,28.5
93,1015.0,26.2,24.9,22.2,19.8,92.0,85.0,0.2,80.0,28.0
94,1011.4,26.8,24.4,23.6,22.6,91.0,80.0,1.0,220.0,34.2
95,1009.2,28.2,26.7,25.3,23.1,87.0,86.0,0.3,100.0,12.0
96,1008.6,29.1,26.6,25.4,24.2,93.0,85.0,0.9,220.0,19.0
97,1011.4,28.2,24.8,22.3,23.7,84.0,85.0,2.4,90.0,14.7
98,1015.2,25.9,23.4,22.8,21.2,81.0,81.0,3.9,290.0,21.2
99,1017.1,26.9,25.8,25.4,19.7,78.0,85.0,0.3,70.0,18.2
100,1013.0,28.6,26.7,24.3,23.2,87.0,83.0,2.2,70.0,24.0
101,1016.8,29.6,25.8,23.3,22.1,86.0,83.0,3.5,30.0,9.8
102,1013.4,30.2,26.8,24.8,23.4,85.0,78.0,2.1,70.0,24.9
103,1015.8,29.6,26.5,23.7,23.2,86.0,83.0,3.9,170.0,24.4
104,1008.3,28.9,26.9,24.3,24.8,87.0,82.0,1.6,200.0,23.7
105,1008.9,28.0,27.8,25.2,25.2,89.0,88.0,0.4,70.0,34.2
106,1010.3,30.2,26.9,24.2,22.7,84.0,84.0,2.2,230.0,15.1
107,1008.9,31.2,28.0,24.7,25.0,81.0,88.0,0.6,240.0,28.4
108,1011.4,27.6,25.5,24.4,24.8,79.0,80.0,4.5,60.0,12.4
109,1010.1,30.6,28.1,26.8,25.1,89.0,89.0,2.0,130.0,21.4
110,1010.9,30.6,28.7,26.3,25.3,86.0,84.0,2.3,270.0,18.8
111,1009.8,28.7,25.4,23.9,22.1,87.0,84.0,2.9,40.0,14.5
112,1011.4,26.2,24.0,22.4,23.4,82.0,83.0,2.1,70.0,11.9
113,1009.8,28.7,26.7,25.3,24.3,84.0,87.0,0.6,90.0,15.7
114,1008.3,31.0,28.6,26.9,24.9,81.0,83.0,3.0,220.0,9.2
115,1008.8,29.7,25.8,24.2,22.6,89.0,88.0,1.3,20.0,28.8
116,1012.2,25.8,23.7,22.4,22.3,89.0,81.0,1.2,80.0,39.5
117,1011.1,28.2,25.5,23.3,19.3,82.0,81.0,4.3,40.0,31.8
118,1013.5,27.3,25.5,23.3,20.6,73.0,64.0,6.3,120.0,29.6
119,1007.9,31.2,28.1,26.4,24.3,85.0,90.0,3.9,130.0,23.3
120,1006.8,31.0,28.1,26.8,25.0,84.0,84.0,2.6,220.0,14.5
121,1005.9,29.2,27.4,25.5,24.0,89.0,88.0,1.2,130.0,15.8
122,1009.5,30.9,27.1,26.3,24.0,89.0,88.0,1.4,230.0,15.1
123,1010.9,29.8,26.5,24.3,23.3,83.0,85.0,3.5,190.0,14.2
124,1012.0,26.4,24.9,23.2,21.7,84.0,82.0,0.3,70.0,14.0
125,1012.5,27.9,25.8,24.4,23.1,82.0,88.0,1.6,80.0,39.3
126,1008.8,31.0,28.1,26.2,25.0,81.0,80.0,3.7,80.0,20.5
127,1011.4,30.7,27.9,26.4,25.6,89.0,89.0,1.2,200.0,22.5
128,1009.5,30.1,28.9,26.3,24.3,84.0,70.0,3.3,230.0,15.3
129,1011.2,31.6,28.7,26.3,25.4,81.0,88.0,0.1,200.0,26.1
130,1008.7,31.4,28.2,26.1,25.1,82.0,75.0,9.1,120.0,21.8
131,1012.4,31.3,28.8,26.1,22.7,81.0,87.0,2.1,20.0,19.2
132,1008.3,33.0,30.1,28.0,25.1,75.0,68.0,10.0,230.0,19.3
133,1005.9,31.0,28.8,27.3,20.7,77.0,59.0,7.5,70.0,9.8
134,1009.3,32.3,30.2,27.4,25.9,86.0,88.0,0.6,220.0,13.4
135,1006.6,32.0,29.4,27.6,26.0,89.0,88.0,2.5,200.0,26.4
136,1008.5,32.2,29.0,27.0,25.3,79.0,79.0,7.0,220.0,16.4
137,1006.6,32.3,29.6,28.7,25.7,84.0,77.0,6.3,220.0,15.4
138,1008.4,32.6,29.7,26.4,25.7,81.0,69.0,7.8,220.0,34.0
139,1008.0,32.8,29.9,26.7,26.7,89.0,74.0,6.1,230.0,15.8
140,1007.6,32.7,29.0,27.0,26.0,76.0,46.0,10.0,220.0,9.4
141,1009.1,32.8,30.0,26.4,25.2,74.0,28.0,11.1,220.0,19.0
142,1008.5,30.4,27.4,25.3,24.2,74.0,57.0,9.1,220.0,11.9
143,1005.2,31.5,28.3,26.9,25.8,87.0,83.0,6.9,60.0,14.1
144,1008.7,33.0,30.2,28.4,25.7,78.0,53.0,10.0,220.0,10.9
145,1008.7,32.1,29.8,27.5,25.5,81.0,83.0,3.0,130.0,52.8
146,1005.6,32.8,29.0,27.0,25.0,74.0,38.0,11.9,200.0,8.3
147,1008.5,33.3,30.1,28.0,24.3,79.0,69.0,10.7,220.0,7.9
148,1010.3,31.2,28.1,25.8,23.1,79.0,49.0,9.8,20.0,14.5
149,1006.4,34.0,30.1,28.4,25.8,77.0,23.0,10.4,240.0,15.7
150,1009.8,34.4,30.1,28.8,24.7,74.0,29.0,11.4,200.0,12.6
151,1008.9,34.0,30.6,26.7,25.9,81.0,79.0,4.8,220.0,25.0
152,1006.6,33.2,30.8,28.0,25.3,77.0,29.0,11.0,230.0,14.5
153,1009.4,32.0,29.0,27.0,24.5,76.0,44.0,10.7,220.0,40.8
154,1006.8,31.9,29.3,26.2,24.2,81.0,77.0,6.7,210.0,7.9
155,1008.7,32.9,29.1,27.1,25.3,78.0,78.0,9.1,240.0,19.0
156,1005.9,34.7,30.1,28.5,25.4,79.0,88.0,0.4,50.0,15.3
157,1008.1,31.7,28.9,26.2,25.8,81.0,78.0,4.6,230.0,21.9
158,1009.5,30.8,28.9,27.4,25.1,86.0,67.0,5.7,110.0,11.1
159,1008.4,32.6,30.7,28.4,25.4,86.0,78.0,2.3,230.0,14.1
160,1008.1,31.7,29.5,27.5,25.5,84.0,63.0,8.9,130.0,14.0
161,1007.5,32.0,30.1,29.0,25.6,84.0,88.0,1.5,220.0,29.2
162,1006.6,31.0,29.3,27.1,25.3,79.0,77.0,4.6,220.0,13.9
163,1006.9,32.2,29.0,27.6,25.3,82.0,78.0,6.6,220.0,14.5
164,1009.9,32.6,29.7,27.4,26.1,79.0,73.0,9.4,210.0,31.9
165,1007.9,33.0,30.1,27.8,25.8,78.0,67.0,10.6,220.0,14.5
166,1008.4,31.2,29.0,27.2,25.3,90.0,77.0,2.7,130.0,9.1
167,1007.2,33.2,29.6,26.9,25.0,85.0,88.0,2.4,240.0,25.1
168,1002.5,33.5,30.0,27.8,26.0,89.0,88.0,2.0,220.0,10.9
169,1006.3,29.1,27.9,26.6,25.8,89.0,88.0,0.5,230.0,20.9
170,1003.8,33.1,30.1,27.1,26.1,80.0,83.0,0.5,220.0,27.9
171,1002.8,33.7,30.0,26.1,24.7,89.0,78.0,2.1,220.0,9.2
172,1009.9,35.2,30.0,28.5,24.7,78.0,44.0,10.1,240.0,12.4
173,1006.8,31.6,29.2,27.3,25.3,86.0,86.0,1.0,80.0,31.2
174,1009.3,31.2,28.1,26.2,25.3,78.0,47.0,9.1,200.0,17.2
175,1007.5,32.8,30.1,28.0,25.6,79.0,72.0,7.1,220.0,30.3
176,1008.6,32.9,29.7,27.4,25.8,91.0,87.0,0.2,230.0,26.3
177,1008.4,32.0,29.4,27.5,26.2,82.0,84.0,6.4,230.0,16.9
178,1007.9,30.6,28.4,26.7,25.8,82.0,84.0,1.3,200.0,14.5
179,1006.8,31.2,29.0,26.1,25.4,80.0,88.0,1.2,190.0,26.4
180,1008.4,29.0,28.2,26.8,25.0,84.0,88.0,0.5,190.0,19.8
181,1010.6,31.1,28.9,26.7,25.6,84.0,84.0,4.4,190.0,16.5
182,1008.8,30.3,28.4,26.8,25.4,79.0,88.0,0.3,230.0,14.5
183,1006.7,31.2,28.4,26.8,25.2,79.0,78.0,4.4,220.0,16.3
184,1003.8,30.8,27.9,26.5,24.8,81.0,84.0,2.0,220.0,11.9
185,1008.5,32.0,30.7,28.4,25.8,77.0,72.0,7.7,220.0,10.0
186,1008.1,31.7,28.9,26.9,25.3,86.0,82.0,2.2,220.0,20.0
187,1008.9,31.2,28.2,26.8,26.0,87.0,83.0,3.0,220.0,14.3
188,1008.1,33.0,30.0,28.4,25.3,84.0,69.0,0.4,220.0,14.3
189,1008.4,33.0,30.0,28.1,25.5,81.0,51.0,6.9,220.0,18.0
190,1008.9,32.4,30.7,28.0,25.0,79.0,67.0,7.0,220.0,10.9
191,1006.9,33.3,30.3,26.7,26.4,79.0,88.0,3.0,200.0,20.5
192,1006.8,33.0,30.4,28.0,25.5,76.0,38.0,10.9,220.0,15.8
193,1008.1,33.9,30.0,28.0,26.4,84.0,61.0,9.1,160.0,8.6
194,1009.8,32.5,30.7,28.3,25.5,75.0,40.0,11.2,270.0,6.6
195,1005.9,34.1,30.2,28.1,25.5,78.0,41.0,8.3,10.0,13.6
196,1005.4,33.3,30.0,26.3,24.3,81.0,47.0,8.2,220.0,12.8
197,1006.5,32.7,30.3,28.3,24.1,74.0,61.0,10.0,200.0,23.5
198,1006.7,33.5,30.5,28.7,26.4,79.0,78.0,5.5,230.0,9.1
199,1001.0,32.9,30.2,28.2,25.8,78.0,38.0,11.1,230.0,16.3
200,1007.9,32.0,30.6,28.4,25.9,81.0,78.0,9.1,230.0,25.5
201,1011.4,31.2,28.3,26.3,25.3,80.0,43.0,9.5,220.0,9.8
202,1008.4,31.8,28.8,26.7,24.5,81.0,78.0,2.2,200.0,11.2
203,1008.1,32.4,29.0,26.5,26.3,84.0,83.0,6.7,190.0,15.3
204,1008.9,30.6,28.4,26.6,25.0,81.0,88.0,0.3,220.0,11.3
205,1008.9,29.4,27.2,26.6,25.6,89.0,83.0,0.3,180.0,10.0
206,1004.8,31.1,28.7,26.7,25.4,78.0,79.0,3.8,210.0,13.8
207,1004.2,31.2,28.0,26.5,25.9,89.0,84.0,0.3,220.0,17.3
208,1008.9,32.9,29.6,26.4,26.6,83.0,82.0,3.5,280.0,9.2
209,1008.1,30.6,28.6,26.3,25.3,82.0,87.0,2.0,200.0,20.5
210,1008.1,32.9,29.9,28.6,26.3,81.0,78.0,5.0,250.0,21.9
211,1006.5,30.6,27.4,24.9,25.0,84.0,88.0,2.1,190.0,21.9
212,1010.5,30.6,28.3,26.6,25.9,85.0,82.0,2.9,300.0,21.9
213,1008.4,32.7,30.4,28.1,25.2,74.0,43.0,10.0,300.0,13.8
214,1007.9,31.2,28.1,26.9,25.8,82.0,84.0,2.2,220.0,24.5
215,1008.3,33.0,30.0,27.4,24.2,75.0,43.0,9.3,220.0,23.2
216,1007.5,30.8,27.2,25.5,23.2,75.0,78.0,3.5,90.0,13.9
217,1005.6,31.6,28.3,26.4,25.4,81.0,84.0,2.5,220.0,23.7
218,1008.5,31.5,28.1,25.7,25.5,74.0,75.0,7.6,230.0,10.9
219,1007.8,30.1,28.1,26.1,25.1,84.0,83.0,2.5,230.0,20.3
220,1007.8,32.9,29.6,26.5,25.8,89.0,88.0,1.1,220.0,13.2
221,1005.9,28.6,26.8,25.4,25.4,90.0,88.0,0.5,230.0,19.2
222,1008.5,29.1,28.3,27.4,24.3,85.0,88.0,0.2,230.0,15.3
223,1005.9,31.8,28.8,26.7,25.0,79.0,67.0,6.7,240.0,7.3
224,1010.7,29.6,26.9,24.5,24.1,87.0,84.0,6.0,220.0,9.1
225,1012.0,29.6,27.1,25.8,23.8,76.0,50.0,8.8,60.0,14.3
226,1012.0,29.4,27.7,25.4,25.9,81.0,86.0,2.4,40.0,13.8
227,1011.6,33.7,29.1,26.9,23.2,85.0,84.0,5.8,230.0,11.0
228,1008.5,30.6,27.8,25.7,25.4,91.0,81.0,3.7,220.0,23.2
229,1007.3,31.8,28.1,24.5,25.4,85.0,88.0,0.6,230.0,11.7
230,1011.4,30.2,27.8,26.5,23.1,76.0,54.0,10.0,50.0,13.3
231,1010.6,30.8,28.1,26.1,25.8,84.0,58.0,9.9,100.0,29.0
232,1009.2,29.2,26.8,25.5,23.1,75.0,62.0,6.9,10.0,12.1
233,1010.9,28.6,26.1,25.4,23.4,89.0,87.0,0.3,40.0,11.7
234,1012.2,28.1,25.8,24.5,23.2,86.0,83.0,3.6,80.0,23.7
235,1011.4,31.4,28.1,26.8,23.7,75.0,56.0,10.0,70.0,32.5
236,1009.8,32.0,27.6,25.3,22.3,75.0,80.0,8.0,220.0,8.3
237,1013.0,30.4,28.7,26.4,25.3,83.0,79.0,2.0,220.0,29.8
238,1009.1,31.8,28.0,26.8,25.0,89.0,80.0,2.0,120.0,14.5
239,1013.6,28.1,26.0,25.1,22.2,79.0,51.0,2.0,80.0,17.5
240,1014.8,32.8,28.1,26.7,23.5,78.0,44.0,8.4,130.0,34.2
241,1014.4,31.3,28.1,26.0,23.3,82.0,88.0,0.2,230.0,22.9
242,1013.7,28.7,27.8,25.3,23.3,79.0,60.0,9.1,60.0,17.2
243,1013.3,29.3,27.9,25.0,25.8,83.0,84.0,3.1,110.0,9.6
244,1007.9,30.8,28.6,26.3,25.3,87.0,87.0,4.1,230.0,25.9
245,1008.1,31.1,28.1,26.2,24.5,79.0,62.0,7.7,60.0,12.5
246,1007.1,31.6,29.4,26.0,25.8,84.0,82.0,7.6,160.0,16.5
247,1005.8,30.3,27.5,25.9,22.1,77.0,86.0,1.2,220.0,11.7
248,1005.7,31.7,28.4,26.9,25.6,82.0,86.0,1.8,190.0,21.6
249,1007.6,30.6,27.4,26.4,25.3,78.0,47.0,10.0,220.0,9.2
250,1015.0,29.8,27.9,26.5,23.2,76.0,78.0,6.2,10.0,11.0
251,1014.8,31.2,28.4,26.8,26.1,86.0,77.0,3.8,30.0,12.6
252,1013.0,31.1,28.9,25.8,20.6,75.0,54.0,10.0,60.0,14.5
253,1007.7,32.0,29.1,26.7,25.0,75.0,78.0,2.3,10.0,17.2
254,1008.2,32.3,29.6,27.9,24.2,78.0,69.0,6.8,20.0,11.8
255,1010.2,29.2,27.0,25.7,25.4,79.0,67.0,4.5,80.0,44.7
256,1013.0,31.2,28.7,26.3,26.3,91.0,88.0,1.8,70.0,26.7
257,1015.1,30.3,27.7,24.7,25.6,81.0,69.0,2.6,90.0,25.1
258,1015.0,28.6,26.6,24.8,23.6,83.0,84.0,3.6,20.0,37.5
259,1013.5,28.9,26.5,24.8,20.6,76.0,54.0,4.5,80.0,16.7
260,1013.2,27.8,26.6,25.8,25.2,90.0,84.0,1.2,120.0,27.3
261,1004.9,28.4,26.2,24.7,24.4,84.0,83.0,3.6,20.0,29.8
262,1010.5,27.8,25.8,24.3,21.2,73.0,47.0,6.8,70.0,21.9
263,1017.0,28.9,25.5,24.5,23.4,82.0,66.0,2.0,70.0,34.2
264,1017.8,29.7,27.9,25.6,25.4,77.0,61.0,8.4,190.0,13.2
265,1016.4,28.7,25.6,20.5,24.7,84.0,88.0,3.1,80.0,37.9
266,1017.9,28.0,26.5,24.9,23.4,82.0,77.0,8.5,200.0,23.9
267,1008.3,22.5,20.8,19.6,18.6,73.0,21.0,10.0,60.0,38.3
268,1017.1,27.2,25.5,24.4,21.4,82.0,65.0,8.6,80.0,35.1
269,1010.3,27.8,25.4,23.7,23.5,89.0,89.0,0.1,60.0,50.6
270,1018.1,28.1,27.1,25.4,25.1,90.0,81.0,1.6,180.0,52.8
271,1017.7,28.8,26.4,24.5,16.9,79.0,43.0,9.3,80.0,24.4
272,1018.9,26.1,23.7,21.0,22.0,90.0,81.0,3.0,60.0,13.8
273,1014.8,24.5,23.1,22.7,22.9,90.0,94.0,0.0,30.0,50.7
274,1016.5,25.3,21.3,20.8,19.6,78.0,61.0,3.3,70.0,22.0
275,1016.4,28.4,26.1,25.1,23.0,85.0,84.0,6.0,80.0,15.2
276,1018.0,22.3,21.3,20.4,20.9,89.0,88.0,0.0,20.0,21.4
277,1016.0,27.4,24.9,22.2,20.3,81.0,78.0,5.8,90.0,35.3
278,1016.8,28.1,25.0,23.7,20.3,70.0,78.0,5.3,60.0,16.4
279,1017.1,29.2,25.7,23.4,19.4,78.0,65.0,8.8,60.0,27.3
280,1014.1,28.2,25.3,23.2,22.1,76.0,46.0,8.8,40.0,10.9
281,1017.7,28.2,25.6,23.4,21.6,82.0,70.0,7.6,80.0,10.0
282,1016.8,26.2,24.3,21.0,22.2,83.0,81.0,0.7,30.0,11.0
283,1019.5,27.9,25.8,24.7,23.1,83.0,88.0,0.9,80.0,10.2
284,1019.8,26.8,23.1,21.2,20.1,78.0,79.0,8.2,80.0,25.1
285,1020.6,26.3,24.3,22.5,19.3,70.0,47.0,7.1,20.0,28.3
286,1017.3,26.4,24.5,23.9,22.3,79.0,79.0,3.1,60.0,22.9
287,1019.5,25.3,23.7,22.3,18.8,79.0,83.0,3.5,70.0,15.3
288,1015.2,26.3,24.5,23.7,19.9,73.0,49.0,7.1,70.0,16.0
289,1014.9,26.3,23.3,20.1,17.4,75.0,83.0,3.0,40.0,22.0
290,1017.1,27.9,25.3,24.1,22.9,84.0,78.0,1.0,40.0,14.6
291,1017.1,26.0,24.9,22.3,22.2,81.0,84.0,2.4,70.0,12.0
292,1012.2,28.9,24.0,21.6,23.5,81.0,78.0,6.5,50.0,36.0
293,1012.5,26.3,25.7,24.4,22.8,76.0,66.0,3.2,80.0,24.9
294,1015.2,27.1,25.0,23.7,20.7,78.0,58.0,9.4,50.0,15.5
295,1017.1,25.1,24.7,23.1,21.4,85.0,81.0,0.0,80.0,25.9
296,1019.4,27.8,23.3,21.6,16.7,92.0,88.0,0.1,60.0,11.0
297,1014.7,28.4,25.5,24.0,23.4,89.0,84.0,3.1,60.0,19.8
298,1015.1,26.2,25.4,24.4,23.6,91.0,88.0,0.1,40.0,39.5
299,1016.1,29.7,26.3,24.1,23.1,86.0,70.0,5.0,70.0,16.0
300,1014.7,29.8,25.1,22.1,23.7,82.0,79.0,6.9,80.0,14.6
301,1015.2,27.8,25.5,24.4,23.6,86.0,88.0,1.2,50.0,8.7
302,1016.1,26.8,24.6,23.1,19.9,91.0,83.0,4.5,50.0,9.9
303,1017.1,29.9,25.6,24.4,19.3,93.0,88.0,0.4,40.0,9.1
304,1016.7,25.9,24.8,23.1,21.4,81.0,84.0,1.1,80.0,14.5
305,1015.3,28.9,26.6,23.5,23.5,85.0,88.0,2.0,80.0,9.8
306,1014.4,27.9,25.4,23.4,21.6,86.0,88.0,0.6,70.0,14.7
307,1015.1,26.2,25.5,23.6,20.5,91.0,81.0,0.8,40.0,16.4
308,1016.7,29.1,25.4,23.7,19.3,75.0,46.0,9.1,60.0,7.9
309,1017.5,25.3,21.6,19.7,19.6,82.0,84.0,0.1,70.0,43.8
310,1016.7,23.3,20.9,18.2,17.4,90.0,84.0,2.4,50.0,20.5
311,1014.5,22.4,19.3,17.6,13.5,67.0,72.0,6.1,70.0,35.3
312,1015.1,21.3,18.9,17.2,15.8,86.0,80.0,1.2,70.0,12.8
313,1020.8,21.4,19.9,17.2,12.9,73.0,82.0,2.4,20.0,39.5
314,1015.2,21.3,19.3,18.9,18.9,93.0,85.0,0.7,40.0,14.5
315,1017.9,20.5,20.4,19.9,18.1,88.0,83.0,3.1,70.0,22.9
316,1018.6,26.7,24.8,22.1,21.4,92.0,90.0,0.2,40.0,19.2
317,1018.7,23.2,22.5,20.0,20.4,93.0,93.0,0.5,70.0,38.3
318,1019.7,22.1,20.6,19.3,19.1,90.0,87.0,0.0,50.0,29.8
319,1018.9,19.2,20.9,19.2,19.4,78.0,38.0,5.7,80.0,36.0
320,1017.5,25.2,21.6,16.9,18.6,75.0,44.0,6.7,60.0,28.9
321,1017.7,19.0,17.7,16.9,15.5,77.0,82.0,0.5,70.0,35.8
322,1019.9,25.8,21.8,20.2,18.4,86.0,89.0,3.4,50.0,22.0
323,1018.7,20.9,17.0,16.5,14.0,90.0,59.0,4.9,10.0,14.2
324,1015.6,21.2,19.6,18.7,17.0,93.0,88.0,0.0,60.0,23.5
325,1019.9,24.7,20.8,19.2,17.3,77.0,53.0,5.0,20.0,11.8
326,1016.0,21.1,20.1,19.7,18.3,86.0,93.0,0.2,50.0,11.8
327,1017.1,24.5,18.4,17.2,16.0,65.0,60.0,6.8,60.0,35.3
328,1022.5,19.3,17.3,16.4,12.8,77.0,94.0,0.0,10.0,24.4
329,1022.9,20.1,18.4,16.5,12.3,73.0,17.0,3.1,40.0,41.3
330,1017.9,18.9,16.4,15.1,15.5,78.0,89.0,0.2,40.0,22.8
331,1024.4,18.8,14.8,12.4,8.5,75.0,43.0,9.1,20.0,39.5
332,1024.7,17.5,13.7,11.3,6.6,77.0,88.0,0.0,20.0,22.6
333,1021.4,17.3,13.3,12.9,11.1,87.0,80.0,0.2,30.0,27.3
334,1018.0,24.3,21.1,19.8,19.6,79.0,69.0,3.3,70.0,30.0
335,1021.1,21.2,18.8,16.4,16.6,67.0,75.0,5.1,50.0,35.8
336,1020.8,21.4,18.9,17.2,14.9,75.0,69.0,7.7,40.0,18.0
337,1023.8,17.6,15.2,14.8,11.4,76.0,49.0,3.9,70.0,35.1
338,1017.9,20.9,20.6,18.9,19.6,80.0,88.0,4.1,20.0,21.9
339,1021.2,21.0,19.2,17.4,16.5,82.0,88.0,0.2,50.0,20.9
340,1019.3,21.3,20.3,19.4,16.0,89.0,75.0,3.1,30.0,25.1
341,1020.7,18.1,17.2,16.9,7.9,75.0,55.0,6.8,30.0,33.4
342,1022.6,20.1,17.6,15.3,14.6,79.0,86.0,0.7,60.0,28.7
343,1020.2,17.2,14.6,12.8,8.1,79.0,87.0,1.8,60.0,32.9
344,1019.5,22.3,19.9,17.2,16.8,87.0,80.0,0.0,20.0,27.3
345,1022.0,16.2,15.2,13.5,9.8,88.0,88.0,0.1,20.0,28.4
346,1022.8,17.6,15.9,14.4,11.1,77.0,85.0,0.0,30.0,20.0
347,1018.0,17.5,16.3,15.3,14.6,92.0,85.0,1.3,40.0,11.8
348,1017.9,16.5,16.1,15.1,15.1,83.0,81.0,0.0,60.0,28.8
349,1022.4,21.3,18.9,16.6,12.9,79.0,70.0,7.9,50.0,19.2
350,1023.6,18.2,17.9,16.1,12.4,85.0,89.0,0.1,40.0,16.0
351,1019.0,21.8,18.3,15.8,13.2,89.0,88.0,0.2,40.0,22.5
352,1017.4,21.3,20.9,19.1,19.9,76.0,88.0,0.3,20.0,30.2
353,1017.7,20.9,19.3,18.9,18.1,83.0,81.0,0.3,70.0,25.1
354,1016.7,21.3,18.3,17.1,16.4,79.0,70.0,1.5,40.0,13.9
355,1020.6,18.7,17.3,16.5,15.0,75.0,81.0,1.5,60.0,25.9
356,1017.9,22.3,18.8,16.6,17.7,84.0,84.0,5.2,20.0,15.1
357,1020.3,18.9,16.1,15.3,14.7,75.0,91.0,0.0,70.0,27.4
358,1023.8,21.4,18.2,17.2,15.5,76.0,48.0,7.7,30.0,14.2
359,1016.8,21.1,18.8,17.2,18.0,97.0,95.0,0.0,40.0,16.0
360,1014.3,18.3,17.3,16.3,15.9,93.0,91.0,0.2,50.0,26.9
361,1012.5,21.0,19.9,18.4,18.0,95.0,95.0,0.0,60.0,36.0
362,1012.4,21.3,20.9,19.4,19.6,92.0,88.0,0.0,50.0,32.9
363,1022.2,17.6,16.5,15.7,13.8,76.0,97.0,0.0,60.0,29.8
364,1013.0,21.0,19.3,17.9,17.3,94.0,88.0,0.1,60.0,42.0
365,1012.2,17.1,16.1,14.6,14.7,93.0,96.0,0.2,30.0,20.0
366,1013.4,21.3,20.3,19.7,16.9,96.0,93.0,0.0,50.0,37.0
367,1012.0,20.8,17.6,15.7,4.8,75.0,88.0,3.8,40.0,29.6
368,1022.9,16.2,13.3,11.6,12.1,84.0,80.0,0.4,20.0,59.5
369,1022.4,12.1,13.8,11.2,2.7,75.0,68.0,6.0,70.0,27.6
370,1015.2,14.3,12.9,11.4,11.1,92.0,100.0,0.0,50.0,15.3
371,1015.2,17.2,13.7,10.0,12.2,92.0,94.0,0.0,50.0,27.4
372,1022.6,15.9,11.3,10.8,7.7,81.0,78.0,2.2,20.0,29.6
373,1019.5,14.3,13.7,11.6,11.2,92.0,100.0,0.0,20.0,28.2
374,1022.5,14.4,12.4,10.8,12.6,59.0,87.0,0.1,70.0,25.9
375,1025.6,16.7,12.9,9.6,11.3,75.0,84.0,1.3,60.0,30.2
376,1021.3,15.5,12.9,10.3,10.0,77.0,96.0,0.0,40.0,24.4
377,1024.3,17.4,13.6,11.8,8.6,72.0,100.0,0.0,10.0,39.3
378,1019.0,17.8,16.1,14.8,15.7,98.0,100.0,0.0,50.0,28.6
379,1022.2,16.5,13.1,11.5,9.7,52.0,60.0,5.3,40.0,13.6
380,1021.2,15.3,12.6,11.6,10.9,91.0,80.0,2.2,40.0,19.8
381,1026.4,19.2,14.6,12.6,11.4,72.0,19.0,10.2,20.0,16.5
382,1023.2,17.6,13.7,9.4,11.0,79.0,88.0,0.0,20.0,20.4
383,1034.6,11.2,10.4,7.0,3.4,77.0,95.0,0.0,40.0,16.0
384,1025.3,12.9,8.3,7.5,4.4,47.0,23.0,8.8,10.0,31.8
385,1020.6,18.6,17.3,15.8,13.0,92.0,92.0,0.0,20.0,23.7
386,1016.7,17.4,16.6,15.5,13.3,90.0,92.0,0.0,40.0,22.1
387,1027.4,21.6,18.8,16.3,17.3,65.0,46.0,7.1,60.0,12.8
388,1015.0,21.6,20.4,20.4,17.4,95.0,88.0,0.5,70.0,20.8
389,1014.8,22.3,21.2,20.9,19.5,91.0,86.0,0.7,50.0,19.8
390,1012.7,23.1,21.7,19.8,20.6,92.0,93.0,0.0,190.0,19.2
391,1019.8,24.7,22.2,20.6,20.8,89.0,86.0,1.6,110.0,15.3
392,1019.8,24.3,22.5,20.1,15.3,65.0,49.0,6.7,60.0,27.6
393,1017.8,24.9,20.9,19.6,18.9,82.0,83.0,2.2,50.0,17.5
394,1014.9,21.3,20.5,20.1,19.3,90.0,93.0,0.0,70.0,40.4
395,1014.8,21.4,19.3,17.1,17.2,91.0,80.0,0.6,20.0,23.5
396,1017.8,23.1,22.4,20.8,20.6,79.0,81.0,0.0,50.0,29.8
397,1022.6,19.6,16.6,14.7,8.3,79.0,95.0,0.2,80.0,28.8
398,1013.7,22.3,23.0,21.0,20.4,91.0,84.0,0.0,80.0,37.0
399,1024.1,20.5,17.4,15.4,2.3,77.0,43.0,10.2,40.0,15.1
400,1013.0,21.3,19.9,17.2,19.6,90.0,84.0,0.2,70.0,25.9
401,1017.3,24.9,21.6,20.0,18.0,85.0,88.0,0.4,40.0,40.4
402,1013.0,24.5,22.8,20.9,20.3,86.0,92.0,0.0,70.0,15.7
403,1015.3,21.9,20.2,19.4,17.8,78.0,83.0,0.0,40.0,20.0
404,1013.3,21.4,20.8,19.2,18.8,88.0,88.0,0.3,40.0,13.6
405,1020.8,19.6,17.3,15.7,10.5,87.0,88.0,2.4,30.0,40.8
406,1020.6,20.6,18.7,16.4,12.9,70.0,88.0,2.5,20.0,23.7
407,1021.2,24.7,18.9,15.6,9.6,77.0,46.0,8.5,20.0,41.3
408,1022.5,18.6,14.8,12.7,8.0,79.0,94.0,0.0,20.0,23.4
409,1016.9,15.9,13.4,11.6,11.2,85.0,89.0,0.0,210.0,38.3
410,1022.5,19.9,18.2,17.2,14.8,78.0,84.0,0.0,30.0,42.0
411,1019.9,21.5,19.1,18.2,18.6,81.0,81.0,1.1,50.0,7.9
412,1013.7,20.4,18.4,17.2,18.0,92.0,95.0,0.0,40.0,14.2
413,1015.4,20.9,18.6,16.8,16.8,81.0,85.0,2.2,70.0,11.7
414,1018.7,23.3,20.2,19.2,19.4,78.0,89.0,3.6,90.0,16.7
415,1017.1,15.2,13.6,11.7,10.0,90.0,100.0,0.0,50.0,27.4
416,1017.6,18.9,17.1,15.6,13.3,95.0,96.0,0.0,50.0,24.2
417,1016.0,21.2,19.9,17.1,16.3,93.0,96.0,0.0,50.0,28.9
418,1017.8,17.4,16.6,14.8,15.5,95.0,100.0,0.0,50.0,23.3
419,1017.1,16.6,16.5,15.9,15.9,95.0,96.0,0.0,40.0,20.5
420,1016.8,16.6,15.3,14.9,13.7,97.0,96.0,0.0,50.0,34.8
421,1012.2,20.4,18.6,17.1,16.6,84.0,83.0,0.4,100.0,15.8
422,1012.0,25.2,22.2,18.4,17.8,81.0,83.0,0.7,30.0,23.7
423,1014.6,16.8,15.5,14.6,15.5,97.0,100.0,0.0,40.0,20.9
424,1018.1,25.9,21.5,19.8,19.6,79.0,51.0,7.9,50.0,8.3
425,1014.6,25.4,21.6,19.4,17.2,81.0,81.0,4.7,80.0,20.2
426,1019.2,17.3,16.6,15.3,15.1,95.0,95.0,0.1,50.0,21.6
427,1019.7,16.5,15.0,12.9,15.5,98.0,100.0,0.0,80.0,40.8
428,1017.3,25.1,21.6,19.8,19.6,80.0,91.0,0.0,80.0,41.4
429,1014.8,16.7,15.5,14.4,12.2,93.0,100.0,0.0,70.0,30.2
430,1021.2,20.8,18.4,15.3,9.8,61.0,19.0,10.6,40.0,14.8
431,1015.2,20.9,19.3,17.2,16.8,86.0,80.0,2.4,50.0,22.5
432,1017.1,15.3,13.7,11.5,12.1,96.0,99.0,0.0,40.0,22.0
433,1022.5,18.7,16.6,14.4,12.1,74.0,40.0,9.1,40.0,16.4
434,1021.4,21.6,20.8,19.1,19.8,93.0,92.0,0.0,40.0,4.5
435,1020.6,20.3,18.9,17.6,15.9,74.0,49.0,9.5,40.0,9.2
436,1014.6,23.8,21.5,19.2,18.9,86.0,87.0,0.4,40.0,8.3
437,1016.0,25.3,22.9,20.4,18.7,75.0,51.0,9.5,70.0,41.4
438,1012.5,26.1,23.1,20.1,21.4,91.0,88.0,1.0,50.0,12.4
439,1017.5,20.6,19.5,18.6,18.6,87.0,75.0,3.9,30.0,20.0
440,1013.0,26.8,23.1,21.5,19.4,87.0,83.0,0.5,40.0,7.9
441,1013.0,25.8,23.5,21.6,20.6,82.0,81.0,0.2,80.0,16.7
442,1017.8,26.9,23.3,23.0,22.0,98.0,88.0,0.3,120.0,19.8
443,1013.4,27.8,24.4,23.1,22.1,87.0,88.0,1.6,40.0,13.0
444,1011.4,25.9,22.4,19.7,17.8,89.0,85.0,0.6,100.0,22.3
445,1011.1,24.9,22.3,20.4,18.0,91.0,86.0,0.1,40.0,18.6
446,1010.4,21.2,20.9,19.9,19.7,86.0,88.0,0.2,70.0,22.3
447,1006.5,21.3,18.4,16.1,14.3,86.0,81.0,2.9,60.0,29.8
448,1016.2,26.8,24.1,23.6,22.8,89.0,89.0,2.5,70.0,29.8
449,1014.4,26.7,25.4,24.4,23.0,82.0,20.0,10.0,70.0,13.0
450,1008.9,20.1,19.6,17.4,19.8,95.0,87.0,0.6,70.0,16.1
451,1011.5,21.7,18.9,16.3,19.4,83.0,88.0,0.3,80.0,28.4
452,1014.6,27.7,25.5,24.0,22.4,94.0,85.0,3.4,80.0,20.2
453,1011.2,25.9,23.1,20.6,20.9,86.0,82.0,1.0,70.0,34.0
454,1013.9,24.6,23.1,22.3,20.9,93.0,85.0,0.1,40.0,20.0
455,1012.5,28.4,25.5,23.1,22.9,93.0,88.0,0.4,30.0,21.6
456,1011.4,25.3,23.1,22.3,19.6,90.0,83.0,0.1,80.0,21.5
457,1013.2,27.8,25.7,23.2,23.4,90.0,88.0,1.2,190.0,20.4
458,1013.0,27.6,25.9,23.7,22.2,87.0,88.0,0.2,40.0,14.5
459,1012.5,23.1,22.2,20.4,19.9,91.0,88.0,0.0,40.0,24.4
460,1008.7,28.3,25.8,24.8,24.5,89.0,89.0,1.1,80.0,14.8
461,1012.4,28.9,25.5,24.1,23.2,96.0,88.0,1.6,80.0,25.1
462,1008.4,29.0,26.5,25.1,24.1,91.0,85.0,0.2,80.0,14.8
463,1016.5,28.8,26.5,24.5,23.1,79.0,83.0,2.6,230.0,20.4
464,1017.4,28.7,25.8,24.8,23.9,81.0,80.0,1.2,70.0,20.0
465,1012.5,28.7,25.8,24.0,22.0,76.0,81.0,3.9,80.0,12.8
466,1014.7,26.8,24.4,23.8,22.3,91.0,77.0,1.1,30.0,21.9
467,1012.4,26.2,25.5,24.0,21.4,82.0,85.0,2.2,80.0,33.0
468,1014.4,25.6,21.4,20.5,19.0,80.0,88.0,3.3,80.0,28.8
469,1008.4,29.1,27.1,25.0,25.1,92.0,88.0,0.6,230.0,13.0
470,1008.3,30.8,27.9,26.4,25.2,93.0,88.0,0.7,130.0,21.6
471,1009.5,29.6,27.9,25.3,24.7,83.0,88.0,3.5,180.0,16.9
472,1008.6,31.2,28.2,26.3,24.2,80.0,83.0,2.1,80.0,28.7
473,1008.4,29.1,26.9,25.0,25.3,85.0,82.0,2.2,40.0,9.5
474,1008.1,31.0,28.4,26.3,25.0,85.0,88.0,0.3,220.0,15.3
475,1011.7,29.9,26.2,25.3,21.3,88.0,81.0,6.8,260.0,15.9
476,1008.8,28.2,25.2,24.7,22.4,83.0,79.0,3.3,80.0,13.9
477,1008.3,28.4,26.6,25.4,24.7,84.0,88.0,1.0,190.0,15.4
478,1012.4,30.4,26.1,24.4,22.1,81.0,88.0,2.5,50.0,14.3
479,1012.2,26.5,24.9,21.1,19.5,79.0,79.0,6.6,90.0,18.2
480,1013.3,29.4,25.8,23.1,22.9,86.0,88.0,0.3,20.0,10.2
481,1012.0,26.5,24.4,23.3,22.2,90.0,88.0,0.6,80.0,37.5
482,1011.6,26.7,24.8,23.3,22.5,89.0,86.0,1.9,50.0,37.7
483,1012.0,27.8,25.5,23.9,23.2,89.0,85.0,4.6,70.0,25.1
484,1007.8,30.1,27.6,26.8,25.0,82.0,79.0,6.9,220.0,25.1
485,1012.4,26.4,24.9,24.5,22.5,93.0,88.0,0.6,230.0,28.4
486,1012.7,27.6,25.3,23.2,21.9,92.0,88.0,0.2,90.0,15.9
487,1007.9,29.6,26.8,25.8,24.8,86.0,88.0,0.2,220.0,34.3
488,1013.3,26.5,24.9,24.0,21.2,94.0,88.0,1.0,40.0,28.6
489,1011.0,31.0,28.2,26.1,23.8,93.0,74.0,2.0,25.0,28.4
490,1011.4,26.4,24.8,23.3,21.9,90.0,88.0,0.1,80.0,16.7
491,1008.6,28.2,25.4,24.0,22.0,87.0,82.0,3.8,90.0,22.0
492,1013.0,29.2,26.1,24.8,25.6,84.0,83.0,2.4,220.0,26.8
493,1007.1,30.4,27.8,24.1,25.7,87.0,88.0,0.9,230.0,13.2
494,1008.9,27.6,26.9,24.3,25.8,85.0,87.0,0.3,80.0,12.1
495,1008.9,29.7,27.8,26.9,25.9,87.0,81.0,1.6,190.0,9.8
496,1012.3,32.6,26.3,23.9,24.7,90.0,88.0,1.0,80.0,25.9
497,1007.9,31.0,29.1,26.6,25.0,78.0,88.0,6.8,220.0,22.0
498,1011.6,31.6,28.4,26.4,26.4,78.0,69.0,7.4,220.0,8.3
499,1006.5,33.3,29.0,27.8,26.0,79.0,72.0,8.5,230.0,30.2
500,1008.2,33.3,30.2,28.7,25.4,82.0,59.0,9.8,230.0,15.2
501,1007.8,32.9,29.0,27.8,26.4,81.0,78.0,8.8,220.0,17.2
502,1007.5,30.9,28.1,27.3,26.3,85.0,88.0,0.4,170.0,18.0
503,1008.8,31.9,28.6,26.4,25.2,89.0,88.0,0.7,220.0,24.2
504,1008.4,33.5,26.7,24.8,23.2,70.0,49.0,11.5,70.0,12.8
505,1006.1,32.7,29.4,27.6,26.7,88.0,84.0,2.3,230.0,31.9
506,1009.3,29.0,26.7,24.7,22.3,72.0,40.0,8.8,10.0,6.9
507,1008.9,32.3,30.3,27.1,25.4,78.0,54.0,10.4,220.0,23.2
508,1008.6,33.0,30.1,28.4,24.1,78.0,46.0,11.5,170.0,20.5
509,1004.8,31.1,28.6,26.9,25.8,89.0,88.0,0.3,230.0,30.5
510,1008.4,33.1,30.1,27.0,24.4,78.0,29.0,10.5,200.0,23.9
511,1004.2,31.8,28.2,26.1,24.8,84.0,74.0,6.7,220.0,11.2
512,1008.9,29.6,27.2,25.8,25.4,70.0,78.0,4.1,250.0,9.1
513,1009.9,30.8,28.2,24.5,26.7,86.0,88.0,1.5,220.0,17.2
514,1009.8,32.1,29.0,28.7,25.4,79.0,70.0,8.7,230.0,43.8
515,1008.6,34.0,30.3,27.8,24.3,74.0,25.0,10.5,250.0,9.1
516,1008.4,33.0,30.6,28.2,25.6,81.0,60.0,7.8,10.0,43.8
517,1009.8,32.0,29.8,28.5,25.3,76.0,20.0,10.2,220.0,35.3
518,1007.8,34.0,30.1,28.1,25.9,78.0,55.0,10.2,200.0,9.1
519,1008.5,32.0,30.2,28.1,26.3,75.0,40.0,9.0,270.0,16.2
520,1006.3,28.4,27.9,26.2,25.4,90.0,83.0,0.0,230.0,20.0
521,1009.6,31.9,30.2,28.7,25.0,93.0,80.0,0.4,190.0,39.7
522,1006.5,33.8,30.0,27.4,23.1,80.0,49.0,11.2,20.0,26.1
523,1009.8,30.0,27.9,26.4,26.7,87.0,83.0,2.6,220.0,38.0
524,1005.7,33.0,30.0,28.4,25.9,80.0,88.0,1.0,220.0,12.8
525,1005.1,33.3,30.5,28.0,26.0,86.0,84.0,4.6,220.0,21.9
526,1008.1,33.3,30.6,27.8,24.8,78.0,68.0,9.6,220.0,11.0
527,1006.8,35.4,31.0,27.0,26.4,78.0,53.0,7.8,230.0,14.3
528,1007.9,33.2,30.8,28.1,24.8,79.0,60.0,9.7,80.0,22.6
529,1007.9,35.3,31.0,28.0,26.0,72.0,28.0,10.1,220.0,24.9
530,1008.1,32.2,29.1,26.1,26.1,80.0,72.0,7.8,230.0,18.4
531,1008.5,32.3,29.6,27.4,25.0,76.0,74.0,6.6,220.0,20.0
532,1008.3,32.4,29.9,28.0,24.7,75.0,48.0,10.0,240.0,11.3
533,1005.4,30.6,27.5,26.4,25.9,89.0,88.0,2.3,240.0,15.2
534,1003.2,32.4,29.4,27.6,26.2,79.0,84.0,6.2,230.0,9.6
535,1008.0,32.9,30.1,29.0,25.9,74.0,30.0,8.6,240.0,22.5
536,1000.2,33.6,30.5,28.2,26.3,78.0,61.0,9.0,80.0,13.6
537,1008.1,31.0,28.6,27.8,26.2,92.0,86.0,0.3,160.0,12.5
538,1008.1,33.8,30.6,27.2,25.2,84.0,85.0,2.0,190.0,12.8
539,1008.9,32.3,29.0,27.0,26.0,86.0,88.0,1.0,230.0,19.7
540,1008.6,32.2,29.0,26.4,25.3,82.0,79.0,1.4,220.0,13.3
541,1008.1,30.6,28.2,24.8,25.8,89.0,85.0,0.3,190.0,17.3
542,1008.9,31.6,29.1,27.2,25.2,88.0,88.0,0.3,220.0,15.8
543,1009.9,33.0,30.4,29.0,26.0,82.0,67.0,7.7,230.0,30.2
544,1007.2,30.9,28.9,26.4,25.9,85.0,85.0,1.0,220.0,11.8
545,1009.5,30.9,28.0,26.1,25.7,86.0,84.0,1.7,250.0,11.8
546,1008.5,33.3,30.2,26.8,25.1,77.0,72.0,10.4,220.0,14.8
547,1008.1,33.3,30.0,28.4,26.0,79.0,84.0,3.5,220.0,27.3
548,1007.8,31.2,29.4,28.2,25.8,84.0,87.0,0.3,240.0,14.2
549,1008.0,32.0,29.7,28.4,24.9,72.0,70.0,9.1,230.0,12.5
550,1010.3,33.2,29.0,26.5,24.8,77.0,55.0,10.0,270.0,14.6
551,1008.6,31.3,29.0,27.0,25.4,84.0,83.0,3.2,230.0,8.9
552,1007.8,32.4,30.0,27.9,26.3,75.0,67.0,10.1,220.0,14.5
553,1008.5,32.8,29.2,26.4,25.4,84.0,83.0,8.1,230.0,15.4
554,1005.9,34.0,30.6,28.4,25.8,78.0,73.0,10.7,210.0,12.7
555,1009.1,32.9,30.1,28.1,25.7,79.0,72.0,6.0,200.0,9.5
556,1007.7,31.8,28.2,26.6,24.8,81.0,88.0,1.3,50.0,12.8
557,1008.2,33.3,30.6,27.6,25.3,77.0,79.0,10.2,230.0,20.0
558,1008.5,33.7,30.2,28.7,24.6,72.0,44.0,6.0,230.0,13.9
559,1008.1,33.4,30.8,28.0,25.3,74.0,29.0,9.1,240.0,14.2
560,1008.9,32.8,30.1,28.9,24.3,78.0,21.0,11.1,210.0,11.1
561,1009.3,33.2,30.4,28.4,24.3,75.0,53.0,10.0,220.0,10.3
562,1006.9,32.6,30.2,28.0,24.4,82.0,62.0,11.1,220.0,16.9
563,1008.9,32.3,29.1,27.0,24.1,78.0,57.0,10.3,220.0,16.2
564,1009.2,33.4,30.1,27.9,25.2,71.0,35.0,11.2,110.0,12.0
565,1007.8,36.0,30.0,28.1,25.9,79.0,78.0,10.6,200.0,12.0
566,1011.0,31.2,28.8,26.8,25.0,75.0,53.0,8.3,220.0,6.9
567,1008.4,33.0,29.1,25.3,24.8,74.0,47.0,10.1,20.0,12.6
568,1009.1,32.8,30.0,29.2,24.6,74.0,53.0,8.2,290.0,25.1
569,1008.8,31.3,29.2,26.4,24.3,67.0,46.0,8.1,230.0,18.1
570,1008.9,30.8,27.3,26.3,25.8,85.0,83.0,1.6,220.0,6.1
571,1009.5,32.0,29.1,26.4,25.1,70.0,43.0,10.3,180.0,13.0
572,1005.3,35.8,31.1,26.7,26.0,77.0,49.0,9.5,220.0,21.5
573,1008.9,33.2,29.1,26.6,24.1,71.0,46.0,6.4,230.0,9.5
574,1008.9,33.2,29.6,27.8,26.1,81.0,78.0,3.1,190.0,6.1
575,1009.8,31.7,29.8,26.8,24.3,84.0,67.0,3.0,120.0,10.2
576,1008.6,31.9,28.7,26.3,25.9,86.0,88.0,1.2,230.0,21.6
577,1005.6,31.7,29.8,26.8,26.0,80.0,80.0,0.9,130.0,24.8
578,1008.5,29.0,27.8,26.0,25.8,89.0,88.0,0.9,70.0,17.5
579,1007.5,33.4,30.7,27.3,26.1,79.0,83.0,2.8,220.0,23.9
580,1005.9,30.7,27.9,26.6,24.3,84.0,78.0,7.6,220.0,14.8
581,1003.5,30.6,27.9,26.2,23.6,82.0,84.0,1.5,80.0,12.0
582,1005.9,30.6,28.0,26.3,23.3,77.0,47.0,8.8,130.0,10.2
583,1005.8,31.2,28.0,25.4,24.1,76.0,53.0,9.5,10.0,12.9
584,1000.2,33.1,30.4,27.3,25.9,77.0,43.0,9.3,60.0,10.2
585,1007.5,33.1,29.8,27.4,26.0,79.0,77.0,2.3,190.0,9.5
586,1007.8,28.1,26.7,25.0,24.2,84.0,67.0,6.5,270.0,15.3
587,1008.1,33.2,30.0,28.1,25.9,78.0,69.0,8.7,220.0,11.1
588,1008.4,32.3,29.0,27.8,25.8,82.0,67.0,7.7,110.0,14.5
589,1008.9,32.8,30.6,27.3,24.5,81.0,88.0,6.8,220.0,7.9
590,1011.7,31.0,28.4,26.6,26.0,76.0,69.0,5.3,250.0,12.8
591,1012.5,33.0,30.2,28.4,24.2,75.0,44.0,9.1,20.0,9.1
592,1010.7,30.4,27.4,25.3,25.3,87.0,88.0,0.1,130.0,17.5
593,1011.5,29.1,26.8,24.8,23.2,81.0,88.0,1.1,100.0,15.3
594,1011.1,33.1,29.8,28.2,25.3,84.0,47.0,7.6,240.0,18.6
595,1008.1,34.0,30.4,28.0,25.5,82.0,80.0,4.3,220.0,28.5
596,1011.4,31.7,28.9,25.2,23.1,74.0,32.0,9.1,10.0,11.9
597,1010.5,28.3,26.1,25.9,23.5,86.0,88.0,1.6,60.0,22.4
598,1007.8,33.1,30.0,28.3,25.9,81.0,70.0,7.2,220.0,24.5
599,1008.5,28.5,26.5,24.5,24.6,91.0,85.0,5.7,190.0,8.9
600,1008.0,30.4,26.2,24.8,22.0,84.0,30.0,7.7,220.0,12.1
601,1006.7,31.0,28.1,26.5,25.0,80.0,88.0,0.6,230.0,40.0
602,1007.0,29.1,27.9,26.5,25.9,87.0,67.0,6.3,80.0,37.5
603,1010.9,30.8,26.5,24.8,21.5,79.0,49.0,6.4,200.0,22.5
604,1013.3,30.8,27.0,25.3,21.4,73.0,49.0,9.5,80.0,22.9
605,1009.6,32.0,29.4,27.0,25.8,72.0,46.0,11.0,200.0,27.3
606,1010.5,29.8,26.1,24.7,23.4,76.0,86.0,1.4,220.0,24.4
607,1008.3,27.7,26.8,25.5,25.3,87.0,85.0,0.3,180.0,9.9
608,1010.5,29.4,26.5,24.8,23.2,86.0,84.0,2.5,90.0,9.2
609,1010.8,31.2,28.0,26.8,23.8,78.0,46.0,8.1,80.0,16.6
610,1010.5,29.8,27.9,26.3,23.9,84.0,56.0,6.9,220.0,9.5
611,1011.5,32.2,28.3,26.3,23.2,72.0,28.0,4.9,80.0,16.9
612,1005.7,31.2,29.1,27.0,25.1,84.0,77.0,3.9,220.0,26.3
613,1008.4,30.2,28.1,26.9,26.3,82.0,88.0,1.2,70.0,28.5
614,1009.8,31.1,28.0,26.5,25.8,79.0,81.0,3.2,220.0,40.4
615,1005.7,32.8,29.1,27.9,26.1,79.0,30.0,7.2,230.0,38.0
616,1014.5,30.1,28.2,26.6,20.4,79.0,46.0,10.3,70.0,31.8
617,1008.9,32.8,29.8,27.3,24.3,82.0,62.0,2.5,230.0,16.5
618,1006.1,32.4,29.4,26.6,24.9,81.0,78.0,7.8,230.0,27.1
619,1005.5,31.5,29.8,26.8,25.8,75.0,38.0,11.0,70.0,13.1
620,1011.6,30.8,27.6,25.9,23.2,81.0,81.0,3.8,40.0,44.7
621,1013.9,32.0,28.1,26.2,25.3,87.0,89.0,2.2,200.0,25.0
622,1006.8,31.3,29.7,28.1,26.1,93.0,93.0,0.5,110.0,39.5
623,1005.9,29.2,27.3,24.5,25.0,93.0,94.0,0.0,220.0,28.0
624,1010.3,28.7,26.2,25.6,21.6,89.0,93.0,0.6,80.0,12.1
625,1011.4,30.7,27.4,24.5,22.0,82.0,60.0,8.3,280.0,12.7
626,1006.3,28.5,26.3,25.2,25.4,85.0,84.0,0.6,290.0,38.3
627,1012.5,31.3,28.3,25.8,19.9,61.0,47.0,7.9,50.0,8.7
628,1015.7,29.0,26.9,24.8,20.0,76.0,49.0,10.8,60.0,14.3
629,1015.5,30.6,28.5,26.4,25.4,77.0,62.0,8.9,130.0,30.0
630,1013.7,25.2,24.9,23.6,23.5,97.0,88.0,1.2,100.0,41.4
631,1016.3,26.4,25.9,24.7,21.9,94.0,95.0,0.2,70.0,26.4
632,1013.2,29.8,25.1,23.1,20.6,74.0,20.0,8.6,70.0,20.5
633,1014.6,26.3,24.8,23.4,19.9,76.0,20.0,10.1,70.0,26.5
634,1012.9,30.8,26.1,23.2,20.6,74.0,44.0,9.3,80.0,17.2
635,1013.0,27.3,25.4,23.2,19.6,77.0,51.0,9.8,60.0,16.4
636,1010.9,25.5,23.8,21.6,20.2,81.0,61.0,5.9,40.0,21.9
637,1018.2,30.6,24.2,20.6,18.7,70.0,53.0,8.0,70.0,36.0
638,1010.3,24.9,20.7,19.1,19.9,70.0,86.0,3.4,20.0,40.0
639,1016.3,30.2,27.5,25.4,24.0,85.0,88.0,0.3,20.0,10.9
640,1017.8,26.6,25.4,24.8,22.3,79.0,82.0,2.4,80.0,27.9
641,1016.7,26.9,24.8,23.5,22.4,83.0,81.0,0.3,80.0,22.2
642,1014.9,26.9,25.4,24.8,21.6,79.0,77.0,5.9,160.0,22.2
643,1015.0,28.8,25.8,23.9,20.9,82.0,75.0,5.3,120.0,12.8
644,1017.0,26.9,24.7,23.3,20.6,82.0,88.0,1.5,70.0,15.7
645,1012.4,25.6,22.3,20.3,19.4,70.0,60.0,8.8,70.0,20.8
646,1011.4,24.7,22.3,20.1,18.8,77.0,51.0,3.4,20.0,24.9
647,1017.6,26.4,24.5,23.4,22.9,81.0,81.0,1.4,80.0,37.0
648,1010.3,26.6,24.1,23.3,19.9,80.0,58.0,5.7,30.0,23.7
649,1020.8,28.4,25.8,23.3,19.5,75.0,72.0,7.7,90.0,14.1
650,1012.4,25.0,23.1,20.6,21.4,81.0,76.0,7.7,70.0,27.4
651,1016.2,28.0,25.9,24.0,22.3,83.0,77.0,7.7,80.0,30.3
652,1010.5,26.1,25.8,24.5,20.6,79.0,67.0,8.5,50.0,13.0
653,1016.6,26.2,26.8,23.2,20.4,79.0,69.0,5.0,40.0,22.4
654,1013.4,29.1,23.5,21.0,19.9,82.0,74.0,6.4,30.0,25.1
655,1019.4,28.1,25.9,24.5,20.9,85.0,58.0,7.8,70.0,21.6
656,1017.8,30.0,26.8,25.5,23.6,84.0,67.0,6.7,100.0,11.1
657,1012.6,28.5,26.5,23.1,21.3,84.0,72.0,6.6,30.0,25.0
658,1017.8,25.9,24.7,22.2,21.8,85.0,88.0,2.7,50.0,39.5
659,1015.2,29.5,26.7,24.1,22.1,76.0,48.0,7.8,60.0,15.1
660,1017.4,26.3,23.1,21.5,20.6,85.0,81.0,0.4,70.0,28.2
661,1019.0,26.1,23.1,21.1,17.1,87.0,87.0,0.7,50.0,28.6
662,1017.7,26.6,25.8,24.1,21.4,89.0,88.0,1.2,80.0,23.3
663,1015.0,28.4,25.4,23.7,20.6,90.0,81.0,2.0,70.0,15.3
664,1017.6,26.8,24.8,21.4,22.3,88.0,88.0,0.5,70.0,23.9
665,1018.1,25.9,24.7,23.3,21.4,86.0,80.0,3.9,70.0,16.5
666,1017.8,26.6,24.8,23.3,22.5,86.0,84.0,1.0,70.0,15.3
667,1015.5,29.5,26.2,24.8,23.3,84.0,88.0,3.6,70.0,9.0
668,1018.9,28.9,25.4,24.3,22.6,90.0,78.0,4.5,80.0,15.3
669,1019.7,25.9,24.9,22.7,22.0,89.0,84.0,1.1,80.0,26.1
670,1014.5,27.2,25.3,24.0,21.4,82.0,66.0,6.3,80.0,29.6
671,1017.6,27.6,25.4,24.0,23.0,89.0,86.0,2.3,80.0,17.2
672,1014.6,26.9,25.4,24.8,21.4,82.0,85.0,1.2,50.0,16.9
673,1016.4,26.6,24.4,22.1,17.6,76.0,78.0,5.8,70.0,8.3
674,1020.6,25.2,21.3,19.2,17.8,75.0,59.0,5.1,20.0,20.0
675,1021.6,25.3,22.0,22.6,19.4,83.0,84.0,0.5,60.0,11.9
676,1016.2,21.3,19.3,18.9,18.6,79.0,85.0,0.0,40.0,28.7
677,1021.1,21.1,19.9,18.7,16.4,75.0,88.0,0.9,40.0,16.2
678,1017.5,21.1,20.9,19.2,18.8,91.0,88.0,0.0,50.0,31.8
679,1016.4,21.9,18.6,18.8,15.4,76.0,88.0,8.6,70.0,26.8
680,1018.2,24.9,21.1,20.4,17.9,87.0,84.0,4.4,40.0,27.0
681,1016.5,22.8,19.1,18.5,17.6,91.0,88.0,0.2,40.0,9.8
682,1017.5,21.9,19.2,17.7,17.2,93.0,93.0,0.4,70.0,21.9
683,1019.0,22.9,20.8,18.4,16.0,75.0,43.0,9.3,20.0,26.8
684,1020.0,19.3,18.1,17.1,16.9,88.0,80.0,3.3,60.0,24.0
685,1020.3,21.3,19.9,17.2,15.5,75.0,66.0,3.3,20.0,23.3
686,1018.1,22.4,20.5,19.4,16.0,83.0,89.0,0.6,20.0,15.7
687,1020.6,18.9,17.7,16.9,12.9,75.0,95.0,0.0,10.0,26.1
688,1019.1,20.9,17.2,15.6,16.1,91.0,85.0,0.1,30.0,15.4
689,1016.8,21.6,20.5,19.8,18.0,95.0,87.0,0.0,50.0,21.4
690,1015.9,18.9,17.7,16.9,17.2,95.0,95.0,0.0,60.0,40.0
691,1020.9,24.7,22.3,20.2,17.3,75.0,43.0,9.5,60.0,20.4
692,1018.2,22.2,20.9,18.0,18.7,81.0,78.0,2.2,60.0,10.3
693,1017.0,22.9,20.6,18.3,16.6,77.0,78.0,0.4,60.0,23.7
694,1020.9,17.4,16.6,15.5,13.7,78.0,89.0,1.0,40.0,22.5
695,1025.3,17.5,13.2,11.6,8.4,78.0,87.0,3.0,20.0,20.5
696,1020.1,18.8,15.3,13.4,6.2,80.0,88.0,0.5,10.0,21.6
697,1023.4,18.2,14.7,12.3,9.9,79.0,88.0,0.4,10.0,39.3
698,1021.2,17.4,15.2,14.1,13.6,84.0,83.0,3.3,40.0,30.6
699,1020.8,17.7,16.1,14.6,12.9,79.0,81.0,1.1,60.0,29.8
700,1022.3,18.0,13.7,11.9,3.8,75.0,74.0,9.1,20.0,21.9
701,1023.4,16.6,15.8,13.7,11.9,77.0,77.0,2.5,70.0,25.2
702,1021.1,17.3,18.0,16.1,16.1,70.0,86.0,3.0,40.0,14.8
703,1017.9,17.6,17.5,16.1,15.5,86.0,88.0,0.0,70.0,41.3
704,1022.5,19.2,17.7,15.2,12.1,76.0,86.0,0.4,20.0,29.0
705,1019.7,16.7,15.6,14.8,14.8,90.0,90.0,0.0,50.0,27.3
706,1017.7,17.5,16.4,15.6,15.5,93.0,95.0,0.3,60.0,25.9
707,1018.7,16.3,15.4,14.4,12.7,79.0,88.0,0.0,10.0,30.2
708,1018.1,23.2,19.6,17.2,15.0,72.0,19.0,8.4,50.0,9.8
709,1016.7,22.3,18.4,16.5,15.5,85.0,90.0,1.0,30.0,29.8
710,1020.8,15.7,13.9,11.8,10.9,86.0,88.0,0.1,20.0,24.8
711,1017.1,17.3,16.3,15.3,15.4,90.0,87.0,0.1,80.0,18.0
712,1023.9,17.6,15.2,11.5,13.6,93.0,88.0,0.2,40.0,17.3
713,1022.7,15.8,15.2,14.0,11.4,89.0,88.0,0.3,70.0,39.5
714,1016.1,22.9,22.0,20.0,19.8,82.0,81.0,5.1,60.0,35.3
715,1019.4,17.3,15.0,14.5,15.6,79.0,89.0,0.0,50.0,27.1
716,1017.8,21.3,19.3,17.8,18.1,81.0,86.0,2.2,20.0,18.2
717,1024.0,21.0,18.8,17.9,13.9,91.0,88.0,0.5,40.0,12.8
718,1016.4,22.3,18.2,17.4,15.5,95.0,88.0,0.0,40.0,28.4
719,1016.7,19.6,18.9,17.2,16.5,83.0,81.0,0.6,80.0,38.3
720,1019.4,20.6,18.5,16.5,16.4,75.0,90.0,0.1,50.0,38.0
721,1023.1,20.1,20.0,17.8,16.9,76.0,87.0,2.6,40.0,20.5
722,1022.9,21.3,19.0,17.0,12.6,74.0,61.0,2.2,70.0,36.0
723,1021.1,17.6,16.3,15.2,13.9,79.0,88.0,0.1,50.0,39.3
724,1019.4,16.8,15.5,15.4,15.0,96.0,95.0,0.0,50.0,24.2
725,1020.6,18.1,17.3,16.5,14.6,91.0,88.0,0.0,20.0,33.4
726,1016.6,17.2,17.2,16.6,16.4,91.0,88.0,0.0,60.0,38.0
727,1020.8,18.1,15.2,13.8,12.6,78.0,91.0,0.2,30.0,20.2
728,1019.7,17.7,16.1,15.3,12.9,79.0,88.0,0.0,80.0,38.3
729,1016.8,20.4,18.5,17.4,18.2,77.0,97.0,0.1,40.0,43.8
730,1016.8,20.5,18.1,17.7,16.9,96.0,91.0,0.0,50.0,48.0
731,1019.9,16.6,15.5,14.4,12.4,92.0,100.0,0.0,40.0,37.0
732,1013.5,23.2,18.0,17.5,16.0,79.0,81.0,0.0,60.0,55.5
733,1014.9,18.6,17.3,16.9,16.8,95.0,95.0,0.0,20.0,59.5
734,1024.4,11.3,11.4,10.4,8.6,77.0,88.0,0.0,20.0,39.3
735,1021.6,14.3,13.7,11.8,11.1,67.0,91.0,0.0,20.0,59.5
736,1024.1,15.4,13.8,10.0,11.7,58.0,67.0,5.6,60.0,25.2
737,1018.9,15.0,13.6,12.7,11.2,96.0,100.0,0.0,20.0,29.0
738,1024.1,15.5,13.5,11.1,11.6,86.0,78.0,0.6,20.0,21.6
739,1014.5,16.3,14.7,11.8,11.6,87.0,100.0,0.0,20.0,29.8
740,1027.1,18.5,15.4,13.7,10.1,75.0,89.0,0.0,60.0,39.5
741,1017.7,17.0,16.6,14.8,15.7,93.0,100.0,0.0,70.0,30.3
742,1016.8,15.8,15.3,14.6,13.3,79.0,94.0,0.0,70.0,39.5
743,1022.4,18.5,16.5,15.3,12.1,76.0,88.0,0.0,50.0,29.6
744,1019.9,20.6,17.2,16.1,15.9,97.0,99.0,0.0,40.0,20.4
745,1020.9,18.6,17.2,15.4,12.7,75.0,19.0,3.9,30.0,42.0
746,1021.5,12.5,8.5,4.7,2.0,75.0,69.0,4.3,20.0,19.8
747,1023.9,19.5,16.4,15.4,9.8,72.0,11.0,10.2,20.0,28.6
748,1024.1,19.8,16.6,14.4,7.2,62.0,29.0,10.2,60.0,24.9
749,1021.6,20.3,16.1,14.3,13.2,76.0,19.0,10.2,10.0,55.5
750,1022.3,18.0,16.5,14.6,15.5,86.0,91.0,1.0,50.0,14.8
751,1023.9,20.3,17.3,16.4,14.7,74.0,43.0,10.2,30.0,14.1
752,1024.7,22.4,17.7,15.4,10.1,49.0,19.0,10.2,60.0,40.0
753,1014.6,23.8,19.4,17.2,16.8,63.0,81.0,2.4,10.0,39.5
754,1013.4,20.9,19.0,17.1,19.3,96.0,100.0,0.0,50.0,16.7
755,1014.8,25.3,21.7,18.4,18.0,86.0,80.0,3.4,40.0,14.7
756,1020.6,24.8,19.1,17.2,16.6,75.0,57.0,5.3,70.0,33.5
757,1013.6,22.7,21.9,19.1,19.2,90.0,88.0,1.0,40.0,25.1
758,1020.4,15.5,15.4,14.1,12.0,93.0,88.0,1.4,70.0,24.4
759,1021.4,14.5,12.9,10.5,4.3,70.0,19.0,2.3,20.0,21.3
760,1017.5,22.7,21.5,20.1,20.8,93.0,88.0,0.0,20.0,35.8
761,1023.6,15.1,13.7,11.5,11.8,89.0,95.0,0.0,40.0,18.2
762,1020.4,17.2,16.2,15.6,11.0,69.0,46.0,9.5,20.0,24.4
763,1025.6,20.3,18.1,17.9,16.0,76.0,83.0,0.4,50.0,26.1
764,1017.8,20.6,18.7,17.1,16.7,79.0,84.0,1.2,40.0,21.9
765,1022.7,15.4,13.3,11.4,9.7,79.0,88.0,0.0,20.0,25.2
766,1026.5,15.0,13.6,11.2,6.4,69.0,88.0,0.2,20.0,32.2
767,1020.6,21.2,18.2,17.3,14.6,79.0,83.0,2.2,20.0,17.3
768,1017.1,22.3,20.7,17.2,18.0,82.0,87.0,1.0,50.0,24.9
769,1025.4,19.7,17.7,15.8,13.3,75.0,78.0,3.3,40.0,16.0
770,1018.9,21.6,18.0,17.6,15.9,78.0,82.0,0.0,50.0,12.7
771,1014.2,20.7,17.3,16.5,14.4,78.0,88.0,0.6,30.0,25.1
772,1015.1,25.5,21.6,20.6,19.4,78.0,68.0,9.8,80.0,14.8
773,1024.3,21.1,17.8,15.3,9.4,76.0,59.0,10.4,30.0,25.5
774,1018.6,20.8,18.8,18.3,17.3,78.0,55.0,6.9,50.0,8.6
775,1017.9,20.6,18.5,16.9,15.0,85.0,91.0,0.1,70.0,33.0
776,1018.6,17.0,16.6,15.3,14.5,93.0,91.0,0.9,20.0,20.5
777,1016.3,17.4,15.3,14.8,14.4,95.0,91.0,0.0,40.0,29.8
778,1019.9,17.5,16.5,15.5,15.6,95.0,91.0,0.0,60.0,34.0
779,1024.4,17.3,15.5,13.7,13.7,78.0,88.0,1.0,20.0,10.2
780,1015.2,17.1,16.6,15.9,15.9,95.0,100.0,0.0,50.0,21.8
781,1018.4,18.4,17.5,15.0,16.5,93.0,96.0,0.0,60.0,38.0
782,1019.4,23.6,20.4,18.9,9.9,79.0,48.0,10.3,20.0,23.9
783,1016.6,25.8,21.6,16.6,15.1,90.0,85.0,0.6,60.0,24.8
784,1020.4,17.1,15.5,14.8,8.2,79.0,79.0,0.2,20.0,23.3
785,1023.4,15.2,13.3,11.4,8.4,77.0,91.0,0.8,40.0,28.6
786,1012.2,21.3,18.9,18.8,18.6,92.0,96.0,0.0,50.0,11.1
787,1012.0,17.6,17.5,16.5,15.5,97.0,88.0,0.2,70.0,15.7
788,1012.0,18.0,17.3,16.3,16.1,76.0,86.0,3.7,20.0,31.7
789,1014.8,21.4,20.5,19.5,15.5,76.0,78.0,6.2,60.0,25.2
790,1013.4,24.0,21.8,19.6,19.8,79.0,76.0,0.0,40.0,11.2
791,1012.2,21.3,20.6,19.0,19.0,90.0,84.0,0.0,40.0,9.4
792,1018.4,21.3,19.1,17.2,18.9,98.0,100.0,0.0,50.0,8.1
793,1015.2,19.3,18.7,17.4,17.3,93.0,88.0,2.4,80.0,17.3
794,1021.8,21.9,19.2,17.4,15.7,82.0,82.0,3.1,50.0,21.4
795,1017.5,23.0,20.8,19.8,16.4,75.0,83.0,0.0,40.0,22.6
796,1020.6,18.8,19.9,17.1,16.0,79.0,95.0,0.0,30.0,19.3
797,1020.3,21.2,20.8,19.1,16.4,78.0,88.0,0.0,20.0,25.0
798,1012.7,23.5,21.5,19.8,18.8,91.0,88.0,0.0,50.0,23.9
799,1020.6,21.2,19.3,17.2,16.9,91.0,74.0,1.6,50.0,20.5
800,1017.1,18.6,17.7,16.9,15.0,79.0,91.0,0.0,70.0,38.0
801,1016.0,24.4,22.1,19.8,17.6,87.0,74.0,2.3,20.0,10.2
802,1019.4,21.3,20.7,20.9,18.3,81.0,88.0,0.0,30.0,12.1
803,1013.2,25.2,23.2,21.0,9.2,59.0,70.0,6.7,40.0,18.0
804,1013.1,25.9,23.1,21.0,21.4,93.0,88.0,1.8,40.0,17.2
805,1017.4,23.9,21.2,19.0,16.9,76.0,70.0,3.9,40.0,15.3
806,1019.3,27.8,23.1,21.3,21.9,87.0,95.0,0.6,80.0,25.5
807,1018.0,27.7,25.3,22.8,22.3,85.0,89.0,0.1,30.0,17.3
808,1013.0,26.7,23.2,21.1,23.2,90.0,88.0,0.1,30.0,15.3
809,1011.4,17.1,16.8,15.6,16.5,94.0,95.0,0.0,50.0,29.7
810,1011.6,22.4,21.1,20.1,19.6,98.0,97.0,0.5,80.0,12.5
811,1010.3,17.6,16.6,15.6,13.4,92.0,96.0,0.0,50.0,41.4
812,1008.2,25.9,22.0,21.5,20.6,88.0,84.0,3.2,20.0,24.2
813,1013.5,26.0,24.5,21.0,22.7,89.0,88.0,0.6,50.0,20.8
814,1010.3,26.9,24.9,23.0,22.3,88.0,89.0,0.4,70.0,11.3
815,1013.3,27.7,25.3,23.6,22.3,84.0,90.0,1.1,60.0,6.6
816,1011.3,22.8,20.6,19.9,18.6,79.0,81.0,0.0,70.0,23.5
817,1009.9,23.2,21.1,20.1,21.9,92.0,93.0,0.0,190.0,15.0
818,1012.5,26.2,24.9,24.0,22.1,98.0,88.0,0.1,70.0,25.2
819,1013.2,26.3,24.3,23.9,22.4,94.0,83.0,5.0,70.0,20.4
820,1012.0,28.2,25.3,23.7,23.2,89.0,90.0,2.5,40.0,8.1
821,1009.5,25.1,23.3,21.3,21.4,94.0,88.0,0.3,240.0,19.8
822,1013.9,24.8,23.7,21.8,21.2,90.0,82.0,3.3,220.0,12.0
823,1011.4,22.3,21.1,20.6,19.9,97.0,88.0,0.1,50.0,24.9
824,1006.8,27.8,25.3,24.0,24.3,92.0,89.0,2.4,40.0,21.9
825,1007.8,28.2,26.6,25.8,24.2,87.0,84.0,1.8,80.0,30.6
826,1016.3,28.6,26.4,25.0,23.9,94.0,88.0,0.4,80.0,18.0
827,1012.4,27.0,26.1,25.9,24.3,86.0,84.0,2.2,40.0,13.8
828,1017.0,28.2,26.6,25.8,23.7,79.0,82.0,4.8,100.0,30.6
829,1010.1,27.6,25.5,24.7,22.9,80.0,87.0,1.4,50.0,30.2
830,1012.2,26.6,24.9,22.0,22.1,84.0,88.0,1.0,80.0,9.1
831,1011.1,23.9,22.8,20.1,20.4,87.0,91.0,0.0,80.0,16.0
832,1012.0,30.5,26.8,24.8,23.1,84.0,88.0,2.4,60.0,28.8
833,1013.0,29.8,26.6,24.9,23.7,86.0,88.0,0.6,70.0,9.8
834,1016.0,28.4,26.8,24.8,25.0,87.0,88.0,1.5,70.0,26.4
835,1013.3,27.8,25.9,24.4,24.7,92.0,85.0,0.2,190.0,12.6
836,1008.3,30.8,28.1,25.4,24.1,84.0,85.0,3.1,180.0,15.9
837,1014.5,30.9,27.3,25.5,24.3,82.0,83.0,4.7,270.0,16.0
838,1011.1,31.0,28.1,26.7,23.7,87.0,82.0,2.7,30.0,14.0
839,1011.4,24.9,22.2,20.8,20.6,91.0,84.0,2.2,40.0,18.0
840,1013.3,26.9,24.6,23.3,19.9,82.0,81.0,5.7,70.0,20.4
841,1013.3,26.5,24.9,23.1,22.1,87.0,85.0,2.5,60.0,11.9
842,1011.4,29.8,26.9,25.6,23.8,89.0,75.0,8.8,50.0,9.2
843,1012.5,26.3,24.8,23.6,21.1,89.0,84.0,1.2,80.0,23.4
844,1011.4,29.1,26.8,25.4,23.2,83.0,81.0,1.8,190.0,15.1
845,1011.3,29.1,26.1,24.1,23.1,75.0,66.0,5.7,20.0,13.6
846,1008.1,30.8,27.8,26.5,24.7,82.0,86.0,1.2,210.0,31.2
847,1011.1,28.9,24.8,23.7,22.0,86.0,85.0,3.6,80.0,14.8
848,1010.4,31.0,28.1,26.4,23.4,89.0,71.0,6.7,200.0,13.9
849,1013.4,27.6,24.8,22.8,22.5,93.0,85.0,3.9,20.0,9.2
850,1007.6,28.7,26.2,24.3,24.2,87.0,78.0,8.4,220.0,15.8
851,1006.7,29.1,26.8,24.8,24.2,93.0,88.0,0.4,20.0,23.9
852,1009.5,30.3,27.0,24.4,23.8,77.0,75.0,8.7,100.0,7.9
853,1007.9,30.7,28.1,26.2,24.1,81.0,73.0,6.3,230.0,16.1
854,1007.6,30.4,26.3,23.2,23.3,89.0,66.0,7.7,75.0,8.5
855,1006.6,30.6,27.9,23.7,25.1,77.0,69.0,7.6,220.0,9.1
856,1006.7,29.6,28.4,26.7,25.5,93.0,85.0,0.2,130.0,24.8
857,1005.9,28.5,27.7,26.0,24.3,87.0,89.0,1.2,50.0,29.8
858,1008.9,31.0,29.0,26.7,25.6,80.0,69.0,6.4,230.0,11.2
859,1006.9,31.2,28.2,26.6,25.7,74.0,81.0,4.4,230.0,18.1
860,1007.5,32.0,29.9,27.7,24.3,91.0,85.0,6.2,220.0,25.0
861,1006.0,31.7,28.2,26.4,25.4,84.0,87.0,3.4,210.0,12.4
862,1009.5,33.0,30.1,27.1,25.9,75.0,69.0,10.0,220.0,19.6
863,1008.7,32.4,29.4,27.6,26.4,81.0,88.0,1.0,220.0,16.5
864,1007.9,33.4,29.1,24.3,25.8,88.0,82.0,2.2,230.0,20.5
865,1008.8,33.0,30.1,28.3,26.0,82.0,85.0,3.7,220.0,13.0
866,1005.9,31.8,28.5,26.4,26.1,83.0,88.0,2.0,220.0,25.1
867,1008.1,32.8,30.3,28.7,25.3,79.0,78.0,9.3,230.0,11.3
868,1008.5,31.7,28.9,26.9,25.3,84.0,88.0,1.6,220.0,24.5
869,1007.9,33.2,30.1,28.1,20.9,78.0,29.0,11.1,150.0,9.2
870,1006.3,32.8,29.0,27.7,26.3,89.0,88.0,0.7,240.0,28.4
871,1008.1,33.3,30.3,28.7,24.3,75.0,32.0,11.9,220.0,15.8
872,1006.6,33.3,30.0,28.0,25.0,72.0,39.0,10.5,230.0,9.4
873,1005.6,32.9,30.3,28.1,24.5,86.0,89.0,6.5,120.0,15.7
874,1007.5,32.2,29.7,27.5,25.7,81.0,83.0,6.3,220.0,4.5
875,1008.8,33.2,30.0,29.8,25.5,80.0,33.0,11.8,230.0,14.6
876,1005.3,33.3,30.3,28.7,24.8,76.0,54.0,10.5,230.0,10.2
877,1008.5,33.0,30.2,28.4,24.7,78.0,38.0,10.4,120.0,9.9
878,1010.5,33.7,30.3,28.6,25.8,75.0,32.0,9.3,240.0,14.0
879,1006.7,34.1,30.1,26.8,25.2,81.0,80.0,3.9,200.0,24.4
880,1008.6,33.4,30.4,28.0,24.7,72.0,20.0,10.1,230.0,11.8
881,1007.9,33.8,30.6,27.0,24.9,75.0,44.0,10.0,220.0,24.5
882,1005.6,33.4,30.4,27.0,23.4,75.0,38.0,10.6,10.0,15.4
883,1008.4,34.4,30.6,28.6,25.8,77.0,58.0,9.3,220.0,9.2
884,1009.9,35.1,30.7,28.0,25.4,81.0,60.0,8.3,200.0,14.5
885,1008.9,34.8,31.4,27.4,20.6,78.0,43.0,8.3,220.0,19.7
886,1008.8,32.9,30.9,28.2,23.9,78.0,72.0,4.1,180.0,30.2
887,1007.2,33.3,30.9,28.6,25.3,79.0,78.0,2.7,110.0,9.2
888,1006.2,34.8,30.6,27.4,24.9,82.0,80.0,4.9,70.0,28.7
889,1008.8,30.9,28.6,26.9,26.7,85.0,88.0,0.2,230.0,13.6
890,1007.8,35.1,31.0,27.1,26.5,86.0,84.0,3.8,220.0,29.8
891,1008.8,35.1,31.1,28.8,26.1,75.0,46.0,10.4,170.0,15.7
892,1006.9,33.3,30.3,28.1,25.4,74.0,47.0,5.0,230.0,9.6
893,1008.1,34.4,30.0,27.1,25.7,79.0,72.0,10.6,190.0,27.3
894,1007.8,32.3,29.0,26.9,25.4,78.0,38.0,11.0,220.0,20.2
895,1008.3,31.0,30.6,28.1,25.9,79.0,79.0,3.7,220.0,12.8
896,1010.3,31.3,28.6,26.4,25.3,93.0,84.0,1.8,220.0,14.8
897,1006.2,31.7,27.3,26.2,25.9,81.0,79.0,6.2,240.0,24.4
898,1008.1,33.1,29.6,27.4,25.6,88.0,83.0,5.9,200.0,11.1
899,1008.5,32.0,28.6,26.3,25.4,79.0,78.0,8.5,230.0,23.3
900,1006.4,32.0,28.2,26.5,25.9,84.0,82.0,3.1,220.0,14.6
901,1006.3,32.8,29.4,27.5,26.4,82.0,83.0,2.0,190.0,20.7
902,1004.5,31.4,28.0,24.7,25.2,74.0,88.0,0.1,90.0,14.8
903,1008.9,32.8,30.0,28.1,25.0,75.0,85.0,7.8,220.0,22.8
904,1008.7,31.6,28.2,26.8,26.6,89.0,82.0,2.4,240.0,25.9
905,1005.4,31.1,28.4,28.8,25.5,84.0,86.0,6.8,220.0,16.7
906,1008.4,32.4,29.5,27.3,25.8,87.0,84.0,3.7,230.0,18.8
907,1008.4,33.0,30.1,28.0,25.2,86.0,88.0,7.7,200.0,16.5
908,1008.4,30.3,28.6,26.9,25.9,88.0,84.0,0.2,230.0,12.8
909,1008.9,31.0,29.0,28.4,25.2,78.0,78.0,6.9,230.0,26.5
910,1005.7,31.0,29.1,26.3,26.3,84.0,78.0,5.4,230.0,13.3
911,1010.5,31.6,29.0,25.3,26.1,79.0,80.0,2.3,130.0,11.3
912,1008.4,33.7,30.0,27.8,25.0,78.0,38.0,11.4,180.0,13.9
913,1008.1,32.4,30.1,28.0,25.9,77.0,38.0,11.8,240.0,15.2
914,1008.5,33.3,30.6,28.1,25.9,81.0,58.0,6.0,220.0,16.5
915,1007.8,33.3,30.1,28.6,25.9,75.0,44.0,10.6,180.0,10.9
916,1003.8,31.2,28.7,26.9,24.8,86.0,83.0,3.1,210.0,12.3
917,1008.5,30.2,28.7,26.2,26.4,84.0,87.0,4.3,220.0,9.1
918,1006.4,32.3,29.9,28.2,25.2,84.0,72.0,10.7,220.0,17.3
919,1009.6,30.7,29.0,27.7,25.3,82.0,79.0,0.3,70.0,24.4
920,1005.9,32.9,29.2,28.2,26.2,75.0,47.0,9.1,240.0,13.8
921,1008.6,32.3,29.5,26.0,24.6,79.0,78.0,9.1,50.0,12.5
922,1005.8,32.2,29.4,26.4,25.3,81.0,59.0,7.2,30.0,23.7
923,1011.5,32.8,30.1,28.0,25.9,77.0,38.0,12.1,230.0,15.3
924,1006.6,33.1,30.3,28.2,25.8,78.0,69.0,11.2,230.0,8.0
925,1008.3,33.7,30.3,28.0,24.3,74.0,38.0,10.5,220.0,15.5
926,1008.5,34.4,30.1,27.8,24.3,74.0,28.0,10.1,220.0,9.2
927,1008.4,32.1,30.6,28.0,24.3,80.0,65.0,9.9,210.0,17.2
928,1008.0,33.2,30.6,26.4,26.2,81.0,78.0,5.1,290.0,15.7
929,1002.2,33.2,30.2,27.4,24.7,72.0,29.0,10.2,20.0,7.9
930,1008.2,33.2,30.0,28.8,25.3,77.0,53.0,11.0,170.0,4.5
931,1000.1,31.1,28.7,27.2,24.5,82.0,88.0,2.2,240.0,5.5
932,1011.5,31.4,28.7,26.9,25.3,82.0,88.0,1.6,200.0,22.0
933,1007.6,31.7,28.1,26.6,24.5,83.0,78.0,2.3,180.0,23.5
934,1011.4,31.0,28.1,26.9,26.3,76.0,69.0,8.8,20.0,9.1
935,1002.2,30.5,27.9,25.2,24.3,82.0,75.0,5.6,180.0,13.9
936,1009.2,31.0,28.9,26.4,25.4,89.0,86.0,1.3,80.0,11.7
937,1006.1,33.5,30.6,28.1,25.4,77.0,57.0,10.6,230.0,26.1
938,1006.7,33.3,30.2,28.0,24.3,77.0,32.0,10.9,290.0,25.0
939,1000.3,33.5,30.4,28.3,24.1,71.0,48.0,10.0,10.0,15.3
940,1004.3,35.4,31.4,28.4,24.8,62.0,38.0,11.2,110.0,22.4
941,1010.3,31.1,28.9,26.7,26.0,86.0,83.0,6.4,150.0,26.4
942,1006.6,33.3,30.8,28.6,24.7,72.0,29.0,10.6,290.0,20.2
943,1005.5,29.2,27.5,25.6,24.9,74.0,87.0,0.6,20.0,11.9
944,999.0,35.1,31.0,28.6,26.4,75.0,57.0,9.4,280.0,11.3
945,1008.4,31.2,28.1,26.8,25.4,81.0,88.0,0.3,50.0,21.9
946,1005.6,30.5,27.6,26.9,23.7,73.0,60.0,8.6,220.0,13.8
947,1008.3,32.8,29.2,26.8,24.0,80.0,85.0,5.3,220.0,13.9
948,1007.1,32.4,29.2,26.4,26.0,74.0,43.0,7.7,190.0,11.8
949,1006.4,31.3,28.8,27.3,26.4,87.0,84.0,1.2,220.0,13.9
950,1007.9,33.8,30.7,28.0,24.8,81.0,82.0,4.6,70.0,17.3
951,1008.4,31.1,29.0,26.4,24.3,74.0,46.0,5.7,110.0,21.5
952,1008.4,31.0,28.7,26.5,25.3,81.0,83.0,3.9,240.0,12.6
953,1008.5,31.1,28.1,26.4,25.5,78.0,80.0,7.9,300.0,18.4
954,1010.8,28.9,26.3,25.4,23.9,79.0,55.0,10.2,110.0,18.8
955,1008.1,29.6,26.9,24.8,25.8,78.0,88.0,6.9,60.0,17.3
956,1010.9,29.6,26.4,24.5,23.6,82.0,58.0,4.8,100.0,17.3
957,1012.3,28.6,26.8,24.8,23.8,72.0,48.0,10.9,20.0,12.8
958,1012.2,31.9,28.0,26.7,25.3,81.0,77.0,4.6,40.0,22.5
959,1011.5,29.5,26.9,25.0,23.8,75.0,43.0,7.7,100.0,22.6
960,1011.7,32.3,29.9,27.2,23.2,73.0,43.0,9.5,70.0,25.0
961,1011.4,31.2,28.9,26.4,23.1,70.0,47.0,7.7,10.0,17.2
962,1012.5,28.7,26.5,24.8,23.2,71.0,45.0,10.2,70.0,25.0
963,1005.7,28.9,26.0,24.8,23.0,73.0,44.0,9.8,20.0,20.5
964,1005.0,33.0,30.0,28.1,25.0,77.0,43.0,9.4,220.0,29.0
965,1008.4,33.3,30.1,27.0,22.5,84.0,48.0,7.9,60.0,17.2
966,1013.1,30.3,26.7,24.8,22.3,73.0,46.0,10.2,70.0,9.1
967,1008.9,31.6,29.2,26.9,25.8,82.0,82.0,6.7,200.0,30.0
968,1010.3,32.9,28.6,26.9,24.6,79.0,51.0,11.0,60.0,11.9
969,1014.4,30.9,27.2,25.2,25.3,86.0,81.0,1.6,220.0,37.7
970,1009.5,31.2,29.4,26.8,21.8,75.0,72.0,7.3,80.0,13.1
971,1014.2,28.5,27.2,24.8,25.5,89.0,86.0,2.4,200.0,13.0
972,1012.5,31.2,28.1,26.8,23.2,78.0,58.0,5.9,50.0,14.0
973,1010.5,30.4,28.5,26.4,23.3,78.0,45.0,10.2,190.0,24.8
974,1008.4,31.3,28.1,26.8,24.8,75.0,78.0,7.7,210.0,30.2
975,1012.5,31.1,28.8,26.5,24.0,79.0,77.0,6.4,220.0,17.3
976,1015.0,31.2,28.8,27.8,25.1,87.0,69.0,9.5,220.0,21.3
977,1008.2,32.3,29.7,27.3,24.2,74.0,83.0,5.4,230.0,39.5
978,1006.0,32.2,29.4,27.4,24.7,82.0,85.0,3.5,220.0,25.9
979,1008.5,31.8,28.1,26.9,25.6,86.0,83.0,2.1,220.0,33.2
980,1012.5,31.2,28.2,25.8,20.6,70.0,44.0,9.3,60.0,33.4
981,1008.9,32.4,28.8,27.9,25.4,81.0,69.0,5.7,230.0,18.2
982,1008.0,32.2,29.7,26.6,24.3,80.0,78.0,5.0,10.0,15.9
983,1009.9,31.0,28.7,27.0,23.2,85.0,78.0,6.3,70.0,8.0
984,1012.5,30.8,27.8,26.5,23.2,76.0,45.0,7.6,20.0,9.8
985,1010.2,32.3,29.0,26.6,25.4,82.0,69.0,4.7,220.0,21.3
986,1007.9,28.1,26.8,24.3,23.1,85.0,85.0,2.5,130.0,30.6
987,1015.2,30.7,27.9,25.8,24.3,81.0,67.0,5.9,180.0,8.9
988,1010.4,28.2,26.3,24.6,21.9,74.0,49.0,9.5,20.0,13.4
989,1007.6,29.9,27.0,26.5,25.6,92.0,88.0,0.5,200.0,8.0
990,1009.1,28.2,27.5,25.4,25.4,89.0,88.0,0.2,280.0,20.3
991,1008.1,31.0,28.7,27.0,25.0,81.0,78.0,6.4,230.0,23.5
992,1005.7,28.2,25.5,23.4,20.6,84.0,89.0,2.0,20.0,23.4
993,1016.0,31.4,28.1,26.1,23.8,76.0,53.0,9.1,90.0,14.0
994,1017.1,31.0,26.8,25.4,25.4,87.0,88.0,1.6,40.0,21.3
995,1017.0,30.3,27.9,26.2,23.8,81.0,66.0,5.9,70.0,8.3
996,1018.7,29.1,27.9,25.8,23.1,86.0,82.0,6.3,50.0,11.9
997,1013.0,28.8,25.5,23.7,19.3,90.0,81.0,3.4,80.0,40.8
998,1018.0,26.2,25.2,24.9,23.6,89.0,84.0,0.6,220.0,12.5
999,1017.4,26.8,24.5,24.4,22.1,94.0,88.0,1.2,230.0,40.4
1000,1018.7,29.3,25.4,24.7,24.8,94.0,88.0,0.1,180.0,15.2
1001,1018.9,26.1,24.8,23.5,19.9,70.0,64.0,6.4,70.0,50.7
1002,1008.9,27.2,25.5,24.8,22.0,79.0,28.0,10.3,220.0,26.7
1003,1017.7,26.6,25.5,23.6,19.4,95.0,95.0,0.0,70.0,28.4
1004,1015.9,28.4,26.2,25.9,24.8,78.0,85.0,6.6,80.0,9.6
1005,1016.9,24.8,22.9,20.6,22.2,92.0,88.0,0.0,70.0,50.6
1006,1010.3,25.2,23.7,22.3,21.7,82.0,61.0,6.6,50.0,14.1
1007,1018.8,26.8,24.0,23.9,22.7,90.0,82.0,2.2,70.0,21.8
1008,1012.5,27.8,25.8,23.4,20.6,76.0,47.0,7.6,30.0,9.0
1009,1019.0,25.8,22.6,20.5,20.4,79.0,73.0,0.7,70.0,11.3
1010,1015.9,28.7,25.7,20.6,19.9,65.0,51.0,9.4,70.0,20.9
1011,1018.9,26.0,24.8,23.7,22.4,75.0,46.0,5.5,80.0,20.5
1012,1018.4,27.8,25.3,24.2,23.2,70.0,81.0,2.0,80.0,10.2
1013,1019.1,25.7,24.7,24.5,22.3,80.0,88.0,0.3,70.0,20.2
1014,1017.1,27.7,25.5,24.0,21.4,75.0,78.0,7.6,70.0,17.3
1015,1019.8,28.9,23.7,21.0,19.0,79.0,79.0,3.2,100.0,11.0
1016,1014.2,29.4,26.2,23.1,21.4,75.0,49.0,6.6,10.0,15.0
1017,1014.8,28.6,26.6,24.8,21.2,81.0,81.0,1.7,110.0,27.6
1018,1017.8,27.8,25.8,24.3,22.3,68.0,56.0,9.9,40.0,9.6
1019,1018.8,28.8,24.5,22.2,19.9,70.0,48.0,7.7,20.0,14.5
1020,1012.2,28.9,23.8,20.2,21.4,85.0,84.0,0.7,40.0,40.4
1021,1011.6,25.9,24.7,22.4,22.7,62.0,84.0,7.5,70.0,21.5
1022,1016.8,25.9,23.7,23.3,21.4,84.0,70.0,9.2,80.0,25.0
1023,1013.0,26.2,24.8,23.7,21.3,81.0,88.0,1.0,70.0,41.3
1024,1014.6,28.6,25.5,23.8,21.3,85.0,85.0,2.2,70.0,19.8
1025,1018.5,26.9,24.4,23.2,21.6,81.0,86.0,1.2,80.0,20.5
1026,1016.8,28.6,25.4,24.3,23.2,87.0,82.0,1.4,30.0,14.5
1027,1018.5,26.9,24.2,20.8,20.6,89.0,82.0,3.5,40.0,17.3
1028,1014.5,25.4,23.1,21.0,19.0,87.0,82.0,2.0,50.0,16.1
1029,1014.5,28.2,25.2,23.5,21.4,88.0,84.0,1.8,40.0,22.0
1030,1014.3,26.1,24.4,22.0,16.8,87.0,80.0,4.8,20.0,28.0
1031,1016.9,27.5,25.6,24.1,23.1,86.0,67.0,5.7,80.0,12.5
1032,1014.9,27.2,25.5,24.9,22.4,71.0,88.0,1.1,70.0,22.9
1033,1015.3,26.0,24.9,23.1,23.2,90.0,83.0,3.5,80.0,24.9
1034,1017.7,27.0,25.6,24.0,23.2,86.0,79.0,1.2,20.0,15.3
1035,1016.9,27.5,24.5,23.5,22.4,82.0,88.0,4.5,50.0,24.9
1036,1014.6,25.2,24.8,23.9,21.2,84.0,70.0,2.1,80.0,33.5
1037,1015.2,25.0,23.9,23.6,19.9,76.0,61.0,8.8,90.0,14.1
1038,1017.0,27.7,24.0,22.6,19.6,91.0,78.0,3.3,25.0,16.4
1039,1018.4,26.4,24.4,23.3,23.3,86.0,66.0,9.7,60.0,8.3
1040,1020.2,20.6,19.5,18.2,16.8,86.0,88.0,0.1,60.0,43.8
1041,1020.3,21.3,19.3,17.2,14.9,75.0,88.0,1.6,50.0,25.0
1042,1022.3,21.8,18.4,17.4,15.7,88.0,88.0,3.0,70.0,16.7
1043,1018.8,22.3,20.8,19.1,18.5,90.0,81.0,0.0,40.0,15.8
1044,1020.6,21.6,19.1,18.1,17.8,77.0,83.0,0.4,80.0,16.7
1045,1020.8,21.0,18.4,16.9,14.4,75.0,51.0,8.8,40.0,14.5
1046,1018.6,21.2,19.3,17.2,16.5,92.0,84.0,0.1,20.0,35.8
1047,1019.8,21.9,19.8,18.2,14.7,70.0,49.0,7.5,20.0,23.5
1048,1020.9,20.5,18.8,17.5,15.0,89.0,88.0,0.0,20.0,25.0
1049,1016.4,18.7,17.5,16.2,13.2,76.0,78.0,1.4,10.0,23.4
1050,1020.8,18.9,17.3,16.4,13.3,78.0,86.0,2.2,70.0,39.7
1051,1016.8,19.3,21.6,19.4,15.8,70.0,83.0,0.0,50.0,33.2
1052,1019.4,19.4,17.5,16.9,16.8,87.0,86.0,0.5,70.0,25.9
1053,1018.9,25.1,21.8,20.6,19.9,92.0,84.0,1.3,30.0,19.8
1054,1022.2,22.1,19.2,18.0,16.0,90.0,95.0,0.6,60.0,28.4
1055,1020.6,20.5,17.5,16.3,12.6,72.0,49.0,7.9,20.0,38.0
1056,1022.2,20.6,18.7,16.9,14.9,78.0,90.0,0.0,60.0,36.0
1057,1018.0,23.3,20.8,18.4,17.8,81.0,84.0,1.6,40.0,13.0
1058,1022.2,18.6,17.3,15.9,12.9,78.0,89.0,0.0,20.0,19.0
1059,1017.5,18.9,18.4,17.4,16.0,95.0,91.0,0.0,30.0,48.0
1060,1025.6,18.9,13.5,11.7,0.2,76.0,90.0,1.1,20.0,28.0
1061,1024.2,17.2,15.0,13.7,17.2,79.0,83.0,1.5,20.0,27.4
1062,1016.5,17.8,16.8,14.8,15.9,87.0,94.0,0.0,20.0,21.5
1063,1018.9,17.4,15.5,14.5,11.9,90.0,88.0,0.0,40.0,37.5
1064,1022.8,16.7,14.6,12.4,11.0,70.0,46.0,8.3,20.0,19.0
1065,1024.9,17.3,15.2,11.8,10.6,54.0,58.0,8.5,50.0,19.3
1066,1020.6,18.6,16.1,12.9,12.9,92.0,86.0,0.6,30.0,31.2
1067,1016.8,19.9,18.1,17.1,18.4,95.0,95.0,0.0,60.0,38.0
1068,1019.9,18.0,17.5,15.9,15.0,90.0,90.0,0.0,40.0,39.7
1069,1022.7,17.4,15.2,13.3,9.6,75.0,45.0,8.4,20.0,9.8
1070,1017.0,20.5,18.5,17.8,15.6,90.0,93.0,0.3,20.0,16.3
1071,1023.8,16.8,14.8,13.5,8.0,62.0,94.0,0.0,20.0,29.0
1072,1022.8,15.5,14.6,13.3,12.7,77.0,88.0,0.0,70.0,27.3
1073,1017.2,21.4,19.4,17.1,18.0,86.0,80.0,6.4,40.0,14.5
1074,1020.8,18.6,17.3,16.1,13.3,75.0,88.0,0.6,70.0,26.9
1075,1017.7,24.5,21.8,20.5,19.9,84.0,88.0,0.0,80.0,19.2
1076,1020.3,22.2,20.6,19.6,16.2,72.0,77.0,1.4,70.0,28.4
1077,1017.9,20.6,18.8,19.1,17.8,85.0,91.0,0.3,40.0,13.0
1078,1022.7,16.2,15.2,13.7,14.3,92.0,88.0,0.0,60.0,37.5
1079,1020.8,22.8,20.7,17.2,11.6,67.0,46.0,7.2,30.0,28.3
1080,1018.4,23.1,21.4,19.4,19.4,90.0,89.0,1.9,50.0,16.3
1081,1023.8,21.5,20.4,19.4,17.9,72.0,69.0,2.4,20.0,14.8
1082,1019.1,21.4,18.5,17.3,16.9,82.0,82.0,2.7,80.0,27.4
1083,1018.0,20.1,19.1,18.4,16.7,95.0,88.0,0.0,20.0,35.8
1084,1020.6,24.4,22.2,20.6,19.4,74.0,82.0,6.3,70.0,38.3
1085,1017.5,20.6,18.3,17.1,15.1,89.0,88.0,0.0,20.0,35.3
1086,1019.7,23.0,19.9,17.2,16.8,79.0,89.0,2.9,20.0,15.1
1087,1016.8,20.9,20.0,19.2,16.8,85.0,83.0,0.6,70.0,27.3
1088,1025.9,17.5,18.0,16.5,13.3,79.0,89.0,0.5,20.0,23.4
1089,1019.5,17.7,16.0,16.5,16.5,93.0,97.0,0.0,50.0,21.4
1090,1014.6,21.0,20.8,19.9,19.9,95.0,88.0,0.0,40.0,18.0
1091,1013.4,21.1,20.0,19.8,19.6,95.0,88.0,0.0,70.0,34.3
1092,1014.6,20.4,18.1,16.9,17.8,95.0,91.0,0.0,50.0,30.3
1093,1017.5,23.7,16.3,15.3,13.9,86.0,90.0,1.1,50.0,39.7
1094,1017.0,22.1,20.8,19.6,18.0,91.0,88.0,0.0,40.0,46.3
1095,1017.8,16.9,15.9,14.6,15.0,90.0,100.0,0.0,40.0,24.2
1096,1016.7,18.2,16.3,15.4,14.7,90.0,100.0,0.0,40.0,23.3
1097,1016.4,16.7,15.6,14.7,11.4,79.0,91.0,0.0,60.0,55.5
1098,1014.3,15.6,13.8,10.0,7.8,78.0,77.0,3.5,20.0,41.3
1099,1022.1,15.9,13.1,12.2,10.3,74.0,81.0,2.1,50.0,28.2
1100,1020.6,17.6,13.2,11.2,6.8,59.0,25.0,2.4,20.0,33.5
1101,1022.2,14.8,12.5,4.0,10.4,84.0,88.0,0.0,20.0,30.0
1102,1020.3,17.6,15.7,14.5,13.5,81.0,100.0,0.0,20.0,32.4
1103,1017.7,17.4,16.6,15.9,15.0,95.0,100.0,0.0,60.0,39.3
1104,1022.3,15.2,15.8,13.5,11.1,78.0,94.0,0.0,60.0,37.0
1105,1021.1,15.5,14.1,11.8,8.6,61.0,95.0,0.0,40.0,24.9
1106,1024.9,20.2,16.7,14.6,11.7,70.0,38.0,9.1,20.0,50.6
1107,1024.7,14.6,12.9,12.6,11.3,79.0,91.0,0.0,10.0,52.8
1108,1020.5,18.0,16.6,15.3,13.6,79.0,88.0,0.0,20.0,28.6
1109,1027.2,20.6,17.7,14.2,11.8,75.0,51.0,7.4,50.0,15.2
1110,1023.8,18.1,13.7,11.6,4.3,72.0,20.0,10.1,70.0,14.8
1111,1025.9,10.9,8.6,7.0,1.0,73.0,67.0,2.5,50.0,30.3
1112,1023.7,15.8,10.1,7.7,4.0,72.0,7.0,9.1,20.0,9.2
1113,1020.6,17.1,15.2,13.5,11.2,78.0,11.0,9.8,60.0,34.0
1114,1021.3,19.6,17.6,15.7,12.6,64.0,73.0,5.2,60.0,20.2
1115,1017.6,17.3,16.1,14.7,13.0,93.0,95.0,0.0,20.0,35.8
1116,1027.9,21.6,18.5,16.3,13.7,77.0,93.0,0.6,20.0,15.1
1117,1013.4,16.5,14.8,13.7,12.9,92.0,100.0,0.0,50.0,20.0
1118,1023.6,24.2,20.8,18.2,9.8,39.0,49.0,10.2,60.0,38.3
1119,1020.9,24.9,18.1,15.8,17.3,72.0,40.0,10.1,10.0,19.8
1120,1013.9,24.6,22.3,20.7,19.9,91.0,82.0,0.0,80.0,27.4
1121,1015.6,21.9,20.4,18.5,18.4,79.0,45.0,7.8,40.0,9.2
1122,1024.6,16.1,13.0,13.5,11.9,76.0,89.0,0.0,200.0,33.2
1123,1017.6,24.8,21.3,19.8,20.1,91.0,89.0,0.2,50.0,37.5
1124,1015.4,24.9,21.5,19.5,19.5,77.0,55.0,7.6,10.0,17.2
1125,1017.1,21.9,20.0,19.7,17.3,91.0,94.0,0.0,70.0,28.4
1126,1017.6,23.9,21.1,19.9,19.0,89.0,88.0,0.2,80.0,14.5
1127,1013.1,22.9,20.7,19.2,19.9,95.0,95.0,0.0,30.0,22.6
1128,1019.5,21.5,20.9,17.7,16.6,79.0,47.0,6.8,70.0,9.1
1129,1019.9,25.9,22.9,18.1,16.1,90.0,89.0,2.0,40.0,28.9
1130,1017.0,22.4,20.2,18.5,13.1,76.0,69.0,7.6,40.0,11.3
1131,1017.5,23.1,19.9,17.4,16.8,80.0,88.0,0.0,50.0,39.5
1132,1020.6,18.4,17.1,16.9,15.0,75.0,86.0,0.0,40.0,24.9
1133,1014.9,23.3,21.6,20.9,20.9,87.0,88.0,0.0,60.0,15.1
1134,1014.0,23.0,21.1,20.6,19.1,80.0,87.0,0.1,70.0,14.5
1135,1020.3,17.4,15.1,14.5,9.4,75.0,49.0,10.0,20.0,24.8
1136,1024.2,24.0,18.3,15.3,6.8,77.0,75.0,5.7,60.0,21.6
1137,1021.4,20.9,17.2,15.3,13.3,78.0,88.0,0.9,30.0,29.8
1138,1015.2,18.2,17.3,16.3,14.6,75.0,88.0,2.5,40.0,20.2
1139,1024.5,18.9,18.4,15.0,13.0,72.0,65.0,5.9,20.0,28.0
1140,1018.9,20.2,19.9,18.1,18.2,90.0,90.0,1.0,40.0,22.5
1141,1019.0,20.7,20.0,18.2,18.9,92.0,88.0,0.2,40.0,15.0
1142,1013.3,17.1,17.2,15.2,14.8,87.0,90.0,0.2,20.0,25.1
1143,1017.7,20.4,18.1,17.1,14.9,90.0,88.0,0.0,70.0,35.3
1144,1022.2,15.1,12.4,10.8,9.6,74.0,83.0,1.2,20.0,8.3
1145,1013.9,18.6,17.1,16.4,13.8,95.0,96.0,1.1,70.0,33.5
1146,1016.7,17.4,17.6,16.4,16.3,96.0,100.0,0.2,50.0,16.1
1147,1022.6,16.4,15.3,14.2,13.6,93.0,93.0,0.2,20.0,17.3
1148,1024.3,15.5,13.7,11.6,9.1,79.0,88.0,0.2,40.0,14.6
1149,1022.3,17.5,18.2,16.9,14.3,92.0,96.0,0.0,40.0,19.0
1150,1023.9,14.7,12.9,11.9,11.6,97.0,95.0,0.9,70.0,24.5
1151,1012.2,20.6,19.0,17.1,18.9,95.0,93.0,0.0,70.0,39.5
1152,1012.4,20.1,18.6,17.1,15.6,92.0,87.0,0.3,50.0,22.4
1153,1018.7,21.6,19.7,19.6,17.0,81.0,88.0,0.0,50.0,37.7
1154,1016.9,22.2,21.8,20.3,19.7,92.0,85.0,0.2,50.0,12.6
1155,1017.8,16.3,15.3,14.2,12.9,97.0,95.0,0.0,40.0,30.3
1156,1013.4,19.0,17.6,16.9,16.9,97.0,95.0,0.0,50.0,20.3
1157,1015.5,19.9,18.1,18.1,17.1,96.0,92.0,0.2,40.0,14.1
1158,1016.8,18.4,17.3,16.1,16.2,95.0,95.0,0.0,50.0,20.0
1159,1016.0,21.8,19.4,17.6,16.7,70.0,49.0,11.0,20.0,37.5
1160,1023.2,16.3,15.7,15.5,9.8,59.0,88.0,0.1,40.0,16.0
1161,1018.9,22.3,20.8,19.2,16.1,79.0,88.0,0.0,70.0,33.4
1162,1020.9,22.8,18.6,16.9,13.0,73.0,19.0,2.4,20.0,14.8
1163,1017.8,20.1,20.1,19.6,19.8,92.0,83.0,0.3,50.0,16.1
1164,1016.0,21.4,19.3,18.3,18.2,75.0,20.0,9.8,60.0,9.0
1165,1016.8,20.2,18.1,16.6,16.6,95.0,95.0,0.0,50.0,25.1
1166,1018.4,18.3,17.8,14.5,16.2,95.0,96.0,0.3,20.0,9.1
1167,1017.1,26.0,22.6,20.3,21.4,85.0,89.0,0.5,30.0,18.0
1168,1015.3,23.6,22.5,20.0,21.3,85.0,80.0,0.0,40.0,7.9
1169,1017.1,21.3,20.8,19.2,17.8,83.0,84.0,0.6,80.0,37.9
1170,1013.3,25.9,23.1,21.5,21.4,91.0,88.0,1.4,50.0,33.2
1171,1014.4,26.6,23.3,22.3,21.9,91.0,91.0,2.1,40.0,16.0
1172,1021.2,26.2,24.8,21.2,12.4,77.0,62.0,10.0,60.0,39.5
1173,1013.8,24.8,24.3,23.7,23.2,93.0,100.0,0.2,100.0,41.4
1174,1011.7,26.1,21.0,19.7,16.9,85.0,79.0,5.0,70.0,22.0
1175,1011.4,16.3,15.3,13.6,11.6,76.0,79.0,2.2,30.0,35.6
1176,1019.8,28.1,25.4,23.6,22.3,92.0,88.0,0.8,120.0,21.9
1177,1006.9,21.9,20.1,19.8,19.5,92.0,90.0,0.2,20.0,20.5
1178,1008.4,21.3,19.3,17.7,17.6,75.0,83.0,9.2,50.0,27.6
1179,1009.9,26.4,24.8,22.7,21.3,90.0,83.0,3.7,100.0,25.0
1180,1014.2,26.3,23.1,21.0,22.3,97.0,93.0,0.0,50.0,8.6
1181,1012.1,27.9,25.8,24.1,23.3,89.0,84.0,2.1,80.0,14.2
1182,1011.7,25.2,24.0,23.1,22.8,89.0,81.0,0.3,180.0,30.6
1183,1013.0,27.0,25.9,23.6,21.9,91.0,88.0,1.1,60.0,27.9
1184,1008.5,27.9,25.3,23.3,23.2,93.0,88.0,0.3,40.0,14.3
1185,1010.7,24.8,22.8,21.8,19.8,91.0,88.0,0.0,50.0,27.3
1186,1017.0,26.7,24.8,23.7,23.1,87.0,89.0,0.2,80.0,17.3
1187,1013.3,25.3,23.1,21.0,21.4,89.0,88.0,1.5,80.0,28.0
1188,1014.4,26.8,23.8,20.4,22.3,90.0,83.0,1.3,70.0,17.5
1189,1011.5,27.6,25.5,24.4,23.1,90.0,88.0,1.8,40.0,22.6
1190,1007.8,28.2,26.2,24.1,24.2,89.0,84.0,2.5,40.0,15.4
1191,1006.4,26.9,25.9,24.7,22.3,87.0,81.0,1.1,70.0,28.8
1192,1015.0,28.4,25.5,24.7,24.1,97.0,88.0,1.0,50.0,30.0
1193,1005.6,28.1,25.1,23.1,21.6,82.0,80.0,2.5,220.0,13.8
1194,1012.7,29.1,26.8,25.4,23.7,87.0,82.0,2.5,100.0,16.5
1195,1016.0,26.3,24.7,24.5,23.6,90.0,83.0,0.1,200.0,20.9
1196,1012.5,26.3,25.2,24.7,22.9,93.0,88.0,0.1,30.0,13.4
1197,1014.5,28.6,25.6,24.7,21.0,87.0,89.0,2.1,30.0,35.3
1198,1012.6,28.8,25.3,24.7,22.0,89.0,83.0,1.0,60.0,15.0
1199,1017.1,27.6,25.8,24.5,24.8,84.0,85.0,1.8,80.0,27.4
1200,1012.3,30.2,27.9,25.4,23.1,84.0,83.0,2.6,230.0,12.0
1201,1008.8,27.8,26.5,25.0,25.0,93.0,86.0,0.0,190.0,14.5
1202,1009.9,30.3,27.9,26.2,24.9,84.0,85.0,3.1,190.0,16.0
1203,1009.4,29.3,27.9,26.0,25.0,89.0,88.0,2.2,170.0,20.0
1204,1012.6,28.8,25.7,23.9,23.4,89.0,88.0,0.4,200.0,22.0
1205,1009.5,28.4,26.2,24.7,23.2,84.0,75.0,7.2,70.0,25.1
1206,1010.4,28.1,26.4,25.5,21.1,80.0,78.0,5.4,40.0,12.6
1207,1010.3,28.7,26.8,24.8,23.1,90.0,81.0,2.3,70.0,23.3
1208,1013.0,28.8,25.6,23.6,21.6,91.0,90.0,1.3,80.0,24.9
1209,1012.3,30.8,27.4,26.8,24.5,84.0,81.0,2.3,100.0,14.3
1210,1011.5,29.8,26.8,25.1,23.2,87.0,81.0,2.5,20.0,12.7
1211,1011.6,28.4,26.1,24.8,25.3,85.0,83.0,3.7,60.0,14.3
1212,1013.0,28.6,25.5,24.8,22.2,76.0,74.0,6.0,60.0,9.2
1213,1013.0,26.2,24.4,23.1,19.8,79.0,70.0,6.0,70.0,31.9
1214,1008.3,28.8,27.1,24.1,25.1,94.0,88.0,1.0,190.0,16.9
1215,1005.9,28.7,28.4,26.5,24.4,81.0,82.0,0.4,220.0,15.2
1216,1008.4,30.8,27.6,25.8,24.2,81.0,88.0,0.4,210.0,13.0
1217,1008.5,30.6,28.3,26.4,25.3,81.0,78.0,4.5,30.0,16.5
1218,1013.0,28.7,26.9,24.8,22.0,81.0,61.0,7.2,50.0,7.4
1219,1013.0,28.7,26.1,24.8,23.1,92.0,78.0,1.0,70.0,15.8
1220,1010.6,27.8,26.7,25.3,25.2,90.0,86.0,1.2,190.0,15.1
1221,1009.3,30.8,27.7,25.4,25.4,87.0,88.0,0.9,220.0,11.9
1222,1008.4,28.1,26.8,25.2,25.5,85.0,83.0,3.7,210.0,16.0
1223,1008.1,30.7,27.2,25.8,25.8,81.0,87.0,8.3,230.0,15.7
1224,1008.8,30.6,27.3,24.3,25.9,87.0,83.0,2.2,180.0,26.9
1225,1008.5,31.0,29.9,26.5,26.0,85.0,88.0,1.5,230.0,27.0
1226,1008.1,32.8,29.9,26.7,24.6,84.0,78.0,2.9,220.0,25.1
1227,1009.8,33.0,30.0,27.9,26.0,79.0,86.0,3.3,220.0,27.6
1228,1008.5,31.2,28.0,26.8,26.4,86.0,88.0,1.2,220.0,13.2
1229,1006.8,33.1,30.0,28.9,26.2,90.0,82.0,3.1,80.0,22.9
1230,1006.6,32.9,29.3,27.1,23.2,87.0,80.0,4.2,230.0,20.5
1231,1010.5,33.1,29.8,28.1,25.1,79.0,69.0,3.1,50.0,18.8
1232,1007.9,31.1,28.9,26.9,26.4,85.0,85.0,4.4,180.0,14.6
1233,1008.2,32.3,29.0,27.8,25.3,86.0,72.0,7.6,20.0,9.2
1234,1008.6,32.0,29.9,26.0,25.1,76.0,77.0,10.4,220.0,38.0
1235,1008.9,30.8,28.8,26.4,25.4,98.0,93.0,0.6,170.0,25.1
1236,1008.1,32.8,29.0,27.4,26.6,82.0,88.0,0.2,220.0,38.3
1237,1006.5,33.8,30.0,27.0,25.0,69.0,70.0,6.9,220.0,23.9
1238,1008.5,31.0,28.3,26.8,24.4,65.0,49.0,11.8,220.0,9.1
1239,1006.8,33.0,30.1,28.0,24.8,75.0,69.0,10.1,230.0,12.6
1240,1008.2,33.3,30.3,28.7,25.8,78.0,32.0,11.8,200.0,9.1
1241,1008.5,29.1,26.2,24.8,24.9,58.0,48.0,8.4,70.0,23.7
1242,1008.2,32.3,30.1,28.4,26.4,81.0,30.0,11.5,230.0,39.3
1243,1009.9,32.4,30.2,29.0,24.3,79.0,32.0,1.5,220.0,30.4
1244,1008.5,33.9,30.0,28.1,25.4,80.0,79.0,5.7,200.0,39.9
1245,1009.8,33.0,30.4,27.9,26.2,79.0,21.0,8.5,220.0,50.6
1246,1010.0,34.2,30.8,28.2,26.2,84.0,57.0,5.9,130.0,24.4
1247,1007.7,32.0,30.4,28.3,25.4,74.0,46.0,10.3,190.0,19.0
1248,1006.1,33.3,30.5,28.8,25.4,78.0,66.0,6.5,80.0,9.9
1249,1008.2,34.0,30.2,28.2,26.5,81.0,79.0,6.8,290.0,43.8
1250,1008.1,34.0,30.8,28.7,25.2,74.0,22.0,11.8,240.0,12.5
1251,1005.0,35.3,31.0,26.4,26.4,74.0,49.0,10.8,230.0,28.6
1252,1008.9,33.4,30.4,28.6,25.7,82.0,72.0,7.7,60.0,40.8
1253,1005.3,32.0,29.2,26.2,26.3,87.0,85.0,1.5,220.0,4.5
1254,1009.5,32.8,30.1,28.1,26.1,75.0,61.0,7.2,110.0,9.2
1255,1009.3,31.7,29.4,27.6,25.6,84.0,86.0,1.6,190.0,21.6
1256,1007.8,32.9,30.1,28.1,25.7,79.0,72.0,8.8,200.0,16.2
1257,1006.6,32.9,29.7,27.3,25.0,81.0,75.0,2.1,220.0,19.8
1258,1008.5,35.1,30.8,28.0,25.9,75.0,32.0,9.5,220.0,12.6
1259,1005.5,33.0,30.0,27.4,25.0,74.0,29.0,10.0,190.0,22.6
1260,1010.3,32.8,29.2,27.9,25.2,84.0,85.0,2.1,100.0,13.0
1261,1007.7,31.1,28.6,26.8,25.4,81.0,88.0,3.8,180.0,11.3
1262,1008.8,31.0,28.4,27.4,25.4,82.0,88.0,7.0,220.0,13.6
1263,1001.0,32.1,30.0,28.1,25.8,75.0,78.0,8.3,230.0,14.3
1264,1000.1,33.7,30.1,28.6,24.8,75.0,48.0,7.0,70.0,28.5
1265,999.0,35.0,31.5,28.2,25.3,76.0,38.0,10.0,280.0,30.0
1266,1005.4,30.8,28.9,26.0,25.5,88.0,88.0,1.9,240.0,29.0
1267,1003.8,31.3,28.1,26.5,25.6,85.0,87.0,0.1,220.0,29.6
1268,1005.9,31.3,28.7,26.5,26.3,93.0,88.0,0.1,130.0,27.0
1269,1008.1,35.0,31.0,28.4,25.0,75.0,78.0,9.0,280.0,18.0
1270,1000.7,30.4,28.6,25.4,25.5,84.0,84.0,5.7,220.0,11.7
1271,1009.7,32.8,29.6,27.6,25.8,79.0,76.0,7.1,210.0,18.8
1272,1008.8,31.4,28.7,27.0,25.4,81.0,84.0,1.8,200.0,12.8
1273,1008.6,30.6,28.6,26.9,25.0,86.0,88.0,0.4,250.0,21.9
1274,1007.6,32.2,29.2,26.2,25.9,86.0,82.0,1.2,180.0,14.6
1275,1008.1,32.0,29.6,27.8,25.3,80.0,69.0,6.0,230.0,12.8
1276,1010.5,32.0,29.1,27.0,25.0,85.0,83.0,6.5,250.0,21.9
1277,1008.5,29.2,27.8,26.6,25.4,89.0,81.0,6.4,190.0,23.9
1278,1005.2,32.9,29.9,26.8,26.1,75.0,71.0,7.6,230.0,13.3
1279,1009.1,33.1,30.8,28.4,24.9,76.0,30.0,9.4,220.0,11.9
1280,1007.8,31.4,30.6,28.9,24.8,78.0,58.0,10.3,220.0,15.1
1281,1005.9,33.2,30.1,27.9,24.8,72.0,28.0,11.8,130.0,14.6
1282,1008.3,33.2,30.0,28.8,25.2,81.0,77.0,7.8,220.0,22.5
1283,1009.5,33.3,30.0,27.8,25.8,79.0,43.0,9.5,220.0,11.2
1284,1007.9,33.0,30.1,27.8,25.1,78.0,67.0,5.7,220.0,12.5
1285,1005.7,31.0,29.2,27.8,26.2,83.0,83.0,4.7,60.0,14.8
1286,1008.0,33.0,30.2,28.4,25.2,78.0,69.0,10.8,220.0,12.0
1287,1005.9,33.3,30.6,28.2,25.6,84.0,81.0,3.0,240.0,12.9
1288,1006.1,32.3,30.0,28.1,24.7,79.0,57.0,6.1,210.0,20.2
1289,1007.9,32.3,29.1,28.9,26.4,79.0,78.0,8.2,270.0,25.1
1290,1008.4,32.3,29.0,26.5,24.4,79.0,40.0,11.2,220.0,12.4
1291,1008.4,34.4,30.1,28.5,25.6,72.0,41.0,10.4,20.0,4.4
1292,1008.1,33.1,30.1,28.1,25.8,75.0,46.0,10.2,240.0,4.5
1293,1003.4,33.2,30.6,28.0,24.4,74.0,47.0,10.0,60.0,14.8
1294,1009.6,34.0,30.0,26.5,24.3,80.0,63.0,6.8,190.0,7.9
1295,1011.4,35.6,31.0,27.8,24.6,77.0,47.0,6.3,220.0,25.2
1296,1008.4,33.3,30.6,28.4,24.2,72.0,54.0,10.1,200.0,9.5
1297,1011.4,31.4,28.9,26.7,24.5,81.0,88.0,2.2,100.0,22.5
1298,1008.0,31.0,28.4,26.3,25.3,85.0,88.0,1.9,40.0,13.0
1299,1009.9,31.8,28.0,26.6,24.8,84.0,78.0,4.1,290.0,8.1
1300,1000.0,31.4,28.0,26.9,24.7,79.0,84.0,2.9,220.0,23.9
1301,1005.7,30.5,27.1,25.0,24.3,87.0,79.0,5.9,230.0,12.8
1302,1008.3,30.8,27.0,25.8,24.2,84.0,85.0,2.4,210.0,13.1
1303,1007.4,33.7,30.2,27.0,26.1,89.0,87.0,0.6,230.0,11.0
1304,1008.1,33.7,30.3,27.8,24.3,72.0,29.0,5.9,10.0,9.2
1305,1009.3,32.8,29.7,28.1,24.5,78.0,78.0,8.6,230.0,25.2
1306,1011.3,32.4,28.1,26.8,24.5,77.0,54.0,9.9,100.0,20.0
1307,1008.2,30.6,28.4,26.3,25.3,81.0,82.0,2.8,220.0,25.5
1308,1008.5,35.0,31.3,27.8,25.3,75.0,30.0,9.1,130.0,9.2
1309,1000.0,32.3,28.0,27.3,26.2,89.0,80.0,6.1,210.0,25.1
1310,1008.1,31.7,29.1,26.5,26.0,82.0,85.0,0.4,230.0,25.9
1311,1008.3,29.1,27.9,25.8,23.2,72.0,69.0,7.1,70.0,25.9
1312,1005.7,31.7,28.5,27.3,24.3,76.0,49.0,7.2,240.0,15.1
1313,1008.1,32.0,28.1,26.8,25.4,84.0,78.0,4.6,220.0,15.7
1314,1001.4,32.7,29.7,27.3,25.1,78.0,67.0,5.4,220.0,11.7
1315,1006.8,30.5,27.0,25.2,25.2,86.0,87.0,0.4,230.0,22.3
1316,1005.7,32.4,29.4,28.2,26.6,81.0,78.0,6.0,220.0,20.5
1317,1008.5,30.3,27.6,25.1,26.4,89.0,80.0,4.0,70.0,10.3
1318,1002.5,32.0,28.9,26.4,24.9,84.0,73.0,8.4,20.0,9.5
1319,1008.9,29.9,26.6,25.9,23.2,85.0,82.0,2.1,120.0,7.9
1320,1011.5,28.6,26.8,24.5,23.2,80.0,88.0,1.2,60.0,6.6
1321,1010.2,32.0,27.1,24.8,25.9,82.0,49.0,6.1,250.0,12.0
1322,1005.5,27.9,26.7,25.3,25.2,93.0,88.0,0.0,230.0,19.8
1323,1009.2,28.1,26.4,25.3,24.7,81.0,84.0,1.4,190.0,21.5
1324,1009.7,32.3,29.0,28.0,25.9,81.0,84.0,2.5,220.0,14.5
1325,1012.4,32.8,29.3,26.8,24.1,86.0,78.0,2.3,220.0,25.0
1326,1010.9,29.2,26.4,24.8,25.5,88.0,83.0,2.3,130.0,28.0
1327,1008.5,30.7,28.8,25.8,23.0,79.0,84.0,2.5,50.0,11.3
1328,1008.6,31.0,27.1,25.8,25.0,77.0,70.0,6.4,180.0,15.3
1329,1010.5,30.6,28.0,26.9,25.0,84.0,57.0,3.9,180.0,13.6
1330,1011.1,33.7,30.2,27.6,25.8,75.0,39.0,9.1,130.0,30.5
1331,1006.2,32.4,29.1,26.8,22.9,77.0,59.0,3.5,220.0,12.3
1332,1007.9,31.4,28.7,26.5,24.1,87.0,83.0,3.0,80.0,37.5
1333,1009.4,31.9,28.6,26.5,22.1,83.0,83.0,3.4,80.0,34.0
1334,1013.2,31.3,28.9,26.2,25.6,81.0,82.0,3.2,220.0,22.9
1335,1015.0,30.7,27.0,25.5,21.4,76.0,49.0,8.8,90.0,21.3
1336,1015.0,31.9,28.4,26.4,24.9,74.0,67.0,8.0,40.0,38.0
1337,1008.9,31.2,28.3,26.7,25.3,83.0,85.0,2.2,240.0,39.7
1338,1007.6,31.0,28.7,25.8,22.1,76.0,83.0,2.0,220.0,34.0
1339,1010.2,31.7,28.2,25.9,23.8,79.0,88.0,1.6,70.0,22.0
1340,1012.8,30.7,27.7,26.0,23.6,75.0,43.0,7.2,90.0,25.1
1341,1008.1,31.0,28.2,26.9,24.8,75.0,78.0,2.0,200.0,36.0
1342,1005.8,31.7,28.7,26.2,25.8,79.0,73.0,7.9,220.0,29.6
1343,1006.4,31.0,28.4,26.1,26.0,87.0,81.0,3.5,220.0,34.8
1344,1010.5,30.8,28.2,26.1,25.2,83.0,81.0,2.1,140.0,25.1
1345,1011.4,31.7,28.0,26.9,23.7,75.0,54.0,6.0,20.0,9.1
1346,1008.4,32.8,29.4,27.0,24.3,74.0,27.0,10.6,220.0,12.4
1347,1010.0,31.5,29.8,27.4,20.4,77.0,60.0,10.2,20.0,20.9
1348,1013.3,29.4,27.7,25.8,24.5,84.0,77.0,1.8,80.0,34.8
1349,1009.5,31.5,28.8,26.6,25.7,87.0,81.0,4.7,200.0,12.6
1350,1014.2,30.9,28.1,25.2,25.2,84.0,60.0,11.1,140.0,12.9
1351,1013.7,31.0,28.1,26.8,24.9,81.0,84.0,1.0,210.0,50.6
1352,1011.9,31.9,28.0,25.8,25.6,81.0,89.0,1.1,100.0,24.0
1353,1011.2,29.8,26.4,24.4,23.1,80.0,51.0,6.1,220.0,7.9
1354,1008.1,28.1,27.9,25.3,22.2,79.0,84.0,2.0,10.0,50.6
1355,1012.2,28.4,26.9,24.3,23.3,79.0,47.0,8.4,240.0,7.9
1356,1010.0,29.7,26.4,24.4,23.1,82.0,88.0,4.5,40.0,13.7
1357,1005.5,27.5,25.6,24.5,24.2,92.0,91.0,2.3,230.0,23.3
1358,1017.0,30.1,27.8,26.1,24.7,74.0,72.0,11.1,60.0,18.4
1359,1016.4,31.9,28.1,26.3,23.4,79.0,47.0,9.1,40.0,43.1
1360,1013.1,24.6,23.1,21.0,20.7,91.0,88.0,0.0,70.0,46.3
1361,1018.1,29.4,26.2,24.5,24.7,61.0,61.0,6.5,200.0,39.3
1362,1018.0,31.2,26.7,24.7,23.1,78.0,61.0,3.9,70.0,34.0
1363,1017.7,29.4,25.9,23.4,20.3,79.0,74.0,3.2,70.0,48.0
1364,1017.0,23.1,21.6,20.5,19.6,78.0,88.0,0.0,70.0,50.6
1365,1017.0,31.7,28.3,25.3,23.4,84.0,78.0,4.2,100.0,11.7
1366,1017.0,29.1,27.5,26.0,20.6,65.0,51.0,8.6,80.0,39.3
1367,1011.2,26.8,24.5,23.2,23.7,77.0,56.0,6.0,80.0,37.7
1368,1016.8,28.4,24.5,22.3,19.4,74.0,49.0,6.4,10.0,21.9
1369,1008.8,27.6,25.0,24.5,24.3,62.0,88.0,8.2,230.0,39.5
1370,1017.1,26.6,24.8,23.9,19.3,75.0,68.0,10.1,70.0,33.4
1371,1016.7,29.2,25.8,23.1,17.8,67.0,17.0,10.2,70.0,15.7
1372,1011.6,28.2,25.5,22.8,23.6,76.0,47.0,9.4,90.0,19.0
1373,1011.4,29.1,25.8,23.1,19.3,70.0,32.0,10.6,10.0,9.9
1374,1010.8,22.7,20.9,19.3,18.0,79.0,88.0,0.6,50.0,18.6
1375,1011.4,27.5,22.8,22.5,19.4,76.0,85.0,2.5,70.0,32.4
1376,1013.4,23.6,21.8,19.6,17.3,76.0,86.0,2.2,60.0,19.2
1377,1012.2,27.6,25.8,24.5,22.3,79.0,81.0,2.3,70.0,21.3
1378,1019.3,27.5,24.5,22.3,16.8,73.0,49.0,9.3,10.0,21.9
1379,1012.2,29.7,26.9,24.5,23.3,82.0,80.0,3.2,70.0,21.3
1380,1012.0,30.1,26.8,23.3,20.6,70.0,44.0,10.2,20.0,9.5
1381,1014.6,25.3,23.7,21.1,21.1,76.0,49.0,6.5,50.0,23.7
1382,1016.2,25.9,23.7,20.1,19.2,82.0,83.0,3.4,20.0,20.5
1383,1017.1,28.4,25.8,25.5,21.6,82.0,83.0,3.0,80.0,24.4
1384,1016.0,25.4,23.2,21.5,18.6,70.0,69.0,6.4,50.0,28.8
1385,1012.9,26.5,25.6,24.2,23.4,78.0,77.0,2.4,70.0,17.2
1386,1014.8,29.2,25.5,23.4,19.9,84.0,70.0,6.3,80.0,13.7
1387,1016.8,26.2,24.7,22.6,22.8,79.0,84.0,4.6,40.0,21.9
1388,1014.8,27.1,26.1,24.5,23.1,78.0,61.0,7.6,80.0,13.7
1389,1016.8,30.7,26.2,24.7,19.9,75.0,68.0,9.2,70.0,16.9
1390,1015.6,26.3,23.8,21.4,20.9,70.0,72.0,8.5,50.0,35.8
1391,1018.4,28.2,24.8,22.6,22.8,89.0,81.0,2.7,80.0,28.6
1392,1017.0,28.9,25.8,23.3,21.6,86.0,83.0,2.6,70.0,44.7
1393,1015.6,28.1,25.5,23.4,21.6,87.0,88.0,0.3,80.0,22.9
1394,1014.7,29.6,26.5,23.8,19.6,90.0,85.0,0.5,70.0,24.9
1395,1013.7,26.3,24.4,23.3,19.9,91.0,74.0,3.1,70.0,38.0
1396,1016.5,29.4,25.8,22.8,16.0,79.0,88.0,0.3,70.0,9.5
1397,1016.8,26.7,24.8,23.6,19.4,84.0,83.0,0.1,70.0,8.9
1398,1016.5,28.5,26.2,24.4,23.1,79.0,84.0,2.4,80.0,19.0
1399,1015.2,26.6,24.8,22.3,22.1,87.0,61.0,7.0,40.0,16.4
1400,1017.1,28.4,25.4,23.7,22.1,79.0,83.0,3.5,80.0,41.3
1401,1014.0,27.4,25.8,24.8,22.9,81.0,83.0,7.6,80.0,21.8
1402,1016.7,27.5,25.0,23.1,22.3,76.0,49.0,9.5,40.0,8.5
1403,1016.7,26.7,23.1,22.3,21.1,81.0,83.0,6.9,40.0,16.6
1404,1014.2,21.3,20.5,20.5,19.9,91.0,88.0,0.0,70.0,46.3
1405,1019.4,21.3,20.9,20.1,19.0,91.0,78.0,0.0,70.0,43.1
1406,1018.1,21.0,20.8,19.4,19.6,91.0,88.0,0.0,20.0,16.6
1407,1017.8,21.0,20.0,19.1,19.6,78.0,87.0,6.5,50.0,21.3
1408,1017.1,20.4,18.4,17.4,15.1,79.0,88.0,0.0,40.0,37.5
1409,1019.9,21.9,21.0,20.4,18.0,79.0,84.0,0.0,50.0,25.0
1410,1018.7,24.3,20.8,19.2,16.2,78.0,46.0,7.7,40.0,9.1
1411,1018.0,21.0,18.4,16.1,15.5,79.0,89.0,0.6,40.0,12.7
1412,1018.9,24.8,22.3,20.7,20.8,91.0,93.0,0.0,40.0,13.7
1413,1021.3,27.6,23.4,22.4,21.7,75.0,89.0,2.3,70.0,25.5
1414,1022.5,27.6,25.4,24.3,16.9,75.0,88.0,0.0,10.0,26.3
1415,1018.4,22.0,17.7,15.5,14.9,74.0,67.0,5.0,10.0,33.2
1416,1022.5,18.6,17.7,16.9,13.3,75.0,90.0,0.0,60.0,38.0
1417,1018.9,19.3,17.3,16.1,12.9,78.0,95.0,0.0,60.0,37.9
1418,1019.9,20.1,20.1,18.0,17.5,93.0,88.0,0.0,25.0,15.3
1419,1022.5,21.2,18.2,16.3,12.1,75.0,56.0,0.6,10.0,10.2
1420,1022.2,24.4,19.7,18.4,16.0,83.0,95.0,1.2,70.0,15.5
1421,1022.6,26.0,18.8,17.6,15.9,62.0,86.0,3.5,60.0,14.5
1422,1021.2,19.8,17.9,17.2,14.4,71.0,95.0,0.0,70.0,40.4
1423,1020.4,18.4,16.6,15.4,15.6,78.0,88.0,0.0,20.0,23.5
1424,1022.1,20.9,17.6,15.1,6.6,74.0,72.0,7.7,20.0,23.7
1425,1025.9,21.3,19.6,17.7,17.6,75.0,45.0,6.5,40.0,30.5
1426,1019.5,16.2,15.2,14.6,13.9,90.0,92.0,0.0,70.0,43.1
1427,1016.8,20.9,19.3,17.6,15.5,95.0,92.0,0.0,60.0,44.7
1428,1022.6,17.2,16.2,15.2,13.1,79.0,88.0,0.0,70.0,43.1
1429,1024.3,21.3,19.4,19.4,13.9,91.0,87.0,0.4,50.0,24.4
1430,1016.8,16.4,15.3,15.3,15.2,86.0,88.0,0.1,50.0,10.9
1431,1016.8,16.7,15.5,14.2,12.9,79.0,94.0,0.0,40.0,19.0
1432,1020.4,18.4,15.3,14.6,12.9,79.0,88.0,0.0,60.0,38.0
1433,1026.4,18.6,17.3,15.5,12.5,79.0,86.0,0.6,20.0,29.7
1434,1017.1,17.5,16.6,15.4,15.5,85.0,92.0,0.0,70.0,39.7
1435,1025.4,17.4,16.6,15.7,13.5,75.0,90.0,1.0,20.0,25.0
1436,1020.6,20.8,18.4,16.2,7.4,67.0,88.0,0.0,40.0,27.0
1437,1024.4,17.2,15.2,13.3,9.8,75.0,87.0,2.0,20.0,20.8
1438,1021.3,17.2,14.9,12.8,11.8,90.0,88.0,0.1,50.0,27.4
1439,1023.8,21.6,20.4,19.9,17.5,74.0,79.0,1.7,40.0,21.3
1440,1023.8,19.9,15.5,12.7,8.4,67.0,72.0,7.0,30.0,19.0
1441,1024.3,17.4,17.3,16.3,15.3,89.0,88.0,0.0,40.0,28.8
1442,1018.1,17.3,16.5,15.6,15.6,90.0,91.0,1.0,60.0,39.5
1443,1020.9,17.8,16.4,15.3,12.8,76.0,91.0,0.0,20.0,42.0
1444,1022.6,21.6,18.8,16.8,13.1,92.0,82.0,0.1,50.0,23.9
1445,1020.2,17.3,15.3,14.9,13.1,84.0,88.0,0.0,30.0,28.3
1446,1019.9,20.7,19.3,17.1,13.3,67.0,86.0,0.6,70.0,33.0
1447,1018.1,20.6,18.8,17.2,14.7,75.0,82.0,2.4,20.0,24.9
1448,1017.6,20.6,18.8,17.1,15.1,75.0,84.0,0.0,40.0,35.6
1449,1018.1,23.8,21.2,19.6,19.8,86.0,83.0,2.3,80.0,24.4
1450,1016.8,21.1,18.8,17.4,15.3,75.0,88.0,0.0,50.0,30.3
1451,1022.2,21.6,18.2,16.4,14.6,77.0,88.0,0.0,50.0,24.8
1452,1023.2,20.6,17.8,14.4,13.4,75.0,88.0,0.0,20.0,23.3
1453,1017.1,18.9,17.5,16.5,16.8,88.0,91.0,0.0,20.0,30.0
1454,1016.8,18.9,17.7,16.9,16.8,96.0,95.0,0.0,50.0,17.5
1455,1016.4,16.3,16.6,15.9,15.0,91.0,96.0,0.0,70.0,37.0
1456,1013.9,18.9,17.1,15.3,16.9,79.0,94.0,0.0,70.0,24.0
1457,1013.0,22.2,20.5,19.1,17.9,79.0,81.0,2.2,70.0,28.6
1458,1014.5,18.7,17.6,17.0,17.4,97.0,95.0,0.0,50.0,25.0
1459,1016.6,21.1,19.1,17.1,13.0,94.0,97.0,0.0,30.0,50.6
1460,1021.9,19.3,18.1,17.3,16.3,95.0,100.0,0.0,70.0,26.5
1461,1015.3,21.9,18.7,17.3,16.8,85.0,95.0,0.0,60.0,21.9
1462,1017.7,20.9,19.3,18.9,18.0,87.0,91.0,0.0,70.0,50.7
1463,1020.0,21.1,18.4,16.6,14.0,75.0,56.0,3.3,60.0,55.5
1464,1027.1,10.8,7.4,8.1,2.5,61.0,95.0,0.1,20.0,24.0
1465,1022.7,15.1,13.3,9.8,11.5,93.0,100.0,0.0,40.0,24.5
1466,1027.4,10.4,10.4,8.1,2.2,77.0,92.0,0.0,60.0,39.5
1467,1017.8,17.4,13.7,9.8,11.4,98.0,99.0,0.0,50.0,38.3
1468,1024.7,10.9,8.9,7.0,4.6,79.0,96.0,0.0,70.0,27.9
1469,1023.8,15.1,13.2,9.6,4.0,70.0,61.0,10.1,20.0,27.3
1470,1017.7,14.6,11.6,10.0,10.9,92.0,88.0,0.1,70.0,50.6
1471,1019.0,16.3,12.1,10.3,8.7,66.0,88.0,0.2,20.0,23.4
1472,1023.9,18.2,17.2,15.4,13.7,69.0,55.0,2.4,60.0,55.5
1473,1022.9,18.5,16.5,14.7,15.0,91.0,93.0,0.0,20.0,25.0
1474,1024.3,17.5,13.1,11.4,3.1,58.0,81.0,0.0,20.0,14.6
1475,1023.3,15.3,13.3,10.6,3.2,72.0,22.0,9.2,20.0,44.7
1476,1020.8,16.2,13.1,10.6,1.1,77.0,60.0,10.2,20.0,30.3
1477,1024.9,15.3,12.8,10.0,8.6,63.0,91.0,0.0,20.0,18.0
1478,1027.8,19.7,16.7,14.7,11.1,67.0,44.0,9.9,20.0,20.5
1479,1023.6,12.5,10.4,8.8,6.2,72.0,20.0,9.1,20.0,33.4
1480,1020.1,13.3,14.4,11.6,10.5,89.0,85.0,1.9,20.0,9.9
1481,1021.8,21.8,18.4,16.5,14.0,72.0,40.0,10.0,40.0,14.6
1482,1018.7,15.4,13.1,13.4,12.3,95.0,87.0,0.3,50.0,12.4
1483,1013.4,23.1,21.1,20.7,20.8,98.0,88.0,0.0,50.0,39.9
1484,1026.9,19.6,18.6,17.9,12.4,85.0,88.0,0.5,20.0,21.6
1485,1014.2,18.6,17.1,16.9,16.8,95.0,95.0,0.0,60.0,27.4
1486,1017.4,25.3,22.1,20.4,19.6,72.0,20.0,10.1,40.0,15.2
1487,1020.5,21.8,18.2,15.8,9.7,62.0,19.0,9.2,20.0,26.1
1488,1019.7,17.6,15.4,14.4,14.3,90.0,96.0,0.0,40.0,15.5
1489,1025.8,17.3,15.4,13.3,3.7,64.0,91.0,2.4,70.0,18.0
1490,1013.9,20.9,20.6,19.4,19.9,73.0,83.0,2.0,70.0,14.8
1491,1016.2,24.8,18.6,17.3,16.5,75.0,78.0,1.2,15.0,22.3
1492,1016.8,23.4,22.4,20.8,16.5,76.0,45.0,9.5,80.0,39.7
1493,1020.4,17.2,15.1,14.0,14.1,89.0,88.0,0.0,60.0,29.8
1494,1025.2,16.8,13.5,10.6,10.1,72.0,40.0,9.2,20.0,16.0
1495,1015.0,23.5,21.6,20.4,20.6,75.0,48.0,9.5,40.0,21.2
1496,1024.9,17.3,15.2,14.6,11.5,79.0,46.0,5.0,70.0,39.5
1497,1020.2,21.2,18.9,17.2,15.0,74.0,35.0,9.8,30.0,18.6
1498,1025.4,18.8,16.1,13.8,11.1,76.0,49.0,9.1,20.0,30.2
1499,1021.2,16.5,15.9,13.1,12.6,92.0,90.0,0.0,20.0,29.8
1500,1020.4,20.7,18.4,17.6,14.3,78.0,90.0,0.2,70.0,43.8
1501,1012.5,25.3,21.5,19.1,19.9,89.0,76.0,3.5,40.0,15.8
1502,1020.6,18.9,15.2,14.7,13.3,75.0,46.0,9.8,20.0,24.5
1503,1019.9,17.1,16.1,15.3,12.9,89.0,91.0,0.0,60.0,37.5
1504,1022.1,20.5,19.0,17.2,16.9,82.0,78.0,1.1,70.0,21.9
1505,1023.8,18.5,16.7,15.6,15.9,91.0,89.0,1.7,40.0,9.5
1506,1013.0,21.3,18.6,17.1,16.0,79.0,86.0,0.0,70.0,30.6
1507,1022.5,19.0,17.8,16.9,15.0,95.0,95.0,0.0,60.0,41.3
1508,1013.4,20.3,18.1,17.4,16.8,79.0,88.0,0.1,20.0,8.9
1509,1017.8,17.4,16.0,15.0,15.5,86.0,79.0,0.1,60.0,12.5
1510,1016.5,17.4,16.6,15.3,14.4,87.0,100.0,0.0,20.0,40.8
1511,1013.3,17.1,16.6,15.9,16.0,94.0,100.0,0.0,60.0,35.1
1512,1019.9,21.3,19.5,18.4,18.1,81.0,84.0,0.5,50.0,20.0
1513,1016.0,22.1,20.4,19.0,18.9,92.0,86.0,0.0,50.0,14.0
1514,1025.9,18.6,16.6,15.6,13.7,78.0,88.0,0.0,40.0,24.4
1515,1014.8,21.2,20.8,19.2,17.1,86.0,83.0,1.6,50.0,21.9
1516,1012.2,18.5,17.6,15.4,13.1,94.0,88.0,0.2,100.0,23.5
1517,1012.2,19.4,17.3,15.6,15.9,87.0,87.0,2.3,50.0,28.4
1518,1018.1,20.4,17.6,15.6,15.6,97.0,99.0,1.6,80.0,19.2
1519,1020.9,17.3,16.3,15.2,12.7,76.0,83.0,0.0,50.0,29.7
1520,1022.5,15.5,13.7,12.3,10.0,92.0,95.0,0.0,20.0,26.5
1521,1022.3,15.5,13.6,11.7,11.5,92.0,95.0,0.0,20.0,25.0
1522,1013.9,23.1,21.5,20.1,19.3,77.0,88.0,0.0,70.0,32.5
1523,1022.9,20.9,18.1,14.0,12.1,98.0,91.0,0.0,20.0,27.1
1524,1020.4,19.2,18.1,17.1,14.9,75.0,91.0,0.0,60.0,26.2
1525,1023.5,15.9,12.8,10.1,11.7,65.0,83.0,0.0,20.0,17.5
1526,1014.8,21.3,19.9,17.6,18.1,90.0,82.0,2.5,20.0,21.6
1527,1014.5,16.3,15.3,14.6,13.3,92.0,99.0,0.0,70.0,34.0
1528,1023.8,17.2,14.8,11.7,8.4,69.0,22.0,9.0,20.0,12.5
1529,1020.3,18.5,19.2,17.7,13.3,60.0,38.0,9.3,60.0,8.5
1530,1017.4,25.2,20.6,19.9,19.9,79.0,81.0,2.5,50.0,16.0
1531,1022.1,22.8,18.6,16.7,12.4,65.0,67.0,2.7,50.0,32.9
1532,1016.4,24.9,22.2,20.8,17.8,79.0,83.0,3.5,70.0,29.8
1533,1017.1,26.8,21.8,19.9,18.5,79.0,28.0,9.5,70.0,7.4
1534,1013.6,26.5,23.1,19.1,16.8,86.0,75.0,6.7,60.0,28.6
1535,1012.5,26.9,22.5,17.7,14.0,69.0,68.0,7.5,70.0,9.2
1536,1016.8,25.2,23.1,21.3,21.4,94.0,88.0,0.0,80.0,19.3
1537,1012.5,26.3,24.3,23.1,22.1,93.0,86.0,2.2,80.0,29.6
1538,1012.5,27.8,25.5,24.4,22.9,86.0,82.0,2.4,70.0,28.0
1539,1011.3,22.2,19.8,18.7,16.9,86.0,89.0,0.1,40.0,37.0
1540,1010.5,19.6,18.2,18.0,16.5,95.0,95.0,0.0,70.0,19.0
1541,1010.8,24.3,21.4,20.4,19.5,86.0,77.0,7.3,60.0,9.5
1542,1011.5,26.5,23.1,20.6,17.0,91.0,89.0,0.3,70.0,12.1
1543,1011.4,24.4,22.1,21.3,22.1,88.0,82.0,0.5,40.0,16.2
1544,1011.2,24.7,21.4,20.1,20.6,92.0,83.0,0.4,120.0,5.5
1545,1016.8,26.1,24.8,22.0,22.3,84.0,90.0,0.5,40.0,22.2
1546,1014.9,27.3,25.9,23.1,21.4,92.0,90.0,4.4,80.0,30.3
1547,1010.1,27.1,25.7,23.1,20.1,90.0,83.0,1.0,190.0,12.1
1548,1010.6,25.2,24.3,24.4,21.6,95.0,86.0,0.0,50.0,17.3
1549,1013.0,27.8,25.5,23.6,20.8,90.0,81.0,1.0,70.0,26.4
1550,1012.5,28.4,23.8,21.0,22.1,91.0,86.0,2.0,70.0,24.2
1551,1010.2,28.2,25.5,23.3,22.9,90.0,83.0,3.0,210.0,12.1
1552,1011.5,26.2,25.2,24.3,23.8,89.0,88.0,1.2,50.0,21.4
1553,1014.6,25.4,24.7,23.2,23.2,96.0,85.0,3.5,80.0,17.2
1554,1012.5,27.6,25.5,24.0,22.9,86.0,83.0,3.5,40.0,22.5
1555,1010.1,27.6,25.8,24.5,19.5,94.0,88.0,1.0,40.0,16.9
1556,1013.4,27.7,25.8,24.5,23.1,85.0,88.0,0.6,70.0,7.3
1557,1012.0,28.2,25.2,24.5,24.4,86.0,88.0,1.1,120.0,9.8
1558,1007.8,28.5,26.2,24.3,23.8,87.0,69.0,5.0,70.0,15.1
1559,1012.4,25.2,23.1,21.7,18.2,80.0,83.0,3.9,60.0,34.3
1560,1014.5,28.2,25.9,23.7,23.4,79.0,81.0,1.2,220.0,15.7
1561,1014.5,29.4,26.8,24.7,23.6,82.0,89.0,1.4,280.0,12.7
1562,1008.5,30.3,27.1,25.8,24.4,81.0,84.0,1.0,40.0,24.2
1563,1010.4,27.7,25.8,24.8,23.3,82.0,84.0,3.2,170.0,26.3
1564,1013.0,27.9,26.5,25.4,24.7,91.0,88.0,0.4,100.0,35.1
1565,1009.9,30.8,28.1,25.1,25.2,89.0,88.0,1.0,200.0,16.2
1566,1013.3,29.8,27.6,26.6,24.4,90.0,80.0,3.5,240.0,18.4
1567,1009.9,28.6,26.9,25.8,25.3,81.0,85.0,1.2,30.0,26.8
1568,1010.5,30.8,28.1,25.0,25.0,81.0,86.0,2.1,90.0,14.3
1569,1008.8,27.7,25.8,24.8,24.8,87.0,88.0,0.9,220.0,21.9
1570,1010.3,30.1,27.8,24.2,23.3,85.0,79.0,7.8,90.0,22.3
1571,1012.3,27.4,25.4,24.9,23.1,80.0,70.0,6.4,230.0,16.5
1572,1013.4,30.6,27.6,25.5,23.1,76.0,78.0,5.8,80.0,16.9
1573,1009.9,27.4,26.9,24.2,24.6,84.0,72.0,6.9,70.0,12.5
1574,1010.5,30.9,27.4,25.0,25.0,89.0,81.0,1.0,230.0,24.4
1575,1009.9,28.5,26.8,24.9,19.8,87.0,71.0,6.6,20.0,18.0
1576,1013.0,29.0,26.9,24.9,22.4,88.0,88.0,6.1,60.0,33.5
1577,1008.9,30.1,28.0,26.0,25.3,89.0,88.0,0.3,110.0,9.4
1578,1012.1,26.7,24.7,23.4,23.0,85.0,81.0,2.5,70.0,39.5
1579,1011.6,29.2,26.1,24.8,23.8,91.0,88.0,0.1,80.0,18.4
1580,1006.8,29.5,26.9,25.8,25.3,89.0,86.0,1.6,220.0,9.2
1581,1006.3,30.8,27.9,26.6,23.1,89.0,82.0,2.1,190.0,15.3
1582,1006.4,30.3,28.6,26.8,24.5,94.0,88.0,0.3,230.0,20.9
1583,1012.4,30.4,26.8,24.5,23.1,82.0,61.0,5.0,80.0,9.1
1584,1011.2,28.0,25.4,24.0,23.0,86.0,82.0,1.1,80.0,7.9
1585,1006.7,27.8,25.1,24.1,22.9,89.0,87.0,1.8,200.0,20.8
1586,1008.8,30.7,27.5,24.0,25.5,84.0,87.0,2.4,190.0,21.9
1587,1009.8,28.4,26.2,25.9,25.4,77.0,78.0,3.3,70.0,31.9
1588,1007.2,30.7,29.0,26.4,25.3,84.0,77.0,2.4,150.0,12.0
1589,1008.3,32.0,28.7,24.9,21.6,84.0,75.0,6.7,20.0,7.9
1590,1012.2,31.9,29.9,28.3,24.9,75.0,72.0,8.4,180.0,8.0
1591,1009.6,32.5,29.6,27.5,25.9,89.0,89.0,3.2,220.0,17.2
1592,1008.1,33.0,30.1,28.1,26.1,79.0,78.0,7.7,230.0,26.8
1593,1008.1,31.6,27.2,26.4,24.3,89.0,88.0,6.0,230.0,25.0
1594,1008.0,33.2,30.1,27.2,24.4,87.0,83.0,5.0,50.0,38.3
1595,1007.9,31.5,28.5,26.9,25.5,82.0,88.0,2.4,230.0,20.8
1596,1011.5,29.1,26.8,24.8,22.9,78.0,60.0,8.4,20.0,19.0
1597,1006.7,31.7,28.6,27.3,25.3,90.0,77.0,1.1,230.0,23.3
1598,1008.2,32.3,29.4,26.3,25.3,84.0,72.0,7.7,220.0,9.5
1599,1008.6,33.8,30.2,28.1,25.9,81.0,51.0,10.6,240.0,33.2
1600,1008.9,33.3,30.2,28.4,25.9,76.0,49.0,9.2,220.0,29.3
1601,1008.5,32.4,29.9,27.6,26.1,82.0,89.0,1.1,220.0,4.5
1602,1009.1,30.6,27.9,26.9,25.6,88.0,83.0,2.5,290.0,39.5
1603,1005.3,31.3,29.4,28.3,26.3,84.0,88.0,0.3,220.0,28.8
1604,1009.5,33.2,30.3,28.1,25.9,72.0,60.0,9.7,220.0,28.8
1605,1005.9,32.9,30.1,29.3,26.3,81.0,83.0,2.1,230.0,16.3
1606,1006.8,32.8,30.0,28.1,24.0,76.0,48.0,7.8,10.0,11.3
1607,1007.9,32.0,29.7,28.0,25.2,70.0,38.0,9.1,220.0,11.8
1608,1009.9,33.7,29.1,28.9,25.7,79.0,56.0,7.1,100.0,39.5
1609,1008.2,33.9,29.1,26.4,24.4,79.0,83.0,6.4,230.0,24.5
1610,1009.7,32.4,30.7,29.1,26.3,87.0,78.0,6.3,220.0,46.3
1611,1008.9,33.7,30.6,28.9,26.7,87.0,84.0,3.3,230.0,24.2
1612,1009.5,33.7,30.7,26.8,24.3,74.0,72.0,7.7,210.0,15.9
1613,1008.5,34.2,30.1,28.7,24.4,72.0,22.0,10.5,240.0,9.5
1614,1008.7,34.8,30.4,28.4,26.3,80.0,81.0,6.4,290.0,7.4
1615,1006.5,34.8,30.0,26.3,24.3,60.0,38.0,11.4,220.0,9.2
1616,1008.2,33.2,30.4,29.0,24.0,72.0,35.0,11.4,180.0,9.1
1617,1005.5,33.1,30.0,28.4,26.1,81.0,88.0,0.1,240.0,15.2
1618,1007.9,33.0,30.1,27.8,25.1,76.0,32.0,6.4,220.0,11.7
1619,1005.3,34.0,30.2,28.0,25.0,75.0,41.0,12.0,220.0,12.5
1620,1006.5,33.2,30.7,28.7,26.2,89.0,88.0,1.3,190.0,15.4
1621,1006.5,32.6,29.8,27.4,25.0,85.0,74.0,6.7,100.0,12.6
1622,1008.4,32.0,29.6,27.3,25.3,82.0,69.0,9.1,220.0,26.0
1623,1007.9,33.3,30.1,28.1,26.1,80.0,83.0,6.9,230.0,27.6
1624,1007.8,32.0,29.0,27.7,26.5,78.0,84.0,6.5,210.0,27.1
1625,1007.7,34.7,30.7,28.4,25.0,74.0,44.0,8.4,210.0,10.9
1626,1008.9,31.4,29.4,27.5,26.7,86.0,84.0,1.2,220.0,28.6
1627,1007.7,31.2,28.9,25.8,24.7,84.0,67.0,7.9,220.0,12.8
1628,1005.5,31.7,29.0,27.2,24.8,79.0,67.0,4.2,190.0,33.0
1629,999.6,32.3,29.9,26.9,26.0,77.0,84.0,7.1,180.0,23.5
1630,1008.1,33.8,30.0,28.0,26.3,86.0,81.0,2.1,240.0,30.6
1631,1006.8,35.3,31.3,28.0,26.4,75.0,32.0,10.6,150.0,12.5
1632,1003.5,29.7,27.8,26.0,25.9,86.0,88.0,0.0,230.0,13.1
1633,1005.5,31.4,28.9,26.3,26.3,87.0,80.0,5.9,230.0,14.2
1634,1009.4,31.2,28.4,26.5,25.8,85.0,88.0,0.7,220.0,18.6
1635,1007.9,32.0,29.2,27.7,25.1,82.0,57.0,5.1,270.0,26.2
1636,1002.5,34.0,30.7,27.0,26.2,83.0,77.0,3.7,230.0,13.1
1637,1008.6,33.0,30.7,27.0,26.7,79.0,86.0,2.5,230.0,25.0
1638,1009.9,32.7,30.1,28.9,26.1,81.0,53.0,5.0,220.0,15.0
1639,1009.1,34.7,30.6,28.2,25.8,87.0,85.0,1.1,220.0,17.2
1640,1006.1,35.1,30.3,27.3,26.3,85.0,80.0,5.6,230.0,22.5
1641,1010.7,30.8,28.7,27.6,25.3,78.0,51.0,9.2,200.0,20.5
1642,1010.9,34.0,30.6,27.9,26.0,84.0,73.0,2.8,280.0,16.4
1643,1010.9,32.8,29.9,28.0,25.3,80.0,83.0,6.3,230.0,15.5
1644,1005.0,32.2,29.3,25.4,25.0,72.0,49.0,8.3,270.0,24.3
1645,1007.6,34.7,31.4,26.0,26.4,80.0,28.0,11.2,170.0,9.9
1646,1007.9,31.7,28.1,26.4,24.8,78.0,29.0,7.1,220.0,8.3
1647,1000.0,33.0,30.0,29.0,25.3,77.0,38.0,10.0,170.0,15.3
1648,1008.1,32.2,28.9,26.9,25.6,77.0,47.0,8.8,100.0,16.0
1649,1008.8,32.8,29.1,26.4,25.7,84.0,88.0,2.2,210.0,9.5
1650,1009.9,33.3,29.4,28.4,25.2,81.0,80.0,6.9,220.0,16.0
1651,1009.1,32.1,29.3,27.4,25.4,84.0,80.0,6.5,220.0,17.2
1652,1008.1,32.0,29.1,27.1,26.1,81.0,82.0,2.2,230.0,17.3
1653,1009.3,33.0,30.7,28.4,24.5,72.0,32.0,10.4,260.0,21.8
1654,1007.9,33.5,30.1,27.8,24.5,74.0,43.0,10.8,20.0,8.0
1655,1008.9,32.0,29.4,27.5,25.4,79.0,78.0,6.4,10.0,11.1
1656,1009.4,33.4,30.2,28.2,24.5,82.0,78.0,8.8,230.0,22.1
1657,1008.8,33.3,30.1,27.9,24.3,75.0,48.0,10.1,220.0,15.8
1658,1009.2,32.2,29.6,26.8,24.8,78.0,44.0,10.0,190.0,11.0
1659,1006.4,35.8,30.2,28.8,24.9,80.0,33.0,11.4,230.0,14.5
1660,999.0,35.2,31.0,28.1,26.1,77.0,57.0,10.1,160.0,12.0
1661,1007.8,35.6,31.3,26.9,26.3,80.0,83.0,6.5,20.0,25.5
1662,1010.9,31.7,28.4,26.0,25.4,84.0,84.0,2.2,40.0,17.2
1663,1006.6,33.0,28.2,26.2,24.4,75.0,72.0,8.5,220.0,9.8
1664,1011.6,34.0,31.1,26.8,26.1,87.0,80.0,8.3,160.0,13.0
1665,1009.9,32.2,28.2,26.3,25.6,86.0,85.0,1.0,220.0,7.9
1666,1011.1,31.5,28.9,26.7,25.7,89.0,81.0,2.5,100.0,24.4
1667,1010.4,31.0,29.6,26.9,26.5,81.0,77.0,4.6,90.0,19.8
1668,1005.1,32.4,30.0,29.2,25.2,82.0,81.0,3.6,200.0,15.3
1669,1006.2,30.6,28.8,25.2,25.1,65.0,55.0,3.4,70.0,18.0
1670,1011.1,31.9,28.3,26.6,24.3,85.0,88.0,1.0,80.0,14.6
1671,1008.5,31.5,28.4,26.8,24.3,81.0,82.0,6.0,230.0,25.2
1672,1005.9,30.0,29.9,28.1,25.8,82.0,69.0,6.9,300.0,17.2
1673,1005.3,28.7,27.4,25.4,24.4,89.0,87.0,0.1,220.0,22.5
1674,1008.3,31.0,28.1,26.8,25.9,79.0,87.0,1.5,220.0,25.1
1675,1006.5,31.8,28.3,26.7,25.3,81.0,88.0,3.6,220.0,12.6
1676,1008.2,31.7,29.8,27.7,23.4,81.0,70.0,9.4,130.0,10.0
1677,1008.5,32.0,29.8,28.1,25.3,81.0,78.0,6.7,300.0,21.9
1678,1006.9,35.1,31.0,26.5,25.0,76.0,60.0,10.8,60.0,12.6
1679,1001.5,33.9,30.6,26.3,24.8,74.0,41.0,9.8,70.0,12.3
1680,1005.4,31.9,28.2,25.6,23.3,81.0,40.0,9.8,280.0,8.3
1681,1005.9,28.6,27.8,25.4,25.3,91.0,88.0,0.1,190.0,11.7
1682,1007.8,30.7,27.8,26.5,24.5,84.0,87.0,0.3,230.0,20.4
1683,1007.9,31.4,28.3,26.5,25.0,81.0,88.0,3.2,220.0,15.7
1684,1008.1,29.6,26.5,25.0,23.2,78.0,43.0,9.8,110.0,8.9
1685,1008.3,30.1,26.8,24.5,24.1,81.0,67.0,7.5,100.0,6.1
1686,1005.2,29.1,26.5,25.5,25.4,89.0,88.0,0.8,60.0,19.3
1687,1008.1,28.2,26.0,24.8,24.7,89.0,84.0,1.2,180.0,8.1
1688,1010.4,29.7,27.8,26.4,25.8,73.0,78.0,6.8,100.0,8.9
1689,1008.5,29.5,26.5,25.4,25.4,84.0,88.0,1.1,80.0,22.5
1690,1007.5,32.1,29.5,28.4,23.1,79.0,60.0,7.5,180.0,22.0
1691,1011.0,30.8,27.7,25.5,23.1,84.0,72.0,8.5,140.0,11.8
1692,1009.5,31.0,29.8,28.2,24.5,78.0,78.0,7.7,220.0,26.4
1693,1008.7,32.9,29.4,26.7,25.8,78.0,84.0,3.6,220.0,20.0
1694,1011.1,29.1,26.7,24.8,23.3,79.0,78.0,4.6,220.0,25.2
1695,1011.0,28.3,27.2,25.9,22.5,75.0,32.0,8.5,20.0,5.7
1696,1008.8,31.2,28.1,26.9,25.8,86.0,83.0,2.5,220.0,38.0
1697,1010.4,30.3,27.6,25.5,21.9,80.0,68.0,7.6,60.0,36.0
1698,1012.7,28.5,25.9,24.5,22.9,82.0,60.0,9.3,60.0,15.0
1699,1013.3,31.3,28.7,26.9,24.7,76.0,75.0,2.8,120.0,18.8
1700,1013.2,31.7,28.0,26.8,24.4,76.0,46.0,8.8,220.0,30.5
1701,1011.4,30.8,28.2,26.9,25.2,78.0,76.0,3.9,200.0,25.0
1702,1007.9,29.2,28.2,26.7,25.9,85.0,88.0,0.4,70.0,28.4
1703,1011.4,27.9,26.6,25.4,25.6,90.0,85.0,1.2,190.0,15.0
1704,1014.8,31.9,28.0,26.5,24.8,74.0,46.0,7.6,50.0,12.6
1705,1013.0,31.7,28.3,26.8,25.3,81.0,84.0,2.1,140.0,8.1
1706,1011.4,31.5,28.7,26.4,24.5,82.0,84.0,3.6,180.0,13.9
1707,1009.9,31.3,29.7,26.8,24.5,77.0,83.0,0.7,220.0,37.0
1708,1006.2,31.0,29.7,28.0,26.3,73.0,88.0,2.1,230.0,38.3
1709,1006.6,29.4,27.5,25.8,25.5,86.0,82.0,1.6,70.0,13.0
1710,1006.4,30.6,28.6,26.4,24.8,80.0,83.0,0.6,190.0,23.9
1711,1007.4,30.4,28.8,26.8,24.8,58.0,46.0,9.1,230.0,16.0
1712,1011.4,32.0,29.8,26.8,22.1,73.0,50.0,10.0,10.0,12.0
1713,1010.1,29.3,27.8,26.3,25.4,82.0,83.0,3.1,90.0,20.7
1714,1011.5,29.7,27.9,25.8,25.5,81.0,88.0,2.5,80.0,15.7
1715,1008.1,29.7,26.9,24.3,24.4,87.0,78.0,3.5,220.0,37.9
1716,1008.7,30.1,28.0,27.9,26.3,91.0,89.0,2.1,80.0,25.0
1717,1011.2,28.9,26.7,24.8,23.9,86.0,65.0,5.2,90.0,50.7
1718,1014.1,27.6,26.4,25.5,25.8,93.0,88.0,0.4,100.0,16.1
1719,1005.9,28.8,27.5,26.0,25.0,93.0,88.0,0.0,230.0,25.0
1720,1012.2,28.2,26.4,25.4,24.4,89.0,90.0,1.2,40.0,19.8
1721,1008.2,29.5,26.6,24.9,24.2,82.0,87.0,0.4,220.0,13.2
1722,1005.3,28.7,25.3,23.5,22.3,88.0,84.0,1.2,30.0,7.9
1723,1017.5,31.3,28.0,25.5,26.3,84.0,89.0,2.2,170.0,13.8
1724,1018.1,27.5,26.2,24.0,23.2,77.0,53.0,11.0,230.0,11.1
1725,1016.8,31.1,28.8,26.1,24.3,82.0,79.0,5.0,300.0,10.3
1726,1016.3,30.0,28.3,26.8,24.7,79.0,49.0,4.2,180.0,31.7
1727,1016.4,30.5,26.8,24.2,23.1,76.0,56.0,5.7,180.0,23.2
1728,1018.6,26.0,24.4,22.4,22.3,92.0,89.0,0.4,80.0,25.1
1729,1017.8,30.3,27.1,24.8,24.8,81.0,72.0,7.7,230.0,11.9
1730,1011.5,26.2,23.9,22.9,22.8,93.0,84.0,1.6,80.0,41.3
1731,1018.8,29.8,27.9,26.3,23.1,78.0,79.0,3.6,70.0,11.1
1732,1015.6,28.2,26.6,25.4,25.4,87.0,82.0,0.3,80.0,25.1
1733,1017.8,24.9,22.8,21.1,19.9,81.0,83.0,2.4,60.0,23.7
1734,1017.3,24.4,23.9,21.3,19.6,79.0,47.0,9.5,80.0,9.1
1735,1016.0,28.7,26.0,25.3,22.8,89.0,81.0,2.1,220.0,17.2
1736,1012.0,30.8,27.0,24.0,20.6,75.0,48.0,9.1,10.0,21.6
1737,1016.8,26.6,25.4,24.7,21.4,79.0,77.0,3.4,80.0,27.1
1738,1017.8,27.7,24.2,23.8,22.4,83.0,82.0,7.6,80.0,15.9
1739,1016.4,25.1,23.1,21.1,21.8,80.0,61.0,7.8,80.0,12.1
1740,1017.1,29.8,25.4,23.7,21.4,77.0,83.0,6.0,70.0,15.5
1741,1016.7,26.3,25.8,24.5,22.0,83.0,80.0,6.5,70.0,28.4
1742,1011.5,28.6,25.3,22.5,22.9,80.0,67.0,8.8,80.0,33.4
1743,1019.9,26.6,24.9,22.3,19.5,76.0,44.0,8.8,50.0,18.0
1744,1018.8,26.6,24.3,23.1,19.7,79.0,78.0,3.0,80.0,29.0
1745,1010.5,28.3,25.5,23.2,19.6,74.0,49.0,7.8,90.0,39.5
1746,1013.0,28.7,25.9,24.0,23.2,80.0,81.0,1.0,70.0,15.9
1747,1014.1,28.2,24.1,22.5,20.8,83.0,71.0,6.8,90.0,22.0
1748,1014.9,25.3,23.3,22.3,20.4,78.0,80.0,1.0,40.0,29.7
1749,1015.0,27.1,24.5,21.0,21.6,81.0,81.0,3.5,40.0,13.2
1750,1017.7,27.7,25.9,23.4,21.1,81.0,86.0,2.5,80.0,24.5
1751,1013.0,30.2,26.3,24.2,21.8,83.0,84.0,3.1,70.0,14.5
1752,1010.3,30.6,27.0,25.5,23.4,84.0,58.0,7.7,100.0,14.8
1753,1012.5,26.7,24.5,23.7,22.6,77.0,84.0,3.5,80.0,22.0
1754,1018.1,26.8,24.5,23.1,22.2,82.0,81.0,1.6,80.0,26.7
1755,1016.8,26.0,24.8,23.7,21.4,85.0,83.0,0.0,70.0,31.7
1756,1017.2,28.9,25.2,23.7,19.1,87.0,82.0,2.0,70.0,16.2
1757,1014.8,28.2,25.5,24.0,22.1,87.0,80.0,3.5,40.0,15.8
1758,1015.2,26.3,23.1,21.3,20.7,91.0,88.0,0.0,50.0,20.5
1759,1018.9,24.5,23.7,20.4,16.0,93.0,88.0,2.9,50.0,25.0
1760,1018.3,27.4,25.8,24.2,23.7,88.0,84.0,3.9,80.0,14.5
1761,1017.7,25.3,24.9,22.8,21.6,82.0,83.0,3.5,50.0,8.3
1762,1016.4,27.2,25.4,24.0,22.9,84.0,85.0,3.4,40.0,8.0
1763,1017.7,26.8,25.8,22.1,21.3,81.0,88.0,2.4,70.0,8.6
1764,1019.0,28.4,25.9,23.1,21.6,84.0,81.0,2.3,70.0,7.9
1765,1014.3,28.2,26.6,23.4,23.8,79.0,47.0,4.9,70.0,24.8
1766,1015.0,27.9,26.1,25.2,23.5,89.0,88.0,2.4,80.0,21.8
1767,1017.1,29.1,26.0,24.9,23.3,84.0,77.0,4.6,70.0,12.4
1768,1014.6,29.1,25.8,23.3,22.3,84.0,70.0,6.7,40.0,9.1
1769,1015.2,25.8,22.2,18.9,14.6,75.0,56.0,5.9,70.0,14.3
1770,1014.3,22.2,20.7,20.1,20.4,92.0,88.0,0.0,50.0,13.0
1771,1017.0,24.8,22.1,20.6,19.4,90.0,87.0,2.7,70.0,39.9
1772,1021.1,22.3,19.6,19.3,16.3,78.0,58.0,1.1,30.0,11.1
1773,1016.8,25.6,22.1,21.0,19.8,92.0,88.0,0.1,70.0,28.8
1774,1018.5,21.3,18.3,17.2,15.1,86.0,88.0,0.7,50.0,17.2
1775,1018.0,21.5,20.9,19.3,19.3,91.0,84.0,1.1,70.0,33.4
1776,1015.1,27.5,23.7,22.2,21.3,91.0,93.0,5.9,70.0,22.5
1777,1021.6,23.4,19.7,18.5,15.4,80.0,78.0,0.0,70.0,16.4
1778,1015.5,23.7,21.5,20.2,18.8,87.0,88.0,0.5,80.0,29.0
1779,1019.8,20.1,19.2,18.4,16.8,82.0,91.0,0.0,70.0,38.0
1780,1020.5,21.3,17.5,15.3,14.3,78.0,46.0,9.7,70.0,11.9
1781,1017.7,20.6,17.8,15.5,13.3,79.0,85.0,5.9,20.0,24.2
1782,1017.4,18.4,17.4,16.5,15.3,95.0,95.0,0.0,10.0,24.4
1783,1017.9,21.2,19.4,17.2,16.8,95.0,95.0,0.0,50.0,16.4
1784,1018.5,20.6,18.1,16.3,15.3,93.0,93.0,0.4,80.0,20.3
1785,1018.3,18.5,18.0,17.2,16.4,95.0,95.0,0.0,40.0,13.0
1786,1020.2,20.7,18.6,17.7,14.2,70.0,38.0,9.1,20.0,24.5
1787,1022.8,21.3,18.6,16.2,15.3,59.0,46.0,8.4,70.0,29.8
1788,1017.1,18.2,17.8,16.8,15.4,93.0,95.0,0.1,60.0,20.5
1789,1020.4,17.2,15.5,14.6,12.9,92.0,88.0,0.0,20.0,31.7
1790,1021.8,16.5,15.3,12.7,13.9,76.0,86.0,0.1,10.0,21.8
1791,1020.6,17.1,13.2,12.7,9.3,59.0,84.0,0.0,10.0,22.3
1792,1025.6,20.3,18.0,17.7,13.5,75.0,77.0,1.0,20.0,26.0
1793,1024.8,17.1,15.0,14.4,13.4,75.0,59.0,8.7,60.0,29.7
1794,1019.8,16.2,15.4,14.6,12.0,95.0,95.0,0.0,50.0,15.7
1795,1020.3,17.3,16.6,15.3,13.6,92.0,86.0,0.0,20.0,28.4
1796,1020.9,18.8,16.1,14.7,12.1,75.0,81.0,1.6,30.0,13.8
1797,1024.1,17.4,16.4,14.9,11.2,75.0,43.0,6.5,30.0,21.5
1798,1022.5,20.6,16.6,14.8,11.5,65.0,49.0,9.1,10.0,27.4
1799,1023.6,17.4,14.8,11.6,11.6,77.0,88.0,0.1,50.0,25.1
1800,1024.1,17.5,14.8,14.0,10.0,73.0,88.0,0.0,20.0,29.0
1801,1022.3,15.5,13.7,11.6,1.7,95.0,94.0,0.0,20.0,33.2
1802,1018.4,21.4,18.8,17.5,18.1,70.0,67.0,2.9,20.0,12.3
1803,1022.9,21.4,19.4,18.6,17.4,70.0,59.0,5.7,20.0,10.3
1804,1022.4,18.0,14.8,13.6,11.6,75.0,88.0,0.0,30.0,20.0
1805,1016.8,23.5,22.2,20.1,18.0,75.0,79.0,4.5,80.0,25.5
1806,1018.9,21.3,19.7,18.3,15.5,86.0,83.0,0.6,20.0,20.5
1807,1021.3,15.5,13.8,11.6,11.6,93.0,88.0,0.0,20.0,24.2
1808,1020.6,16.2,15.2,14.6,14.7,93.0,88.0,0.1,60.0,33.4
1809,1020.6,18.8,16.5,13.9,12.0,73.0,90.0,0.0,40.0,30.3
1810,1023.4,20.6,18.8,16.4,15.0,58.0,57.0,9.0,60.0,19.2
1811,1016.8,22.3,20.7,20.4,19.6,90.0,88.0,0.0,50.0,28.3
1812,1018.0,18.6,17.7,15.8,14.9,79.0,91.0,0.0,70.0,26.1
1813,1016.7,22.9,20.3,19.1,17.6,85.0,89.0,0.6,40.0,22.2
1814,1022.4,21.3,20.7,19.6,16.4,76.0,44.0,3.0,50.0,24.9
1815,1024.0,20.3,20.5,17.8,14.5,77.0,86.0,0.0,60.0,34.3
1816,1020.4,19.6,18.0,16.4,13.3,77.0,91.0,0.0,20.0,28.6
1817,1017.7,20.6,16.8,14.6,12.1,79.0,80.0,2.3,60.0,33.0
1818,1017.5,17.5,16.4,15.8,15.9,85.0,91.0,1.5,50.0,19.0
1819,1016.7,16.7,15.5,14.8,13.6,97.0,93.0,0.0,50.0,25.1
1820,1015.2,17.5,16.6,15.6,15.5,95.0,88.0,0.0,60.0,37.7
1821,1011.5,20.9,17.4,16.6,16.0,87.0,90.0,0.6,20.0,23.3
1822,1012.6,20.5,19.2,18.4,17.9,93.0,93.0,0.0,30.0,31.9
1823,1014.3,19.7,18.4,16.4,16.4,82.0,81.0,2.4,20.0,30.0
1824,1013.3,17.4,16.6,15.3,15.4,96.0,91.0,1.6,60.0,43.8
1825,1013.4,16.2,15.2,13.9,15.9,86.0,88.0,0.0,20.0,43.1
1826,1014.3,23.1,20.7,17.6,18.5,92.0,88.0,0.6,70.0,41.4
1827,1014.9,16.4,15.3,14.4,14.0,96.0,100.0,0.0,50.0,55.5
1828,1032.3,17.3,17.3,16.7,16.6,73.0,83.0,0.0,30.0,19.3
1829,1027.9,17.3,14.8,11.7,9.6,77.0,89.0,0.0,20.0,42.0
1830,1025.9,17.0,13.7,12.4,9.8,96.0,94.0,0.0,30.0,21.9
1831,1020.8,12.2,10.2,7.7,2.7,46.0,29.0,9.0,20.0,26.0
1832,1017.8,17.2,17.9,16.0,15.7,98.0,93.0,0.0,40.0,59.5
1833,1022.9,11.6,11.3,10.9,8.4,59.0,86.0,0.0,30.0,28.6
1834,1027.6,17.2,15.5,12.7,9.9,76.0,89.0,0.5,20.0,48.0
1835,1013.7,16.3,15.2,14.6,13.3,90.0,100.0,0.0,70.0,30.0
1836,1027.5,14.3,13.4,11.6,3.4,72.0,95.0,0.0,20.0,22.0
1837,1011.5,18.6,17.4,15.4,16.0,77.0,88.0,0.1,30.0,32.5
1838,1024.3,17.4,12.9,10.9,8.1,77.0,93.0,0.0,20.0,26.8
1839,1023.3,18.2,16.5,14.5,12.5,72.0,51.0,10.0,30.0,11.3
1840,1034.6,10.4,8.7,7.0,2.4,46.0,19.0,10.0,20.0,34.3
1841,1024.7,15.1,13.7,11.6,6.0,59.0,86.0,10.2,20.0,19.3
1842,1024.3,14.3,13.3,12.5,10.7,73.0,88.0,0.1,60.0,32.9
1843,1024.4,19.1,17.4,14.6,13.0,70.0,46.0,10.1,60.0,11.3
1844,1023.8,20.2,16.6,14.4,11.4,78.0,2.0,10.2,40.0,9.6
1845,1020.6,15.3,13.8,11.4,3.9,76.0,93.0,0.0,20.0,40.0
1846,1025.4,20.1,18.4,15.2,13.3,74.0,72.0,7.6,20.0,9.2
1847,1014.6,18.5,17.3,16.1,16.1,98.0,100.0,0.0,50.0,20.0
1848,1012.5,22.8,20.9,19.6,19.0,86.0,88.0,0.0,200.0,22.5
1849,1019.9,20.5,19.6,17.6,16.4,90.0,97.0,0.0,40.0,26.8
1850,1013.7,19.4,18.1,17.2,15.3,96.0,96.0,0.0,10.0,14.3
1851,1013.4,18.9,17.7,16.9,16.8,90.0,89.0,1.2,70.0,44.7
1852,1013.3,24.3,21.5,19.9,19.3,91.0,78.0,1.5,40.0,14.5
1853,1013.7,24.9,21.3,20.5,19.2,89.0,88.0,0.6,70.0,32.4
1854,1021.3,25.5,20.6,19.1,12.3,70.0,38.0,9.6,20.0,11.3
1855,1015.0,24.8,22.4,20.8,17.8,79.0,80.0,3.6,70.0,33.5
1856,1013.0,24.9,22.2,20.3,19.9,81.0,88.0,2.2,20.0,25.9
1857,1013.1,24.6,21.3,19.1,20.6,90.0,81.0,2.1,40.0,23.3
1858,1014.7,24.3,22.2,20.7,16.9,79.0,85.0,2.4,20.0,25.0
1859,1023.6,23.8,20.7,19.2,15.0,71.0,53.0,10.0,70.0,43.1
1860,1014.5,19.7,17.8,16.9,16.8,95.0,95.0,0.0,30.0,22.3
1861,1017.7,17.1,16.1,15.6,15.5,95.0,93.0,0.0,40.0,14.5
1862,1020.6,25.1,21.8,19.2,16.4,71.0,88.0,0.6,20.0,40.0
1863,1016.7,18.5,16.5,15.6,14.8,95.0,95.0,0.0,60.0,40.4
1864,1015.8,20.4,18.4,17.2,15.0,74.0,90.0,0.0,70.0,33.5
1865,1018.2,25.3,22.4,20.3,19.8,83.0,81.0,1.8,70.0,9.2
1866,1017.0,24.8,22.3,20.3,17.3,82.0,49.0,6.5,60.0,20.5
1867,1026.9,18.1,17.4,16.6,12.6,79.0,72.0,6.5,40.0,19.0
1868,1020.5,15.2,14.6,14.6,12.5,90.0,80.0,0.0,50.0,39.5
1869,1017.0,16.7,15.5,14.7,14.6,82.0,94.0,0.0,70.0,41.4
1870,1015.0,20.3,18.1,17.1,15.5,91.0,87.0,0.7,40.0,14.0
1871,1013.0,15.8,15.3,14.7,11.0,79.0,93.0,0.0,70.0,39.5
1872,1014.6,20.3,18.4,15.7,16.4,94.0,91.0,0.3,20.0,10.2
1873,1013.7,22.3,20.1,18.8,19.2,91.0,80.0,0.0,40.0,12.4
1874,1020.4,15.8,12.5,11.8,11.1,75.0,88.0,0.0,20.0,21.9
1875,1013.4,21.0,19.0,17.1,18.7,95.0,100.0,0.0,50.0,28.6
1876,1018.2,22.6,18.2,17.7,16.0,96.0,99.0,0.0,60.0,22.5
1877,1017.8,15.5,13.6,11.4,11.1,96.0,100.0,0.0,20.0,34.2
1878,1020.9,17.3,15.4,13.4,9.6,93.0,95.0,0.0,20.0,18.8
1879,1017.7,23.0,20.8,18.2,15.0,77.0,53.0,10.2,70.0,39.5
1880,1015.6,19.1,17.5,16.8,16.6,97.0,95.0,0.0,40.0,23.2
1881,1018.9,16.3,15.3,14.2,13.3,92.0,95.0,0.0,70.0,34.8
1882,1012.2,24.8,21.6,19.6,19.1,87.0,88.0,0.6,50.0,16.4
1883,1012.0,25.2,21.3,20.2,19.9,79.0,88.0,2.0,80.0,26.8
1884,1018.4,25.3,21.2,19.9,18.2,83.0,85.0,3.2,40.0,13.8
1885,1012.2,20.4,17.8,16.9,16.1,90.0,90.0,2.1,60.0,39.7
1886,1014.9,20.8,18.1,16.9,15.8,78.0,88.0,0.0,20.0,39.3
1887,1015.5,17.4,16.6,15.4,15.7,98.0,99.0,0.0,60.0,36.0
1888,1018.4,17.2,16.3,15.3,15.3,95.0,100.0,0.2,30.0,41.3
1889,1020.4,16.2,15.9,14.5,9.5,72.0,44.0,10.7,20.0,35.3
1890,1018.4,19.2,17.3,16.4,11.8,62.0,46.0,10.9,40.0,20.5
1891,1020.4,23.1,18.3,17.4,16.8,64.0,29.0,6.7,20.0,29.2
1892,1016.8,23.1,18.4,17.2,20.5,68.0,19.0,10.2,40.0,24.8
1893,1022.7,17.3,15.7,12.3,11.8,78.0,40.0,9.1,20.0,38.3
1894,1016.5,17.1,16.3,15.3,13.7,79.0,89.0,0.0,20.0,28.8
1895,1013.0,21.6,20.9,19.0,18.9,92.0,87.0,2.5,30.0,22.8
1896,1017.9,16.7,15.6,14.0,11.0,92.0,93.0,0.0,40.0,20.4
1897,1016.2,25.4,22.4,21.0,20.6,92.0,88.0,0.4,40.0,17.2
1898,1015.9,23.3,21.1,20.5,17.3,96.0,88.0,0.1,80.0,7.9
1899,1013.9,24.9,22.3,20.6,21.4,86.0,88.0,0.2,80.0,19.7
1900,1013.1,25.2,23.1,20.7,20.7,86.0,83.0,5.6,30.0,30.0
1901,1013.2,24.9,23.3,21.1,22.3,95.0,81.0,0.0,50.0,28.7
1902,1015.4,26.5,23.2,21.0,21.9,80.0,80.0,0.5,20.0,14.6
1903,1015.4,25.9,24.5,23.8,12.5,79.0,38.0,10.4,60.0,9.8
1904,1011.6,25.5,23.8,22.5,21.5,87.0,88.0,1.6,70.0,35.1
1905,1015.2,25.3,24.8,23.1,23.2,92.0,85.0,0.3,190.0,20.5
1906,1011.1,24.9,22.4,20.2,19.9,78.0,85.0,1.1,60.0,5.7
1907,1016.5,26.4,23.3,20.6,22.1,80.0,78.0,1.6,200.0,11.9
1908,1011.6,26.0,24.3,23.1,22.6,93.0,86.0,0.1,70.0,18.1
1909,1012.5,26.6,24.7,23.5,18.8,76.0,81.0,0.3,60.0,15.3
1910,1020.3,27.5,24.4,24.4,20.4,76.0,77.0,1.5,50.0,13.0
1911,1012.9,25.9,25.9,24.4,23.3,91.0,88.0,1.5,90.0,31.8
1912,1012.5,27.9,25.5,22.4,23.8,92.0,89.0,0.7,170.0,11.7
1913,1013.5,27.6,25.8,23.6,23.5,86.0,84.0,0.6,70.0,15.7
1914,1008.5,27.6,25.4,24.0,24.2,94.0,85.0,1.5,40.0,14.2
1915,1012.3,27.3,25.1,23.4,22.6,89.0,83.0,6.0,90.0,32.2
1916,1012.5,23.4,22.8,20.4,19.3,91.0,88.0,0.1,70.0,33.4
1917,1009.8,27.7,25.4,24.1,24.2,89.0,84.0,1.0,190.0,12.6
1918,1016.6,26.5,25.3,24.1,24.2,94.0,88.0,1.0,40.0,14.5
1919,1008.1,28.4,26.0,24.0,22.1,88.0,84.0,3.5,210.0,13.3
1920,1011.2,27.4,25.8,24.8,22.3,87.0,89.0,0.6,70.0,25.1
1921,1007.9,28.4,26.5,25.5,23.8,87.0,84.0,1.2,70.0,34.0
1922,1012.5,27.2,25.6,24.8,21.6,85.0,78.0,0.0,70.0,16.7
1923,1008.3,29.0,26.6,24.8,22.3,89.0,88.0,3.2,80.0,12.7
1924,1013.0,28.2,25.5,24.0,22.3,80.0,84.0,2.3,80.0,8.9
1925,1013.1,29.1,26.2,24.7,23.8,87.0,83.0,3.3,80.0,15.4
1926,1006.9,27.5,25.0,24.9,22.1,89.0,88.0,0.5,240.0,10.2
1927,1011.4,29.2,26.9,25.5,23.2,89.0,83.0,3.6,50.0,11.3
1928,1010.5,27.8,25.8,24.7,20.4,87.0,88.0,0.6,80.0,14.6
1929,1014.0,26.3,25.0,24.7,24.7,88.0,89.0,0.2,80.0,9.9
1930,1011.6,30.1,26.8,22.8,23.2,87.0,82.0,2.2,100.0,16.5
1931,1010.5,29.8,24.9,23.2,22.9,81.0,82.0,2.4,70.0,18.6
1932,1012.3,27.6,25.4,24.8,24.2,85.0,82.0,1.3,200.0,10.2
1933,1012.0,28.6,26.5,25.5,23.1,88.0,84.0,1.1,80.0,13.0
1934,1009.4,30.6,28.3,26.5,24.6,83.0,88.0,5.3,220.0,8.9
1935,1012.2,26.9,25.4,25.3,22.2,89.0,80.0,2.8,40.0,15.1
1936,1008.1,28.8,25.7,24.8,23.1,89.0,88.0,1.6,240.0,15.8
1937,1013.3,30.6,27.0,25.8,23.7,83.0,81.0,1.2,50.0,11.1
1938,1010.3,26.2,23.1,21.1,21.9,90.0,77.0,2.2,40.0,14.5
1939,1011.4,25.2,23.1,21.0,20.9,79.0,79.0,3.1,40.0,26.5
1940,1010.3,27.5,25.9,23.7,21.6,82.0,88.0,6.6,20.0,18.8
1941,1008.7,31.0,27.8,26.1,24.4,76.0,82.0,2.7,20.0,12.9
1942,1010.3,26.5,25.9,24.3,22.4,84.0,80.0,3.5,80.0,21.6
1943,1009.9,27.7,25.3,24.4,22.5,89.0,84.0,1.0,220.0,25.0
1944,1008.0,27.9,27.8,26.4,25.0,89.0,88.0,1.0,130.0,18.4
1945,1006.9,30.4,27.9,24.5,23.7,81.0,83.0,3.3,20.0,15.3
1946,1011.4,29.2,27.1,24.4,23.0,82.0,85.0,6.0,110.0,37.5
1947,1011.5,29.1,26.8,24.5,23.4,83.0,85.0,1.6,50.0,8.6
1948,1007.8,28.8,26.7,25.4,24.4,87.0,84.0,1.6,50.0,7.9
1949,1008.1,30.4,27.8,25.9,24.4,89.0,88.0,1.6,220.0,30.3
1950,1010.1,29.2,26.6,24.1,22.1,89.0,87.0,2.6,220.0,23.7
1951,1008.1,28.0,26.8,25.9,25.5,85.0,84.0,0.7,70.0,14.8
1952,1006.9,28.7,26.6,25.4,25.4,87.0,88.0,0.3,80.0,20.7
1953,1008.4,28.4,27.0,25.5,25.4,89.0,88.0,0.4,190.0,12.1
1954,1012.5,31.3,28.0,26.4,25.5,82.0,80.0,4.1,70.0,29.0
1955,1008.3,31.2,29.7,28.4,26.1,84.0,89.0,1.6,130.0,16.7
1956,1008.7,32.8,30.1,28.0,26.0,79.0,78.0,9.2,220.0,16.4
1957,1009.1,33.0,30.0,27.1,26.2,77.0,70.0,6.1,80.0,21.3
1958,1008.5,30.9,27.0,24.7,25.8,84.0,85.0,3.1,220.0,9.8
1959,1009.4,33.3,30.2,27.0,24.3,82.0,83.0,2.2,220.0,24.4
1960,1006.8,33.1,30.3,28.0,25.0,80.0,77.0,7.6,220.0,20.7
1961,1008.4,31.2,29.1,26.7,25.4,81.0,78.0,3.2,220.0,15.3
1962,1009.3,31.4,29.6,28.0,25.6,86.0,82.0,1.0,220.0,21.6
1963,1008.4,29.6,27.5,25.4,25.4,87.0,82.0,2.3,50.0,15.5
1964,1008.7,33.4,30.1,28.4,25.4,67.0,77.0,9.4,220.0,30.2
1965,1006.3,33.2,29.9,28.0,26.0,74.0,86.0,3.5,220.0,40.0
1966,1007.5,28.5,26.5,24.0,23.4,61.0,87.0,1.6,20.0,19.4
1967,1008.6,32.8,30.0,28.1,25.8,79.0,86.0,2.1,240.0,20.0
1968,1006.1,32.6,30.0,27.6,25.4,74.0,48.0,10.9,80.0,7.4
1969,1004.9,29.1,27.1,25.0,26.4,92.0,96.0,0.6,250.0,14.5
1970,1005.9,27.8,26.7,25.3,25.2,93.0,88.0,0.3,250.3,21.2
1971,1009.1,28.2,26.3,25.6,23.0,80.0,83.0,1.4,230.0,5.9
1972,1008.8,30.7,27.4,23.3,24.2,67.0,80.0,8.6,110.0,17.2
1973,1008.1,32.4,28.3,26.8,24.8,74.0,62.0,7.7,240.0,23.9
1974,1008.5,31.8,29.6,26.9,25.7,79.0,69.0,6.7,240.0,13.0
1975,1008.5,33.2,30.8,27.4,24.1,71.0,48.0,10.0,230.0,23.4
1976,1008.4,33.1,30.6,28.4,24.7,72.0,34.0,11.1,170.0,12.6
1977,1007.8,33.2,30.7,28.0,25.8,79.0,48.0,10.0,220.0,10.0
1978,1009.3,33.8,30.3,29.3,26.3,78.0,78.0,7.4,200.0,9.8
1979,1008.4,35.1,30.6,28.1,25.9,78.0,25.0,11.1,110.0,13.4
1980,1010.3,33.1,30.1,27.3,25.4,74.0,46.0,10.4,180.0,25.1
1981,1008.1,32.9,30.4,27.4,25.6,82.0,62.0,5.5,80.0,19.0
1982,1005.3,30.0,28.4,26.1,25.7,79.0,88.0,3.0,40.0,7.3
1983,1008.1,33.9,30.6,27.4,24.7,74.0,61.0,6.0,130.0,10.2
1984,1008.5,32.4,30.0,28.7,25.0,72.0,49.0,10.1,230.0,9.1
1985,1008.1,33.0,30.7,28.4,25.9,81.0,70.0,7.0,230.0,13.3
1986,1005.5,31.4,28.3,26.3,25.0,89.0,83.0,0.4,80.0,15.1
1987,1005.1,33.0,30.0,28.4,24.7,78.0,77.0,7.4,230.0,21.9
1988,1008.4,32.3,29.2,28.1,25.0,75.0,41.0,8.0,230.0,28.4
1989,1008.1,33.3,30.1,28.1,25.8,78.0,72.0,7.7,190.0,12.4
1990,1007.9,32.8,29.0,27.5,25.6,80.0,77.0,6.5,230.0,15.8
1991,1007.1,31.9,28.9,26.3,24.7,81.0,84.0,1.3,130.0,26.0
1992,1008.8,31.1,28.6,27.7,25.9,81.0,81.0,2.2,200.0,32.4
1993,1002.5,33.7,30.1,29.1,26.7,82.0,69.0,6.0,220.0,22.9
1994,1000.2,32.5,30.1,28.0,25.5,78.0,79.0,6.6,200.0,12.8
1995,1009.8,31.7,28.9,25.6,25.0,85.0,82.0,3.6,220.0,22.3
1996,1002.2,30.4,28.4,27.7,25.3,82.0,60.0,1.1,60.0,25.0
1997,1005.7,30.9,28.1,25.4,26.0,87.0,84.0,2.1,210.0,11.0
1998,1008.3,32.4,28.8,26.0,25.1,77.0,60.0,8.4,230.0,26.0
1999,1009.2,29.5,27.4,27.4,25.9,79.0,60.0,5.1,110.0,11.3
2000,1006.0,29.2,27.7,26.3,25.8,83.0,86.0,0.3,240.0,23.5
2001,1009.6,31.2,28.9,26.3,25.4,87.0,85.0,2.4,200.0,22.3
2002,1008.7,31.3,29.7,28.1,26.0,92.0,84.0,0.4,220.0,24.5
2003,1008.9,29.1,27.5,25.3,25.4,81.0,86.0,1.1,220.0,15.7
2004,1007.9,32.2,29.7,28.0,26.0,75.0,69.0,6.5,200.0,16.4
2005,1008.3,33.0,30.1,27.0,25.4,81.0,48.0,8.8,240.0,16.0
2006,1008.7,32.5,30.0,28.1,26.2,78.0,57.0,9.1,220.0,14.8
2007,1008.4,32.0,30.0,28.2,26.4,77.0,78.0,6.5,230.0,28.0
2008,1008.1,31.0,28.1,26.8,25.1,81.0,84.0,2.1,190.0,15.9
2009,1008.3,31.4,28.3,26.5,24.8,77.0,84.0,3.3,140.0,21.9
2010,1006.5,35.1,31.0,26.9,25.0,74.0,58.0,10.6,180.0,8.9
2011,1006.1,32.5,30.2,28.6,25.3,77.0,79.0,6.4,220.0,10.3
2012,1008.4,32.0,30.3,28.3,26.2,79.0,54.0,6.3,240.0,10.9
2013,1008.8,32.3,29.3,27.0,24.8,81.0,56.0,9.1,170.0,9.5
2014,1005.6,32.3,29.1,26.9,25.8,74.0,72.0,11.8,200.0,11.2
2015,1006.2,33.8,30.3,28.3,26.4,81.0,87.0,5.7,230.0,21.8
2016,1010.0,33.3,30.4,27.6,25.9,82.0,83.0,2.6,50.0,10.2
2017,1008.3,33.0,30.6,29.0,26.0,79.0,72.0,8.3,220.0,13.9
2018,1006.6,33.7,29.1,27.5,25.3,79.0,78.0,5.3,20.0,23.7
2019,1009.7,32.8,30.2,28.9,25.4,78.0,43.0,8.1,240.0,10.2
2020,1008.1,33.9,30.1,27.0,24.8,76.0,49.0,8.8,10.0,10.0
2021,1007.5,32.9,29.7,27.9,24.4,78.0,38.0,11.8,210.0,17.3
2022,1005.8,33.4,30.2,28.1,24.3,80.0,78.0,4.3,220.0,20.8
2023,1008.4,32.9,30.2,28.6,25.3,79.0,57.0,10.6,230.0,19.6
2024,999.0,35.1,31.0,26.8,26.1,77.0,57.0,9.1,20.0,20.9
2025,1009.5,32.3,29.2,27.8,24.6,84.0,72.0,6.2,100.0,12.0
2026,1010.7,31.9,28.9,26.7,25.7,84.0,81.0,3.2,60.0,6.6
2027,1005.5,31.1,28.7,26.9,24.5,82.0,84.0,1.6,220.0,12.1
2028,1008.1,31.2,28.6,25.3,25.4,76.0,46.0,11.7,220.0,12.6
2029,1009.9,31.9,28.8,27.4,26.1,84.0,88.0,2.7,80.0,17.2
2030,1011.1,30.9,27.5,25.4,25.4,89.0,82.0,1.2,110.0,16.3
2031,1009.1,30.2,27.9,26.3,25.3,87.0,84.0,2.1,230.0,14.0
2032,1006.7,31.7,28.2,27.0,25.0,88.0,80.0,2.5,230.0,14.3
2033,1008.9,30.6,27.2,25.5,26.6,87.0,88.0,0.2,220.0,12.5
2034,1006.9,32.1,29.4,27.2,24.7,84.0,86.0,1.4,220.0,12.4
2035,1008.8,33.0,30.3,28.0,25.2,78.0,72.0,7.2,220.0,16.0
2036,1008.2,32.2,28.7,26.4,24.3,79.0,78.0,9.5,220.0,9.8
2037,1008.3,32.5,28.6,26.6,25.3,80.0,77.0,2.4,300.0,24.4
2038,1008.3,34.4,30.3,28.7,25.3,77.0,43.0,8.4,120.0,13.8
2039,1008.4,30.6,27.8,25.2,25.2,80.0,77.0,5.7,230.0,12.4
2040,999.0,32.8,29.1,26.8,26.0,84.0,51.0,7.0,200.0,11.8
2041,1008.1,29.8,27.8,25.5,23.3,86.0,82.0,1.9,200.0,14.1
2042,1008.5,33.4,29.0,25.9,23.3,74.0,32.0,10.2,50.0,22.8
2043,1005.6,34.7,30.0,29.0,26.0,84.0,83.0,0.5,230.0,16.5
2044,1008.5,31.2,28.4,26.9,25.0,89.0,88.0,1.0,180.0,11.7
2045,1008.1,31.4,28.4,26.3,24.9,82.0,80.0,2.0,20.0,7.4
2046,1008.5,31.7,28.2,26.5,24.2,87.0,87.0,2.6,220.0,13.2
2047,1007.9,34.2,30.1,27.8,24.7,74.0,72.0,10.4,220.0,8.9
2048,1006.7,32.8,30.1,28.1,24.3,74.0,23.0,10.4,220.0,12.4
2049,1006.0,28.9,26.1,24.6,24.9,82.0,81.0,6.5,240.0,9.1
2050,1000.3,28.7,26.0,24.7,23.3,86.0,83.0,0.1,210.0,20.2
2051,1012.5,27.8,25.9,24.5,23.8,89.0,81.0,2.2,80.0,19.8
2052,1012.0,28.1,25.9,24.5,23.3,78.0,83.0,2.5,80.0,19.4
2053,1013.0,30.9,29.7,28.0,25.0,78.0,84.0,1.5,220.0,23.4
2054,1009.9,29.1,26.7,25.4,25.4,89.0,85.0,3.3,200.0,22.0
2055,1003.8,29.1,28.7,27.7,24.5,93.0,84.0,1.6,230.0,27.1
2056,1011.1,33.0,30.1,27.5,24.2,70.0,39.0,9.5,10.0,28.3
2057,1005.3,31.0,27.2,26.2,24.9,82.0,86.0,1.6,80.0,28.7
2058,1011.2,28.3,26.4,25.5,24.8,82.0,79.0,2.4,60.0,13.7
2059,1008.2,28.4,26.8,24.7,24.3,92.0,88.0,0.3,110.0,15.9
2060,1013.0,29.4,26.5,24.8,22.3,76.0,84.0,4.8,20.0,5.9
2061,1011.4,29.1,26.8,24.9,22.1,75.0,46.0,8.3,140.0,9.1
2062,1006.7,31.9,29.2,26.2,25.4,81.0,84.0,2.0,230.0,33.5
2063,1011.4,31.9,28.7,26.8,24.5,81.0,69.0,5.5,70.0,29.3
2064,1014.4,30.5,27.2,26.0,25.2,88.0,83.0,3.6,230.0,20.0
2065,1011.1,31.0,28.1,26.8,24.9,78.0,60.0,8.4,140.0,12.0
2066,1008.4,28.9,26.9,25.4,25.4,89.0,88.0,1.1,230.0,39.7
2067,1008.8,32.0,29.1,27.4,25.4,86.0,84.0,1.5,220.0,35.3
2068,1011.1,28.6,26.8,25.4,23.9,84.0,78.0,3.0,230.0,9.8
2069,1008.2,32.8,29.4,26.6,25.9,84.0,88.0,0.8,210.0,28.9
2070,1010.4,31.0,28.0,26.5,23.3,85.0,58.0,6.0,80.0,14.5
2071,1006.7,30.8,28.1,26.9,25.9,87.0,53.0,11.1,200.0,37.0
2072,1013.0,30.2,28.1,26.2,24.1,80.0,70.0,6.2,210.0,14.8
2073,1011.5,30.5,27.4,25.5,23.8,76.0,53.0,10.1,50.0,28.6
2074,1008.1,32.1,28.1,26.7,24.8,79.0,78.0,7.7,230.0,39.3
2075,1013.3,30.9,28.3,26.6,21.2,75.0,32.0,10.0,220.0,25.0
2076,1010.3,29.4,27.9,26.6,23.1,79.0,81.0,3.4,40.0,8.9
2077,1008.9,32.3,29.1,26.2,25.4,87.0,88.0,2.8,230.0,11.9
2078,1006.7,32.8,29.6,25.5,20.9,75.0,38.0,10.1,220.0,12.8
2079,1008.1,31.7,28.1,26.8,24.9,81.0,88.0,0.4,40.0,13.6
2080,1007.3,31.2,28.0,26.2,25.0,86.0,83.0,0.9,230.0,52.8
2081,1008.9,32.7,29.0,27.0,25.8,74.0,61.0,9.8,220.0,44.7
2082,1012.7,28.4,26.9,24.3,23.1,81.0,85.0,0.6,70.0,30.4
2083,1006.8,30.9,27.6,25.4,26.0,97.0,88.0,0.5,130.0,30.0
2084,1005.7,27.9,26.1,25.9,24.5,94.0,87.0,2.2,20.0,35.8
2085,1008.4,31.1,28.3,26.0,25.4,86.0,83.0,8.1,270.0,34.0
2086,1013.1,30.1,26.0,24.4,24.8,81.0,56.0,2.4,80.0,21.9
2087,1007.6,28.2,25.5,23.9,21.6,68.0,39.0,8.2,230.0,8.7
2088,1013.5,28.6,25.8,22.4,24.7,79.0,84.0,6.7,190.0,8.3
2089,1015.5,30.2,27.7,24.5,20.9,76.0,68.0,7.7,70.0,8.3
2090,1018.9,31.0,28.7,26.6,24.8,85.0,53.0,4.5,220.0,14.7
2091,1008.8,27.5,25.4,24.9,23.2,92.0,95.0,0.0,40.0,25.1
2092,1013.7,29.2,25.3,23.1,20.7,77.0,19.0,9.5,20.0,10.3
2093,1015.4,31.8,28.0,26.4,24.7,79.0,72.0,7.8,210.0,20.2
2094,1016.8,31.2,28.7,27.0,23.1,77.0,47.0,8.5,70.0,25.0
2095,1012.4,27.0,24.8,22.3,21.9,85.0,85.0,2.7,70.0,39.7
2096,1015.6,29.6,25.5,23.3,20.9,75.0,47.0,10.5,80.0,9.0
2097,1013.3,30.3,26.8,24.5,19.3,70.0,50.0,10.0,20.0,8.0
2098,1018.9,27.2,25.6,24.4,23.2,83.0,84.0,1.2,60.0,16.0
2099,1014.5,24.8,22.4,20.4,20.7,95.0,85.0,0.0,60.0,38.0
2100,1011.8,23.6,21.1,19.6,19.6,72.0,53.0,9.6,65.0,21.6
2101,1017.1,26.9,25.5,24.3,23.1,93.0,77.0,0.3,70.0,28.3
2102,1010.9,27.6,24.5,22.4,19.0,74.0,61.0,7.6,20.0,14.7
2103,1014.9,26.2,24.5,24.0,21.4,78.0,82.0,2.3,80.0,37.5
2104,1016.8,26.9,24.3,23.8,22.1,81.0,83.0,0.9,40.0,21.3
2105,1014.5,24.2,22.0,21.8,21.8,83.0,84.0,1.9,40.0,25.9
2106,1017.0,27.9,25.8,24.3,21.1,83.0,65.0,1.0,10.0,11.2
2107,1015.4,28.9,25.4,23.4,19.6,75.0,51.0,7.7,40.0,22.8
2108,1019.1,26.4,23.1,21.0,19.1,79.0,69.0,4.6,60.0,19.4
2109,1019.9,26.9,24.0,23.2,19.9,83.0,69.0,5.7,70.0,9.1
2110,1019.1,25.4,23.1,22.1,16.3,82.0,59.0,1.0,40.0,29.6
2111,1017.1,29.6,25.8,24.5,19.3,79.0,46.0,7.7,70.0,20.5
2112,1013.8,28.2,25.8,23.4,21.4,70.0,53.0,9.3,70.0,33.5
2113,1013.9,29.1,25.2,23.0,22.4,81.0,70.0,2.4,60.0,32.4
2114,1013.0,29.8,26.8,24.5,21.1,78.0,49.0,9.7,80.0,24.4
2115,1012.3,29.1,26.8,24.0,23.4,83.0,74.0,5.7,50.0,20.5
2116,1018.4,26.9,24.7,22.6,21.4,82.0,86.0,1.2,80.0,21.6
2117,1019.6,25.9,23.3,21.0,22.3,79.0,85.0,2.9,80.0,24.9
2118,1012.4,27.7,25.8,24.4,22.1,82.0,87.0,1.1,70.0,40.8
2119,1016.5,26.2,23.9,22.3,19.3,79.0,74.0,7.4,40.0,10.7
2120,1019.5,24.8,22.6,20.3,17.8,78.0,84.0,0.0,20.0,22.1
2121,1019.1,24.9,23.8,20.6,18.5,87.0,79.0,7.7,60.0,25.1
2122,1017.8,26.9,24.9,22.7,21.1,91.0,79.0,0.7,70.0,12.5
2123,1017.4,26.5,24.8,23.8,22.5,87.0,77.0,4.6,90.0,44.7
2124,1017.7,28.2,25.2,23.1,22.9,87.0,81.0,3.4,40.0,14.8
2125,1014.9,26.1,24.4,23.1,23.2,89.0,88.0,3.5,80.0,29.6
2126,1019.1,29.4,25.8,23.3,18.5,90.0,80.0,2.6,50.0,10.2
2127,1016.4,26.3,23.7,21.0,22.3,81.0,84.0,0.6,80.0,8.0
2128,1017.2,25.6,23.5,21.0,19.9,88.0,75.0,5.4,40.0,28.8
2129,1018.8,26.4,24.7,23.3,21.3,85.0,82.0,1.5,70.0,19.7
2130,1017.0,27.8,25.6,24.5,23.2,87.0,84.0,1.2,60.0,11.7
2131,1016.2,26.5,24.8,24.4,22.4,84.0,87.0,1.2,80.0,37.5
2132,1014.3,27.8,26.4,25.5,21.4,81.0,88.0,1.2,80.0,26.4
2133,1015.4,26.8,23.3,22.4,18.4,82.0,82.0,1.2,70.0,37.9
2134,1017.6,22.3,20.0,18.3,18.0,77.0,87.0,0.2,60.0,14.0
2135,1014.3,22.3,21.1,19.1,19.9,91.0,79.0,3.6,40.0,20.0
2136,1020.8,21.1,18.7,15.9,13.9,75.0,46.0,3.3,40.0,15.8
2137,1014.8,21.3,20.4,18.0,18.4,86.0,84.0,0.2,80.0,26.5
2138,1017.7,22.4,21.0,19.1,19.4,85.0,77.0,0.6,70.0,31.2
2139,1015.7,23.2,20.6,19.6,18.1,91.0,85.0,0.0,40.0,20.0
2140,1021.8,25.1,22.6,18.2,17.8,68.0,34.0,9.1,60.0,15.3
2141,1016.8,25.3,22.5,20.0,19.9,81.0,90.0,2.0,50.0,12.5
2142,1014.6,23.2,22.2,20.7,17.3,90.0,89.0,0.1,50.0,37.5
2143,1015.2,22.3,20.4,19.9,19.1,90.0,90.0,0.0,70.0,21.6
2144,1021.5,21.1,17.7,15.6,11.2,77.0,89.0,0.3,40.0,14.1
2145,1022.8,22.6,18.5,17.2,13.3,75.0,88.0,0.3,80.0,28.0
2146,1019.4,20.4,18.5,17.0,14.2,85.0,88.0,1.9,60.0,19.8
2147,1018.2,22.9,20.8,19.6,19.6,94.0,84.0,0.0,40.0,20.3
2148,1017.0,21.9,20.4,19.3,18.6,95.0,83.0,0.0,50.0,24.8
2149,1019.1,19.6,17.6,17.1,16.1,92.0,84.0,0.0,70.0,33.4
2150,1020.8,21.2,19.9,17.1,15.6,77.0,88.0,0.2,50.0,15.5
2151,1016.8,19.9,18.2,17.2,16.8,85.0,93.0,0.0,70.0,26.4
2152,1016.8,25.1,21.6,19.4,18.6,78.0,84.0,0.1,40.0,17.2
2153,1016.6,24.1,22.4,20.5,17.3,78.0,61.0,7.7,20.0,29.8
2154,1022.3,18.4,16.8,15.0,12.1,78.0,78.0,3.3,50.0,25.9
2155,1020.4,17.4,15.2,14.0,-0.3,45.0,17.0,8.5,50.0,15.4
2156,1022.4,19.2,16.7,13.7,3.5,70.0,47.0,9.1,20.0,35.6
2157,1020.3,17.3,13.7,11.3,10.1,84.0,88.0,3.7,20.0,12.4
2158,1024.4,17.6,16.1,15.2,8.9,64.0,81.0,0.0,60.0,48.0
2159,1020.6,16.2,15.3,14.9,12.1,79.0,86.0,0.9,20.0,22.5
2160,1020.3,20.2,16.8,14.5,11.9,72.0,88.0,0.0,40.0,27.3
2161,1022.4,16.2,15.2,12.7,9.2,78.0,88.0,0.0,50.0,35.8
2162,1022.8,17.5,15.5,14.2,10.0,78.0,78.0,3.5,20.0,25.0
2163,1021.3,16.5,15.6,14.0,12.8,85.0,83.0,0.0,40.0,24.3
2164,1017.7,17.3,16.6,15.4,13.5,84.0,93.0,0.0,70.0,43.8
2165,1019.8,16.5,15.2,13.8,11.2,76.0,93.0,0.1,20.0,39.5
2166,1019.4,17.1,15.0,14.8,12.5,75.0,88.0,0.2,50.0,20.4
2167,1021.8,19.7,17.7,15.2,9.8,62.0,89.0,0.6,50.0,37.9
2168,1025.4,17.5,16.5,15.3,6.6,64.0,85.0,0.1,20.0,27.0
2169,1016.3,16.3,16.5,15.8,16.6,91.0,83.0,0.3,50.0,29.8
2170,1024.1,19.3,18.3,17.3,18.8,77.0,84.0,8.3,80.0,31.8
2171,1018.4,21.4,20.9,20.3,19.9,91.0,84.0,0.0,50.0,23.7
2172,1016.8,21.9,20.0,19.7,18.8,90.0,88.0,0.0,70.0,34.8
2173,1022.2,17.5,16.5,15.9,13.3,77.0,88.0,0.0,50.0,24.2
2174,1020.8,20.1,16.8,14.8,8.8,70.0,78.0,6.6,50.0,14.7
2175,1017.0,20.9,18.8,17.8,15.0,79.0,83.0,1.6,50.0,20.0
2176,1020.0,21.1,18.1,17.0,14.3,78.0,88.0,0.0,70.0,33.2
2177,1017.6,19.9,18.8,17.6,16.7,86.0,82.0,0.0,70.0,18.6
2178,1016.4,22.9,20.5,19.7,17.3,79.0,81.0,2.0,50.0,25.9
2179,1021.2,20.9,18.9,17.2,16.6,79.0,88.0,0.1,50.0,26.7
2180,1017.1,22.3,20.8,19.1,18.9,76.0,78.0,1.5,40.0,14.2
2181,1021.8,22.9,20.8,19.2,15.5,76.0,49.0,9.3,50.0,35.6
2182,1022.6,18.5,16.8,15.8,12.1,80.0,88.0,1.3,30.0,24.4
2183,1016.9,18.4,16.4,15.3,13.6,79.0,84.0,2.4,40.0,38.0
2184,1015.8,20.9,18.8,17.6,17.7,78.0,88.0,0.0,20.0,30.6
2185,1014.6,23.2,20.6,19.1,19.9,97.0,88.0,0.1,40.0,22.1
2186,1012.4,17.2,17.3,16.3,15.3,91.0,88.0,0.0,50.0,35.3
2187,1013.3,19.0,16.3,14.3,12.6,79.0,79.0,5.0,40.0,32.9
2188,1022.3,16.4,15.2,13.8,14.7,92.0,93.0,0.1,40.0,18.0
2189,1013.8,21.2,19.1,18.0,18.0,89.0,88.0,1.0,70.0,48.0
