pressure,maxtemp,temparature,mintemp,dewpoint,humidity,cloud,sunshine,winddirection,windspeed
1017.4,21.2,20.6,19.9,19.4,87.0,88.0,1.1,60.0,17.2
1019.5,16.2,16.9,15.8,15.4,95.0,91.0,0.0,50.0,21.9
1024.1,19.4,16.1,14.6,9.3,75.0,47.0,8.3,70.0,18.1
1013.4,18.1,17.8,16.9,16.8,95.0,95.0,0.0,60.0,35.6
1021.8,21.3,18.4,15.2,9.6,52.0,45.0,3.6,40.0,24.8
1022.7,20.6,18.6,16.5,12.5,79.0,81.0,0.0,20.0,15.7
1022.8,19.5,18.4,15.3,11.3,56.0,46.0,7.6,20.0,28.4
1019.7,15.8,13.6,12.7,11.8,96.0,100.0,0.0,50.0,52.8
1017.4,17.6,16.5,15.6,12.5,86.0,100.0,0.0,50.0,37.5
1025.4,16.5,14.4,12.0,8.6,77.0,84.0,1.0,50.0,38.3
1016.8,16.3,15.3,14.1,14.0,97.0,100.0,0.0,40.0,24.4
1012.5,16.2,15.2,14.0,12.4,98.0,100.0,0.0,50.0,23.5
1020.4,15.0,15.5,13.2,12.0,77.0,86.0,0.0,50.0,32.4
1012.5,13.5,12.9,11.6,11.8,87.0,92.0,0.0,50.0,37.0
1018.4,17.8,16.5,15.1,12.1,77.0,85.0,1.2,40.0,20.9
1024.3,15.3,12.9,10.0,11.2,79.0,91.0,0.3,20.0,20.0
1022.5,16.3,13.1,11.4,2.0,79.0,70.0,6.8,20.0,30.3
1034.6,17.5,16.2,14.1,11.8,68.0,60.0,2.5,50.0,13.4
1024.1,16.8,15.8,14.0,12.9,76.0,77.0,0.0,20.0,20.5
1020.2,16.4,14.2,12.7,11.6,75.0,93.0,0.1,40.0,21.9
1022.4,17.7,16.4,14.8,11.3,92.0,88.0,0.4,30.0,41.3
1022.6,21.9,17.8,15.8,14.3,52.0,49.0,9.1,50.0,10.2
1020.6,18.5,17.3,16.9,16.8,95.0,95.0,0.0,60.0,39.5
1013.0,24.8,19.9,17.1,18.1,90.0,92.0,0.0,70.0,30.4
1012.5,23.8,22.2,20.4,20.8,84.0,88.0,0.0,70.0,30.2
1019.5,25.3,22.3,21.0,20.6,76.0,78.0,10.2,80.0,10.2
1013.4,23.8,21.1,19.8,19.6,92.0,95.0,0.0,40.0,15.9
1017.0,21.7,20.3,19.4,17.9,80.0,80.0,2.6,50.0,14.5
1019.9,22.9,20.9,19.2,17.3,86.0,79.0,0.6,50.0,21.4
1018.1,23.1,20.8,19.2,15.5,74.0,49.0,7.7,40.0,14.3
1018.5,21.3,20.3,19.3,15.3,75.0,69.0,7.7,70.0,35.1
1019.5,23.2,22.1,20.1,18.8,82.0,69.0,1.1,40.0,20.5
1020.4,21.3,18.8,17.3,13.6,52.0,56.0,2.9,40.0,21.3
1024.4,21.6,19.3,17.4,15.3,90.0,95.0,4.3,70.0,35.3
1017.0,21.5,20.6,18.6,17.0,91.0,88.0,0.0,50.0,14.3
1023.1,18.2,17.1,16.3,9.5,78.0,89.0,0.0,50.0,28.4
1014.4,22.9,21.4,20.0,17.8,79.0,88.0,0.0,40.0,18.4
1021.8,21.1,18.2,17.8,16.9,74.0,44.0,9.5,20.0,26.7
1023.1,20.4,17.8,14.8,15.0,75.0,43.0,9.2,60.0,11.9
1018.9,21.9,19.3,17.2,16.9,79.0,90.0,0.0,50.0,28.8
1017.1,23.4,21.7,19.6,19.0,88.0,83.0,2.3,40.0,29.6
1015.8,21.2,19.4,17.3,17.0,75.0,46.0,4.1,20.0,19.0
1013.1,21.4,20.9,19.4,17.8,83.0,88.0,0.0,30.0,20.8
1015.2,18.9,17.7,16.9,16.8,90.0,90.0,0.0,60.0,34.2
1017.4,16.1,15.5,13.6,11.4,72.0,43.0,8.8,40.0,27.3
1016.9,17.5,15.5,14.8,14.6,91.0,91.0,0.0,20.0,33.4
1018.1,20.6,16.1,14.2,12.2,79.0,89.0,1.0,20.0,10.7
1016.5,21.6,19.2,17.5,19.0,95.0,92.0,0.3,40.0,6.9
1016.8,21.3,19.5,17.6,17.6,75.0,70.0,2.2,50.0,16.5
1023.6,18.8,16.0,14.8,12.4,72.0,40.0,9.5,20.0,9.8
1024.4,17.2,15.6,12.8,8.6,79.0,49.0,9.1,20.0,35.3
1016.3,22.3,19.2,18.2,18.5,96.0,88.0,0.3,70.0,9.9
1019.6,18.4,17.1,16.0,16.3,93.0,93.0,0.0,70.0,19.0
1018.8,22.5,20.1,19.1,16.4,76.0,71.0,6.1,40.0,20.5
1016.5,20.6,18.1,17.0,16.3,76.0,88.0,0.0,60.0,39.5
1016.8,21.3,19.7,18.2,18.9,95.0,91.0,0.0,40.0,10.2
1012.0,20.9,20.9,19.1,14.9,86.0,80.0,1.6,60.0,13.8
1020.4,25.9,21.6,19.8,17.0,79.0,70.0,7.8,40.0,24.4
1014.4,25.3,21.9,19.1,19.6,86.0,82.0,1.6,40.0,27.3
1013.3,22.4,20.5,20.3,17.8,91.0,80.0,0.0,40.0,25.0
1018.1,21.3,20.3,19.9,18.9,92.0,88.0,0.0,40.0,28.4
1020.4,18.2,15.9,13.5,9.9,84.0,83.0,2.3,70.0,17.2
1017.7,20.6,18.1,16.9,17.4,95.0,91.0,0.0,40.0,16.1
1017.9,21.3,19.5,18.4,15.5,76.0,72.0,7.2,70.0,25.1
1019.4,21.6,19.6,17.0,17.9,69.0,54.0,1.0,50.0,29.6
1022.7,14.3,12.8,10.0,8.0,63.0,95.0,0.1,20.0,24.5
1020.3,18.4,15.7,14.6,12.6,59.0,88.0,0.0,40.0,27.4
1014.2,18.4,18.0,17.2,17.4,97.0,95.0,0.0,40.0,22.9
1015.0,17.8,16.0,16.9,16.6,90.0,51.0,9.5,60.0,24.9
1014.6,25.1,20.0,19.0,19.5,72.0,47.0,10.8,30.0,28.8
1021.4,20.9,18.4,16.9,8.9,75.0,43.0,11.0,20.0,7.4
1015.6,25.2,21.8,19.1,19.9,83.0,80.0,3.4,70.0,16.5
1018.5,23.0,21.1,20.6,19.6,89.0,88.0,1.4,20.0,8.9
1017.1,26.3,23.3,19.2,18.8,84.0,61.0,7.6,70.0,24.8
1012.0,23.1,21.6,20.4,19.9,90.0,87.0,0.5,40.0,26.0
1012.5,26.1,23.2,21.5,20.1,87.0,88.0,3.7,40.0,28.0
1014.0,25.2,23.3,22.3,21.1,89.0,88.0,0.3,70.0,20.0
1014.0,24.9,23.1,22.4,22.8,85.0,88.0,3.2,70.0,31.2
1013.5,26.9,25.3,24.2,21.9,87.0,85.0,0.3,50.0,26.1
1011.4,27.6,20.9,19.0,13.7,77.0,91.0,0.2,40.0,15.4
1016.8,26.5,24.8,23.3,22.1,83.0,81.0,1.2,80.0,24.4
1019.8,27.6,25.4,24.0,22.3,89.0,84.0,1.6,20.0,18.6
1011.0,26.3,24.9,23.0,22.0,81.0,88.0,0.2,40.0,24.4
1010.7,24.2,23.0,21.4,17.0,86.0,80.0,1.1,70.0,9.8
1008.1,28.1,25.1,23.8,22.8,86.0,83.0,4.4,90.0,17.2
1013.0,27.2,24.8,23.4,22.3,90.0,85.0,5.9,70.0,17.2
1013.0,27.8,25.8,23.7,20.6,74.0,88.0,0.4,40.0,16.0
1012.2,27.1,25.9,24.2,22.6,86.0,84.0,1.6,70.0,17.5
1016.8,25.1,23.1,22.9,22.0,87.0,82.0,2.1,70.0,32.5
1010.1,27.2,24.8,23.3,21.6,91.0,88.0,0.3,50.0,19.6
1014.6,28.2,24.5,22.3,22.0,87.0,81.0,4.8,40.0,8.9
1013.1,28.2,24.1,22.0,22.9,89.0,81.0,1.2,70.0,31.8
1016.0,26.3,23.9,22.2,20.4,90.0,88.0,0.7,30.0,28.5
1015.0,26.2,24.9,22.2,19.8,92.0,85.0,0.2,80.0,28.0
1011.4,26.8,24.4,23.6,22.6,91.0,80.0,1.0,220.0,34.2
1009.2,28.2,26.7,25.3,23.1,87.0,86.0,0.3,100.0,12.0
1008.6,29.1,26.6,25.4,24.2,93.0,85.0,0.9,220.0,19.0
1011.4,28.2,24.8,22.3,23.7,84.0,85.0,2.4,90.0,14.7
1015.2,25.9,23.4,22.8,21.2,81.0,81.0,3.9,290.0,21.2
1017.1,26.9,25.8,25.4,19.7,78.0,85.0,0.3,70.0,18.2
1013.0,28.6,26.7,24.3,23.2,87.0,83.0,2.2,70.0,24.0
1016.8,29.6,25.8,23.3,22.1,86.0,83.0,3.5,30.0,9.8
1013.4,30.2,26.8,24.8,23.4,85.0,78.0,2.1,70.0,24.9
1015.8,29.6,26.5,23.7,23.2,86.0,83.0,3.9,170.0,24.4
1008.3,28.9,26.9,24.3,24.8,87.0,82.0,1.6,200.0,23.7
1008.9,28.0,27.8,25.2,25.2,89.0,88.0,0.4,70.0,34.2
1010.3,30.2,26.9,24.2,22.7,84.0,84.0,2.2,230.0,15.1
1008.9,31.2,28.0,24.7,25.0,81.0,88.0,0.6,240.0,28.4
1011.4,27.6,25.5,24.4,24.8,79.0,80.0,4.5,60.0,12.4
1010.1,30.6,28.1,26.8,25.1,89.0,89.0,2.0,130.0,21.4
1010.9,30.6,28.7,26.3,25.3,86.0,84.0,2.3,270.0,18.8
1009.8,28.7,25.4,23.9,22.1,87.0,84.0,2.9,40.0,14.5
1011.4,26.2,24.0,22.4,23.4,82.0,83.0,2.1,70.0,11.9
1009.8,28.7,26.7,25.3,24.3,84.0,87.0,0.6,90.0,15.7
1008.3,31.0,28.6,26.9,24.9,81.0,83.0,3.0,220.0,9.2
1008.8,29.7,25.8,24.2,22.6,89.0,88.0,1.3,20.0,28.8
1012.2,25.8,23.7,22.4,22.3,89.0,81.0,1.2,80.0,39.5
1011.1,28.2,25.5,23.3,19.3,82.0,81.0,4.3,40.0,31.8
1013.5,27.3,25.5,23.3,20.6,73.0,64.0,6.3,120.0,29.6
1007.9,31.2,28.1,26.4,24.3,85.0,90.0,3.9,130.0,23.3
1006.8,31.0,28.1,26.8,25.0,84.0,84.0,2.6,220.0,14.5
1005.9,29.2,27.4,25.5,24.0,89.0,88.0,1.2,130.0,15.8
1009.5,30.9,27.1,26.3,24.0,89.0,88.0,1.4,230.0,15.1
1010.9,29.8,26.5,24.3,23.3,83.0,85.0,3.5,190.0,14.2
1012.0,26.4,24.9,23.2,21.7,84.0,82.0,0.3,70.0,14.0
1012.5,27.9,25.8,24.4,23.1,82.0,88.0,1.6,80.0,39.3
1008.8,31.0,28.1,26.2,25.0,81.0,80.0,3.7,80.0,20.5
1011.4,30.7,27.9,26.4,25.6,89.0,89.0,1.2,200.0,22.5
1009.5,30.1,28.9,26.3,24.3,84.0,70.0,3.3,230.0,15.3
1011.2,31.6,28.7,26.3,25.4,81.0,88.0,0.1,200.0,26.1
1008.7,31.4,28.2,26.1,25.1,82.0,75.0,9.1,120.0,21.8
1012.4,31.3,28.8,26.1,22.7,81.0,87.0,2.1,20.0,19.2
1008.3,33.0,30.1,28.0,25.1,75.0,68.0,10.0,230.0,19.3
1005.9,31.0,28.8,27.3,20.7,77.0,59.0,7.5,70.0,9.8
1009.3,32.3,30.2,27.4,25.9,86.0,88.0,0.6,220.0,13.4
1006.6,32.0,29.4,27.6,26.0,89.0,88.0,2.5,200.0,26.4
1008.5,32.2,29.0,27.0,25.3,79.0,79.0,7.0,220.0,16.4
1006.6,32.3,29.6,28.7,25.7,84.0,77.0,6.3,220.0,15.4
1008.4,32.6,29.7,26.4,25.7,81.0,69.0,7.8,220.0,34.0
1008.0,32.8,29.9,26.7,26.7,89.0,74.0,6.1,230.0,15.8
1007.6,32.7,29.0,27.0,26.0,76.0,46.0,10.0,220.0,9.4
1009.1,32.8,30.0,26.4,25.2,74.0,28.0,11.1,220.0,19.0
1008.5,30.4,27.4,25.3,24.2,74.0,57.0,9.1,220.0,11.9
1005.2,31.5,28.3,26.9,25.8,87.0,83.0,6.9,60.0,14.1
1008.7,33.0,30.2,28.4,25.7,78.0,53.0,10.0,220.0,10.9
1008.7,32.1,29.8,27.5,25.5,81.0,83.0,3.0,130.0,52.8
1005.6,32.8,29.0,27.0,25.0,74.0,38.0,11.9,200.0,8.3
1008.5,33.3,30.1,28.0,24.3,79.0,69.0,10.7,220.0,7.9
1010.3,31.2,28.1,25.8,23.1,79.0,49.0,9.8,20.0,14.5
1006.4,34.0,30.1,28.4,25.8,77.0,23.0,10.4,240.0,15.7
1009.8,34.4,30.1,28.8,24.7,74.0,29.0,11.4,200.0,12.6
1008.9,34.0,30.6,26.7,25.9,81.0,79.0,4.8,220.0,25.0
1006.6,33.2,30.8,28.0,25.3,77.0,29.0,11.0,230.0,14.5
1009.4,32.0,29.0,27.0,24.5,76.0,44.0,10.7,220.0,40.8
1006.8,31.9,29.3,26.2,24.2,81.0,77.0,6.7,210.0,7.9
1008.7,32.9,29.1,27.1,25.3,78.0,78.0,9.1,240.0,19.0
1005.9,34.7,30.1,28.5,25.4,79.0,88.0,0.4,50.0,15.3
1008.1,31.7,28.9,26.2,25.8,81.0,78.0,4.6,230.0,21.9
1009.5,30.8,28.9,27.4,25.1,86.0,67.0,5.7,110.0,11.1
1008.4,32.6,30.7,28.4,25.4,86.0,78.0,2.3,230.0,14.1
1008.1,31.7,29.5,27.5,25.5,84.0,63.0,8.9,130.0,14.0
1007.5,32.0,30.1,29.0,25.6,84.0,88.0,1.5,220.0,29.2
1006.6,31.0,29.3,27.1,25.3,79.0,77.0,4.6,220.0,13.9
1006.9,32.2,29.0,27.6,25.3,82.0,78.0,6.6,220.0,14.5
1009.9,32.6,29.7,27.4,26.1,79.0,73.0,9.4,210.0,31.9
1007.9,33.0,30.1,27.8,25.8,78.0,67.0,10.6,220.0,14.5
1008.4,31.2,29.0,27.2,25.3,90.0,77.0,2.7,130.0,9.1
1007.2,33.2,29.6,26.9,25.0,85.0,88.0,2.4,240.0,25.1
1002.5,33.5,30.0,27.8,26.0,89.0,88.0,2.0,220.0,10.9
1006.3,29.1,27.9,26.6,25.8,89.0,88.0,0.5,230.0,20.9
1003.8,33.1,30.1,27.1,26.1,80.0,83.0,0.5,220.0,27.9
1002.8,33.7,30.0,26.1,24.7,89.0,78.0,2.1,220.0,9.2
1009.9,35.2,30.0,28.5,24.7,78.0,44.0,10.1,240.0,12.4
1006.8,31.6,29.2,27.3,25.3,86.0,86.0,1.0,80.0,31.2
1009.3,31.2,28.1,26.2,25.3,78.0,47.0,9.1,200.0,17.2
1007.5,32.8,30.1,28.0,25.6,79.0,72.0,7.1,220.0,30.3
1008.6,32.9,29.7,27.4,25.8,91.0,87.0,0.2,230.0,26.3
1008.4,32.0,29.4,27.5,26.2,82.0,84.0,6.4,230.0,16.9
1007.9,30.6,28.4,26.7,25.8,82.0,84.0,1.3,200.0,14.5
1006.8,31.2,29.0,26.1,25.4,80.0,88.0,1.2,190.0,26.4
1008.4,29.0,28.2,26.8,25.0,84.0,88.0,0.5,190.0,19.8
1010.6,31.1,28.9,26.7,25.6,84.0,84.0,4.4,190.0,16.5
1008.8,30.3,28.4,26.8,25.4,79.0,88.0,0.3,230.0,14.5
1006.7,31.2,28.4,26.8,25.2,79.0,78.0,4.4,220.0,16.3
1003.8,30.8,27.9,26.5,24.8,81.0,84.0,2.0,220.0,11.9
1008.5,32.0,30.7,28.4,25.8,77.0,72.0,7.7,220.0,10.0
1008.1,31.7,28.9,26.9,25.3,86.0,82.0,2.2,220.0,20.0
1008.9,31.2,28.2,26.8,26.0,87.0,83.0,3.0,220.0,14.3
1008.1,33.0,30.0,28.4,25.3,84.0,69.0,0.4,220.0,14.3
1008.4,33.0,30.0,28.1,25.5,81.0,51.0,6.9,220.0,18.0
1008.9,32.4,30.7,28.0,25.0,79.0,67.0,7.0,220.0,10.9
1006.9,33.3,30.3,26.7,26.4,79.0,88.0,3.0,200.0,20.5
1006.8,33.0,30.4,28.0,25.5,76.0,38.0,10.9,220.0,15.8
1008.1,33.9,30.0,28.0,26.4,84.0,61.0,9.1,160.0,8.6
1009.8,32.5,30.7,28.3,25.5,75.0,40.0,11.2,270.0,6.6
1005.9,34.1,30.2,28.1,25.5,78.0,41.0,8.3,10.0,13.6
1005.4,33.3,30.0,26.3,24.3,81.0,47.0,8.2,220.0,12.8
1006.5,32.7,30.3,28.3,24.1,74.0,61.0,10.0,200.0,23.5
1006.7,33.5,30.5,28.7,26.4,79.0,78.0,5.5,230.0,9.1
1001.0,32.9,30.2,28.2,25.8,78.0,38.0,11.1,230.0,16.3
1007.9,32.0,30.6,28.4,25.9,81.0,78.0,9.1,230.0,25.5
1011.4,31.2,28.3,26.3,25.3,80.0,43.0,9.5,220.0,9.8
1008.4,31.8,28.8,26.7,24.5,81.0,78.0,2.2,200.0,11.2
1008.1,32.4,29.0,26.5,26.3,84.0,83.0,6.7,190.0,15.3
1008.9,30.6,28.4,26.6,25.0,81.0,88.0,0.3,220.0,11.3
1008.9,29.4,27.2,26.6,25.6,89.0,83.0,0.3,180.0,10.0
1004.8,31.1,28.7,26.7,25.4,78.0,79.0,3.8,210.0,13.8
1004.2,31.2,28.0,26.5,25.9,89.0,84.0,0.3,220.0,17.3
1008.9,32.9,29.6,26.4,26.6,83.0,82.0,3.5,280.0,9.2
1008.1,30.6,28.6,26.3,25.3,82.0,87.0,2.0,200.0,20.5
1008.1,32.9,29.9,28.6,26.3,81.0,78.0,5.0,250.0,21.9
1006.5,30.6,27.4,24.9,25.0,84.0,88.0,2.1,190.0,21.9
1010.5,30.6,28.3,26.6,25.9,85.0,82.0,2.9,300.0,21.9
1008.4,32.7,30.4,28.1,25.2,74.0,43.0,10.0,300.0,13.8
1007.9,31.2,28.1,26.9,25.8,82.0,84.0,2.2,220.0,24.5
1008.3,33.0,30.0,27.4,24.2,75.0,43.0,9.3,220.0,23.2
1007.5,30.8,27.2,25.5,23.2,75.0,78.0,3.5,90.0,13.9
1005.6,31.6,28.3,26.4,25.4,81.0,84.0,2.5,220.0,23.7
1008.5,31.5,28.1,25.7,25.5,74.0,75.0,7.6,230.0,10.9
1007.8,30.1,28.1,26.1,25.1,84.0,83.0,2.5,230.0,20.3
1007.8,32.9,29.6,26.5,25.8,89.0,88.0,1.1,220.0,13.2
1005.9,28.6,26.8,25.4,25.4,90.0,88.0,0.5,230.0,19.2
1008.5,29.1,28.3,27.4,24.3,85.0,88.0,0.2,230.0,15.3
1005.9,31.8,28.8,26.7,25.0,79.0,67.0,6.7,240.0,7.3
1010.7,29.6,26.9,24.5,24.1,87.0,84.0,6.0,220.0,9.1
1012.0,29.6,27.1,25.8,23.8,76.0,50.0,8.8,60.0,14.3
1012.0,29.4,27.7,25.4,25.9,81.0,86.0,2.4,40.0,13.8
1011.6,33.7,29.1,26.9,23.2,85.0,84.0,5.8,230.0,11.0
1008.5,30.6,27.8,25.7,25.4,91.0,81.0,3.7,220.0,23.2
1007.3,31.8,28.1,24.5,25.4,85.0,88.0,0.6,230.0,11.7
1011.4,30.2,27.8,26.5,23.1,76.0,54.0,10.0,50.0,13.3
1010.6,30.8,28.1,26.1,25.8,84.0,58.0,9.9,100.0,29.0
1009.2,29.2,26.8,25.5,23.1,75.0,62.0,6.9,10.0,12.1
1010.9,28.6,26.1,25.4,23.4,89.0,87.0,0.3,40.0,11.7
1012.2,28.1,25.8,24.5,23.2,86.0,83.0,3.6,80.0,23.7
1011.4,31.4,28.1,26.8,23.7,75.0,56.0,10.0,70.0,32.5
1009.8,32.0,27.6,25.3,22.3,75.0,80.0,8.0,220.0,8.3
1013.0,30.4,28.7,26.4,25.3,83.0,79.0,2.0,220.0,29.8
1009.1,31.8,28.0,26.8,25.0,89.0,80.0,2.0,120.0,14.5
1013.6,28.1,26.0,25.1,22.2,79.0,51.0,2.0,80.0,17.5
1014.8,32.8,28.1,26.7,23.5,78.0,44.0,8.4,130.0,34.2
1014.4,31.3,28.1,26.0,23.3,82.0,88.0,0.2,230.0,22.9
1013.7,28.7,27.8,25.3,23.3,79.0,60.0,9.1,60.0,17.2
1013.3,29.3,27.9,25.0,25.8,83.0,84.0,3.1,110.0,9.6
1007.9,30.8,28.6,26.3,25.3,87.0,87.0,4.1,230.0,25.9
1008.1,31.1,28.1,26.2,24.5,79.0,62.0,7.7,60.0,12.5
1007.1,31.6,29.4,26.0,25.8,84.0,82.0,7.6,160.0,16.5
1005.8,30.3,27.5,25.9,22.1,77.0,86.0,1.2,220.0,11.7
1005.7,31.7,28.4,26.9,25.6,82.0,86.0,1.8,190.0,21.6
1007.6,30.6,27.4,26.4,25.3,78.0,47.0,10.0,220.0,9.2
1015.0,29.8,27.9,26.5,23.2,76.0,78.0,6.2,10.0,11.0
1014.8,31.2,28.4,26.8,26.1,86.0,77.0,3.8,30.0,12.6
1013.0,31.1,28.9,25.8,20.6,75.0,54.0,10.0,60.0,14.5
1007.7,32.0,29.1,26.7,25.0,75.0,78.0,2.3,10.0,17.2
1008.2,32.3,29.6,27.9,24.2,78.0,69.0,6.8,20.0,11.8
1010.2,29.2,27.0,25.7,25.4,79.0,67.0,4.5,80.0,44.7
1013.0,31.2,28.7,26.3,26.3,91.0,88.0,1.8,70.0,26.7
1015.1,30.3,27.7,24.7,25.6,81.0,69.0,2.6,90.0,25.1
1015.0,28.6,26.6,24.8,23.6,83.0,84.0,3.6,20.0,37.5
1013.5,28.9,26.5,24.8,20.6,76.0,54.0,4.5,80.0,16.7
1013.2,27.8,26.6,25.8,25.2,90.0,84.0,1.2,120.0,27.3
1004.9,28.4,26.2,24.7,24.4,84.0,83.0,3.6,20.0,29.8
1010.5,27.8,25.8,24.3,21.2,73.0,47.0,6.8,70.0,21.9
1017.0,28.9,25.5,24.5,23.4,82.0,66.0,2.0,70.0,34.2
1017.8,29.7,27.9,25.6,25.4,77.0,61.0,8.4,190.0,13.2
1016.4,28.7,25.6,20.5,24.7,84.0,88.0,3.1,80.0,37.9
1017.9,28.0,26.5,24.9,23.4,82.0,77.0,8.5,200.0,23.9
1008.3,22.5,20.8,19.6,18.6,73.0,21.0,10.0,60.0,38.3
1017.1,27.2,25.5,24.4,21.4,82.0,65.0,8.6,80.0,35.1
1010.3,27.8,25.4,23.7,23.5,89.0,89.0,0.1,60.0,50.6
1018.1,28.1,27.1,25.4,25.1,90.0,81.0,1.6,180.0,52.8
1017.7,28.8,26.4,24.5,16.9,79.0,43.0,9.3,80.0,24.4
1018.9,26.1,23.7,21.0,22.0,90.0,81.0,3.0,60.0,13.8
1014.8,24.5,23.1,22.7,22.9,90.0,94.0,0.0,30.0,50.7
1016.5,25.3,21.3,20.8,19.6,78.0,61.0,3.3,70.0,22.0
1016.4,28.4,26.1,25.1,23.0,85.0,84.0,6.0,80.0,15.2
1018.0,22.3,21.3,20.4,20.9,89.0,88.0,0.0,20.0,21.4
1016.0,27.4,24.9,22.2,20.3,81.0,78.0,5.8,90.0,35.3
1016.8,28.1,25.0,23.7,20.3,70.0,78.0,5.3,60.0,16.4
1017.1,29.2,25.7,23.4,19.4,78.0,65.0,8.8,60.0,27.3
1014.1,28.2,25.3,23.2,22.1,76.0,46.0,8.8,40.0,10.9
1017.7,28.2,25.6,23.4,21.6,82.0,70.0,7.6,80.0,10.0
1016.8,26.2,24.3,21.0,22.2,83.0,81.0,0.7,30.0,11.0
1019.5,27.9,25.8,24.7,23.1,83.0,88.0,0.9,80.0,10.2
1019.8,26.8,23.1,21.2,20.1,78.0,79.0,8.2,80.0,25.1
1020.6,26.3,24.3,22.5,19.3,70.0,47.0,7.1,20.0,28.3
1017.3,26.4,24.5,23.9,22.3,79.0,79.0,3.1,60.0,22.9
1019.5,25.3,23.7,22.3,18.8,79.0,83.0,3.5,70.0,15.3
1015.2,26.3,24.5,23.7,19.9,73.0,49.0,7.1,70.0,16.0
1014.9,26.3,23.3,20.1,17.4,75.0,83.0,3.0,40.0,22.0
1017.1,27.9,25.3,24.1,22.9,84.0,78.0,1.0,40.0,14.6
1017.1,26.0,24.9,22.3,22.2,81.0,84.0,2.4,70.0,12.0
1012.2,28.9,24.0,21.6,23.5,81.0,78.0,6.5,50.0,36.0
1012.5,26.3,25.7,24.4,22.8,76.0,66.0,3.2,80.0,24.9
1015.2,27.1,25.0,23.7,20.7,78.0,58.0,9.4,50.0,15.5
1017.1,25.1,24.7,23.1,21.4,85.0,81.0,0.0,80.0,25.9
1019.4,27.8,23.3,21.6,16.7,92.0,88.0,0.1,60.0,11.0
1014.7,28.4,25.5,24.0,23.4,89.0,84.0,3.1,60.0,19.8
1015.1,26.2,25.4,24.4,23.6,91.0,88.0,0.1,40.0,39.5
1016.1,29.7,26.3,24.1,23.1,86.0,70.0,5.0,70.0,16.0
1014.7,29.8,25.1,22.1,23.7,82.0,79.0,6.9,80.0,14.6
1015.2,27.8,25.5,24.4,23.6,86.0,88.0,1.2,50.0,8.7
1016.1,26.8,24.6,23.1,19.9,91.0,83.0,4.5,50.0,9.9
1017.1,29.9,25.6,24.4,19.3,93.0,88.0,0.4,40.0,9.1
1016.7,25.9,24.8,23.1,21.4,81.0,84.0,1.1,80.0,14.5
1015.3,28.9,26.6,23.5,23.5,85.0,88.0,2.0,80.0,9.8
1014.4,27.9,25.4,23.4,21.6,86.0,88.0,0.6,70.0,14.7
1015.1,26.2,25.5,23.6,20.5,91.0,81.0,0.8,40.0,16.4
1016.7,29.1,25.4,23.7,19.3,75.0,46.0,9.1,60.0,7.9
1017.5,25.3,21.6,19.7,19.6,82.0,84.0,0.1,70.0,43.8
1016.7,23.3,20.9,18.2,17.4,90.0,84.0,2.4,50.0,20.5
1014.5,22.4,19.3,17.6,13.5,67.0,72.0,6.1,70.0,35.3
1015.1,21.3,18.9,17.2,15.8,86.0,80.0,1.2,70.0,12.8
1020.8,21.4,19.9,17.2,12.9,73.0,82.0,2.4,20.0,39.5
1015.2,21.3,19.3,18.9,18.9,93.0,85.0,0.7,40.0,14.5
1017.9,20.5,20.4,19.9,18.1,88.0,83.0,3.1,70.0,22.9
1018.6,26.7,24.8,22.1,21.4,92.0,90.0,0.2,40.0,19.2
1018.7,23.2,22.5,20.0,20.4,93.0,93.0,0.5,70.0,38.3
1019.7,22.1,20.6,19.3,19.1,90.0,87.0,0.0,50.0,29.8
1018.9,19.2,20.9,19.2,19.4,78.0,38.0,5.7,80.0,36.0
1017.5,25.2,21.6,16.9,18.6,75.0,44.0,6.7,60.0,28.9
1017.7,19.0,17.7,16.9,15.5,77.0,82.0,0.5,70.0,35.8
1019.9,25.8,21.8,20.2,18.4,86.0,89.0,3.4,50.0,22.0
1018.7,20.9,17.0,16.5,14.0,90.0,59.0,4.9,10.0,14.2
1015.6,21.2,19.6,18.7,17.0,93.0,88.0,0.0,60.0,23.5
1019.9,24.7,20.8,19.2,17.3,77.0,53.0,5.0,20.0,11.8
1016.0,21.1,20.1,19.7,18.3,86.0,93.0,0.2,50.0,11.8
1017.1,24.5,18.4,17.2,16.0,65.0,60.0,6.8,60.0,35.3
1022.5,19.3,17.3,16.4,12.8,77.0,94.0,0.0,10.0,24.4
1022.9,20.1,18.4,16.5,12.3,73.0,17.0,3.1,40.0,41.3
1017.9,18.9,16.4,15.1,15.5,78.0,89.0,0.2,40.0,22.8
1024.4,18.8,14.8,12.4,8.5,75.0,43.0,9.1,20.0,39.5
1024.7,17.5,13.7,11.3,6.6,77.0,88.0,0.0,20.0,22.6
1021.4,17.3,13.3,12.9,11.1,87.0,80.0,0.2,30.0,27.3
1018.0,24.3,21.1,19.8,19.6,79.0,69.0,3.3,70.0,30.0
1021.1,21.2,18.8,16.4,16.6,67.0,75.0,5.1,50.0,35.8
1020.8,21.4,18.9,17.2,14.9,75.0,69.0,7.7,40.0,18.0
1023.8,17.6,15.2,14.8,11.4,76.0,49.0,3.9,70.0,35.1
1017.9,20.9,20.6,18.9,19.6,80.0,88.0,4.1,20.0,21.9
1021.2,21.0,19.2,17.4,16.5,82.0,88.0,0.2,50.0,20.9
1019.3,21.3,20.3,19.4,16.0,89.0,75.0,3.1,30.0,25.1
1020.7,18.1,17.2,16.9,7.9,75.0,55.0,6.8,30.0,33.4
1022.6,20.1,17.6,15.3,14.6,79.0,86.0,0.7,60.0,28.7
1020.2,17.2,14.6,12.8,8.1,79.0,87.0,1.8,60.0,32.9
1019.5,22.3,19.9,17.2,16.8,87.0,80.0,0.0,20.0,27.3
1022.0,16.2,15.2,13.5,9.8,88.0,88.0,0.1,20.0,28.4
1022.8,17.6,15.9,14.4,11.1,77.0,85.0,0.0,30.0,20.0
1018.0,17.5,16.3,15.3,14.6,92.0,85.0,1.3,40.0,11.8
1017.9,16.5,16.1,15.1,15.1,83.0,81.0,0.0,60.0,28.8
1022.4,21.3,18.9,16.6,12.9,79.0,70.0,7.9,50.0,19.2
1023.6,18.2,17.9,16.1,12.4,85.0,89.0,0.1,40.0,16.0
1019.0,21.8,18.3,15.8,13.2,89.0,88.0,0.2,40.0,22.5
1017.4,21.3,20.9,19.1,19.9,76.0,88.0,0.3,20.0,30.2
1017.7,20.9,19.3,18.9,18.1,83.0,81.0,0.3,70.0,25.1
1016.7,21.3,18.3,17.1,16.4,79.0,70.0,1.5,40.0,13.9
1020.6,18.7,17.3,16.5,15.0,75.0,81.0,1.5,60.0,25.9
1017.9,22.3,18.8,16.6,17.7,84.0,84.0,5.2,20.0,15.1
1020.3,18.9,16.1,15.3,14.7,75.0,91.0,0.0,70.0,27.4
1023.8,21.4,18.2,17.2,15.5,76.0,48.0,7.7,30.0,14.2
1016.8,21.1,18.8,17.2,18.0,97.0,95.0,0.0,40.0,16.0
1014.3,18.3,17.3,16.3,15.9,93.0,91.0,0.2,50.0,26.9
1012.5,21.0,19.9,18.4,18.0,95.0,95.0,0.0,60.0,36.0
1012.4,21.3,20.9,19.4,19.6,92.0,88.0,0.0,50.0,32.9
1022.2,17.6,16.5,15.7,13.8,76.0,97.0,0.0,60.0,29.8
1013.0,21.0,19.3,17.9,17.3,94.0,88.0,0.1,60.0,42.0
1012.2,17.1,16.1,14.6,14.7,93.0,96.0,0.2,30.0,20.0
1013.4,21.3,20.3,19.7,16.9,96.0,93.0,0.0,50.0,37.0
1012.0,20.8,17.6,15.7,4.8,75.0,88.0,3.8,40.0,29.6
1022.9,16.2,13.3,11.6,12.1,84.0,80.0,0.4,20.0,59.5
1022.4,12.1,13.8,11.2,2.7,75.0,68.0,6.0,70.0,27.6
1015.2,14.3,12.9,11.4,11.1,92.0,100.0,0.0,50.0,15.3
1015.2,17.2,13.7,10.0,12.2,92.0,94.0,0.0,50.0,27.4
1022.6,15.9,11.3,10.8,7.7,81.0,78.0,2.2,20.0,29.6
1019.5,14.3,13.7,11.6,11.2,92.0,100.0,0.0,20.0,28.2
1022.5,14.4,12.4,10.8,12.6,59.0,87.0,0.1,70.0,25.9
1025.6,16.7,12.9,9.6,11.3,75.0,84.0,1.3,60.0,30.2
1021.3,15.5,12.9,10.3,10.0,77.0,96.0,0.0,40.0,24.4
1024.3,17.4,13.6,11.8,8.6,72.0,100.0,0.0,10.0,39.3
1019.0,17.8,16.1,14.8,15.7,98.0,100.0,0.0,50.0,28.6
1022.2,16.5,13.1,11.5,9.7,52.0,60.0,5.3,40.0,13.6
1021.2,15.3,12.6,11.6,10.9,91.0,80.0,2.2,40.0,19.8
1026.4,19.2,14.6,12.6,11.4,72.0,19.0,10.2,20.0,16.5
1023.2,17.6,13.7,9.4,11.0,79.0,88.0,0.0,20.0,20.4
1034.6,11.2,10.4,7.0,3.4,77.0,95.0,0.0,40.0,16.0
1025.3,12.9,8.3,7.5,4.4,47.0,23.0,8.8,10.0,31.8
1020.6,18.6,17.3,15.8,13.0,92.0,92.0,0.0,20.0,23.7
1016.7,17.4,16.6,15.5,13.3,90.0,92.0,0.0,40.0,22.1
1027.4,21.6,18.8,16.3,17.3,65.0,46.0,7.1,60.0,12.8
1015.0,21.6,20.4,20.4,17.4,95.0,88.0,0.5,70.0,20.8
1014.8,22.3,21.2,20.9,19.5,91.0,86.0,0.7,50.0,19.8
1012.7,23.1,21.7,19.8,20.6,92.0,93.0,0.0,190.0,19.2
1019.8,24.7,22.2,20.6,20.8,89.0,86.0,1.6,110.0,15.3
1019.8,24.3,22.5,20.1,15.3,65.0,49.0,6.7,60.0,27.6
1017.8,24.9,20.9,19.6,18.9,82.0,83.0,2.2,50.0,17.5
1014.9,21.3,20.5,20.1,19.3,90.0,93.0,0.0,70.0,40.4
1014.8,21.4,19.3,17.1,17.2,91.0,80.0,0.6,20.0,23.5
1017.8,23.1,22.4,20.8,20.6,79.0,81.0,0.0,50.0,29.8
1022.6,19.6,16.6,14.7,8.3,79.0,95.0,0.2,80.0,28.8
1013.7,22.3,23.0,21.0,20.4,91.0,84.0,0.0,80.0,37.0
1024.1,20.5,17.4,15.4,2.3,77.0,43.0,10.2,40.0,15.1
1013.0,21.3,19.9,17.2,19.6,90.0,84.0,0.2,70.0,25.9
1017.3,24.9,21.6,20.0,18.0,85.0,88.0,0.4,40.0,40.4
1013.0,24.5,22.8,20.9,20.3,86.0,92.0,0.0,70.0,15.7
1015.3,21.9,20.2,19.4,17.8,78.0,83.0,0.0,40.0,20.0
1013.3,21.4,20.8,19.2,18.8,88.0,88.0,0.3,40.0,13.6
1020.8,19.6,17.3,15.7,10.5,87.0,88.0,2.4,30.0,40.8
1020.6,20.6,18.7,16.4,12.9,70.0,88.0,2.5,20.0,23.7
1021.2,24.7,18.9,15.6,9.6,77.0,46.0,8.5,20.0,41.3
1022.5,18.6,14.8,12.7,8.0,79.0,94.0,0.0,20.0,23.4
1016.9,15.9,13.4,11.6,11.2,85.0,89.0,0.0,210.0,38.3
1022.5,19.9,18.2,17.2,14.8,78.0,84.0,0.0,30.0,42.0
1019.9,21.5,19.1,18.2,18.6,81.0,81.0,1.1,50.0,7.9
1013.7,20.4,18.4,17.2,18.0,92.0,95.0,0.0,40.0,14.2
1015.4,20.9,18.6,16.8,16.8,81.0,85.0,2.2,70.0,11.7
1018.7,23.3,20.2,19.2,19.4,78.0,89.0,3.6,90.0,16.7
1017.1,15.2,13.6,11.7,10.0,90.0,100.0,0.0,50.0,27.4
1017.6,18.9,17.1,15.6,13.3,95.0,96.0,0.0,50.0,24.2
1016.0,21.2,19.9,17.1,16.3,93.0,96.0,0.0,50.0,28.9
1017.8,17.4,16.6,14.8,15.5,95.0,100.0,0.0,50.0,23.3
1017.1,16.6,16.5,15.9,15.9,95.0,96.0,0.0,40.0,20.5
1016.8,16.6,15.3,14.9,13.7,97.0,96.0,0.0,50.0,34.8
1012.2,20.4,18.6,17.1,16.6,84.0,83.0,0.4,100.0,15.8
1012.0,25.2,22.2,18.4,17.8,81.0,83.0,0.7,30.0,23.7
1014.6,16.8,15.5,14.6,15.5,97.0,100.0,0.0,40.0,20.9
1018.1,25.9,21.5,19.8,19.6,79.0,51.0,7.9,50.0,8.3
1014.6,25.4,21.6,19.4,17.2,81.0,81.0,4.7,80.0,20.2
1019.2,17.3,16.6,15.3,15.1,95.0,95.0,0.1,50.0,21.6
1019.7,16.5,15.0,12.9,15.5,98.0,100.0,0.0,80.0,40.8
1017.3,25.1,21.6,19.8,19.6,80.0,91.0,0.0,80.0,41.4
1014.8,16.7,15.5,14.4,12.2,93.0,100.0,0.0,70.0,30.2
1021.2,20.8,18.4,15.3,9.8,61.0,19.0,10.6,40.0,14.8
1015.2,20.9,19.3,17.2,16.8,86.0,80.0,2.4,50.0,22.5
1017.1,15.3,13.7,11.5,12.1,96.0,99.0,0.0,40.0,22.0
1022.5,18.7,16.6,14.4,12.1,74.0,40.0,9.1,40.0,16.4
1021.4,21.6,20.8,19.1,19.8,93.0,92.0,0.0,40.0,4.5
1020.6,20.3,18.9,17.6,15.9,74.0,49.0,9.5,40.0,9.2
1014.6,23.8,21.5,19.2,18.9,86.0,87.0,0.4,40.0,8.3
1016.0,25.3,22.9,20.4,18.7,75.0,51.0,9.5,70.0,41.4
1012.5,26.1,23.1,20.1,21.4,91.0,88.0,1.0,50.0,12.4
1017.5,20.6,19.5,18.6,18.6,87.0,75.0,3.9,30.0,20.0
1013.0,26.8,23.1,21.5,19.4,87.0,83.0,0.5,40.0,7.9
1013.0,25.8,23.5,21.6,20.6,82.0,81.0,0.2,80.0,16.7
1017.8,26.9,23.3,23.0,22.0,98.0,88.0,0.3,120.0,19.8
1013.4,27.8,24.4,23.1,22.1,87.0,88.0,1.6,40.0,13.0
1011.4,25.9,22.4,19.7,17.8,89.0,85.0,0.6,100.0,22.3
1011.1,24.9,22.3,20.4,18.0,91.0,86.0,0.1,40.0,18.6
1010.4,21.2,20.9,19.9,19.7,86.0,88.0,0.2,70.0,22.3
1006.5,21.3,18.4,16.1,14.3,86.0,81.0,2.9,60.0,29.8
1016.2,26.8,24.1,23.6,22.8,89.0,89.0,2.5,70.0,29.8
1014.4,26.7,25.4,24.4,23.0,82.0,20.0,10.0,70.0,13.0
1008.9,20.1,19.6,17.4,19.8,95.0,87.0,0.6,70.0,16.1
1011.5,21.7,18.9,16.3,19.4,83.0,88.0,0.3,80.0,28.4
1014.6,27.7,25.5,24.0,22.4,94.0,85.0,3.4,80.0,20.2
1011.2,25.9,23.1,20.6,20.9,86.0,82.0,1.0,70.0,34.0
1013.9,24.6,23.1,22.3,20.9,93.0,85.0,0.1,40.0,20.0
1012.5,28.4,25.5,23.1,22.9,93.0,88.0,0.4,30.0,21.6
1011.4,25.3,23.1,22.3,19.6,90.0,83.0,0.1,80.0,21.5
1013.2,27.8,25.7,23.2,23.4,90.0,88.0,1.2,190.0,20.4
1013.0,27.6,25.9,23.7,22.2,87.0,88.0,0.2,40.0,14.5
1012.5,23.1,22.2,20.4,19.9,91.0,88.0,0.0,40.0,24.4
1008.7,28.3,25.8,24.8,24.5,89.0,89.0,1.1,80.0,14.8
1012.4,28.9,25.5,24.1,23.2,96.0,88.0,1.6,80.0,25.1
1008.4,29.0,26.5,25.1,24.1,91.0,85.0,0.2,80.0,14.8
1016.5,28.8,26.5,24.5,23.1,79.0,83.0,2.6,230.0,20.4
1017.4,28.7,25.8,24.8,23.9,81.0,80.0,1.2,70.0,20.0
1012.5,28.7,25.8,24.0,22.0,76.0,81.0,3.9,80.0,12.8
1014.7,26.8,24.4,23.8,22.3,91.0,77.0,1.1,30.0,21.9
1012.4,26.2,25.5,24.0,21.4,82.0,85.0,2.2,80.0,33.0
1014.4,25.6,21.4,20.5,19.0,80.0,88.0,3.3,80.0,28.8
1008.4,29.1,27.1,25.0,25.1,92.0,88.0,0.6,230.0,13.0
1008.3,30.8,27.9,26.4,25.2,93.0,88.0,0.7,130.0,21.6
1009.5,29.6,27.9,25.3,24.7,83.0,88.0,3.5,180.0,16.9
1008.6,31.2,28.2,26.3,24.2,80.0,83.0,2.1,80.0,28.7
1008.4,29.1,26.9,25.0,25.3,85.0,82.0,2.2,40.0,9.5
1008.1,31.0,28.4,26.3,25.0,85.0,88.0,0.3,220.0,15.3
1011.7,29.9,26.2,25.3,21.3,88.0,81.0,6.8,260.0,15.9
1008.8,28.2,25.2,24.7,22.4,83.0,79.0,3.3,80.0,13.9
1008.3,28.4,26.6,25.4,24.7,84.0,88.0,1.0,190.0,15.4
1012.4,30.4,26.1,24.4,22.1,81.0,88.0,2.5,50.0,14.3
1012.2,26.5,24.9,21.1,19.5,79.0,79.0,6.6,90.0,18.2
1013.3,29.4,25.8,23.1,22.9,86.0,88.0,0.3,20.0,10.2
1012.0,26.5,24.4,23.3,22.2,90.0,88.0,0.6,80.0,37.5
1011.6,26.7,24.8,23.3,22.5,89.0,86.0,1.9,50.0,37.7
1012.0,27.8,25.5,23.9,23.2,89.0,85.0,4.6,70.0,25.1
1007.8,30.1,27.6,26.8,25.0,82.0,79.0,6.9,220.0,25.1
1012.4,26.4,24.9,24.5,22.5,93.0,88.0,0.6,230.0,28.4
1012.7,27.6,25.3,23.2,21.9,92.0,88.0,0.2,90.0,15.9
1007.9,29.6,26.8,25.8,24.8,86.0,88.0,0.2,220.0,34.3
1013.3,26.5,24.9,24.0,21.2,94.0,88.0,1.0,40.0,28.6
1011.0,31.0,28.2,26.1,23.8,93.0,74.0,2.0,25.0,28.4
1011.4,26.4,24.8,23.3,21.9,90.0,88.0,0.1,80.0,16.7
1008.6,28.2,25.4,24.0,22.0,87.0,82.0,3.8,90.0,22.0
1013.0,29.2,26.1,24.8,25.6,84.0,83.0,2.4,220.0,26.8
1007.1,30.4,27.8,24.1,25.7,87.0,88.0,0.9,230.0,13.2
1008.9,27.6,26.9,24.3,25.8,85.0,87.0,0.3,80.0,12.1
1008.9,29.7,27.8,26.9,25.9,87.0,81.0,1.6,190.0,9.8
1012.3,32.6,26.3,23.9,24.7,90.0,88.0,1.0,80.0,25.9
1007.9,31.0,29.1,26.6,25.0,78.0,88.0,6.8,220.0,22.0
1011.6,31.6,28.4,26.4,26.4,78.0,69.0,7.4,220.0,8.3
1006.5,33.3,29.0,27.8,26.0,79.0,72.0,8.5,230.0,30.2
1008.2,33.3,30.2,28.7,25.4,82.0,59.0,9.8,230.0,15.2
1007.8,32.9,29.0,27.8,26.4,81.0,78.0,8.8,220.0,17.2
1007.5,30.9,28.1,27.3,26.3,85.0,88.0,0.4,170.0,18.0
1008.8,31.9,28.6,26.4,25.2,89.0,88.0,0.7,220.0,24.2
1008.4,33.5,26.7,24.8,23.2,70.0,49.0,11.5,70.0,12.8
1006.1,32.7,29.4,27.6,26.7,88.0,84.0,2.3,230.0,31.9
1009.3,29.0,26.7,24.7,22.3,72.0,40.0,8.8,10.0,6.9
1008.9,32.3,30.3,27.1,25.4,78.0,54.0,10.4,220.0,23.2
1008.6,33.0,30.1,28.4,24.1,78.0,46.0,11.5,170.0,20.5
1004.8,31.1,28.6,26.9,25.8,89.0,88.0,0.3,230.0,30.5
1008.4,33.1,30.1,27.0,24.4,78.0,29.0,10.5,200.0,23.9
1004.2,31.8,28.2,26.1,24.8,84.0,74.0,6.7,220.0,11.2
1008.9,29.6,27.2,25.8,25.4,70.0,78.0,4.1,250.0,9.1
1009.9,30.8,28.2,24.5,26.7,86.0,88.0,1.5,220.0,17.2
1009.8,32.1,29.0,28.7,25.4,79.0,70.0,8.7,230.0,43.8
1008.6,34.0,30.3,27.8,24.3,74.0,25.0,10.5,250.0,9.1
1008.4,33.0,30.6,28.2,25.6,81.0,60.0,7.8,10.0,43.8
1009.8,32.0,29.8,28.5,25.3,76.0,20.0,10.2,220.0,35.3
1007.8,34.0,30.1,28.1,25.9,78.0,55.0,10.2,200.0,9.1
1008.5,32.0,30.2,28.1,26.3,75.0,40.0,9.0,270.0,16.2
1006.3,28.4,27.9,26.2,25.4,90.0,83.0,0.0,230.0,20.0
1009.6,31.9,30.2,28.7,25.0,93.0,80.0,0.4,190.0,39.7
1006.5,33.8,30.0,27.4,23.1,80.0,49.0,11.2,20.0,26.1
1009.8,30.0,27.9,26.4,26.7,87.0,83.0,2.6,220.0,38.0
1005.7,33.0,30.0,28.4,25.9,80.0,88.0,1.0,220.0,12.8
1005.1,33.3,30.5,28.0,26.0,86.0,84.0,4.6,220.0,21.9
1008.1,33.3,30.6,27.8,24.8,78.0,68.0,9.6,220.0,11.0
1006.8,35.4,31.0,27.0,26.4,78.0,53.0,7.8,230.0,14.3
1007.9,33.2,30.8,28.1,24.8,79.0,60.0,9.7,80.0,22.6
1007.9,35.3,31.0,28.0,26.0,72.0,28.0,10.1,220.0,24.9
1008.1,32.2,29.1,26.1,26.1,80.0,72.0,7.8,230.0,18.4
1008.5,32.3,29.6,27.4,25.0,76.0,74.0,6.6,220.0,20.0
1008.3,32.4,29.9,28.0,24.7,75.0,48.0,10.0,240.0,11.3
1005.4,30.6,27.5,26.4,25.9,89.0,88.0,2.3,240.0,15.2
1003.2,32.4,29.4,27.6,26.2,79.0,84.0,6.2,230.0,9.6
1008.0,32.9,30.1,29.0,25.9,74.0,30.0,8.6,240.0,22.5
1000.2,33.6,30.5,28.2,26.3,78.0,61.0,9.0,80.0,13.6
1008.1,31.0,28.6,27.8,26.2,92.0,86.0,0.3,160.0,12.5
1008.1,33.8,30.6,27.2,25.2,84.0,85.0,2.0,190.0,12.8
1008.9,32.3,29.0,27.0,26.0,86.0,88.0,1.0,230.0,19.7
1008.6,32.2,29.0,26.4,25.3,82.0,79.0,1.4,220.0,13.3
1008.1,30.6,28.2,24.8,25.8,89.0,85.0,0.3,190.0,17.3
1008.9,31.6,29.1,27.2,25.2,88.0,88.0,0.3,220.0,15.8
1009.9,33.0,30.4,29.0,26.0,82.0,67.0,7.7,230.0,30.2
1007.2,30.9,28.9,26.4,25.9,85.0,85.0,1.0,220.0,11.8
1009.5,30.9,28.0,26.1,25.7,86.0,84.0,1.7,250.0,11.8
1008.5,33.3,30.2,26.8,25.1,77.0,72.0,10.4,220.0,14.8
1008.1,33.3,30.0,28.4,26.0,79.0,84.0,3.5,220.0,27.3
1007.8,31.2,29.4,28.2,25.8,84.0,87.0,0.3,240.0,14.2
1008.0,32.0,29.7,28.4,24.9,72.0,70.0,9.1,230.0,12.5
1010.3,33.2,29.0,26.5,24.8,77.0,55.0,10.0,270.0,14.6
1008.6,31.3,29.0,27.0,25.4,84.0,83.0,3.2,230.0,8.9
1007.8,32.4,30.0,27.9,26.3,75.0,67.0,10.1,220.0,14.5
1008.5,32.8,29.2,26.4,25.4,84.0,83.0,8.1,230.0,15.4
1005.9,34.0,30.6,28.4,25.8,78.0,73.0,10.7,210.0,12.7
1009.1,32.9,30.1,28.1,25.7,79.0,72.0,6.0,200.0,9.5
1007.7,31.8,28.2,26.6,24.8,81.0,88.0,1.3,50.0,12.8
1008.2,33.3,30.6,27.6,25.3,77.0,79.0,10.2,230.0,20.0
1008.5,33.7,30.2,28.7,24.6,72.0,44.0,6.0,230.0,13.9
1008.1,33.4,30.8,28.0,25.3,74.0,29.0,9.1,240.0,14.2
1008.9,32.8,30.1,28.9,24.3,78.0,21.0,11.1,210.0,11.1
1009.3,33.2,30.4,28.4,24.3,75.0,53.0,10.0,220.0,10.3
1006.9,32.6,30.2,28.0,24.4,82.0,62.0,11.1,220.0,16.9
1008.9,32.3,29.1,27.0,24.1,78.0,57.0,10.3,220.0,16.2
1009.2,33.4,30.1,27.9,25.2,71.0,35.0,11.2,110.0,12.0
1007.8,36.0,30.0,28.1,25.9,79.0,78.0,10.6,200.0,12.0
1011.0,31.2,28.8,26.8,25.0,75.0,53.0,8.3,220.0,6.9
1008.4,33.0,29.1,25.3,24.8,74.0,47.0,10.1,20.0,12.6
1009.1,32.8,30.0,29.2,24.6,74.0,53.0,8.2,290.0,25.1
1008.8,31.3,29.2,26.4,24.3,67.0,46.0,8.1,230.0,18.1
1008.9,30.8,27.3,26.3,25.8,85.0,83.0,1.6,220.0,6.1
1009.5,32.0,29.1,26.4,25.1,70.0,43.0,10.3,180.0,13.0
1005.3,35.8,31.1,26.7,26.0,77.0,49.0,9.5,220.0,21.5
1008.9,33.2,29.1,26.6,24.1,71.0,46.0,6.4,230.0,9.5
1008.9,33.2,29.6,27.8,26.1,81.0,78.0,3.1,190.0,6.1
1009.8,31.7,29.8,26.8,24.3,84.0,67.0,3.0,120.0,10.2
1008.6,31.9,28.7,26.3,25.9,86.0,88.0,1.2,230.0,21.6
1005.6,31.7,29.8,26.8,26.0,80.0,80.0,0.9,130.0,24.8
1008.5,29.0,27.8,26.0,25.8,89.0,88.0,0.9,70.0,17.5
1007.5,33.4,30.7,27.3,26.1,79.0,83.0,2.8,220.0,23.9
1005.9,30.7,27.9,26.6,24.3,84.0,78.0,7.6,220.0,14.8
1003.5,30.6,27.9,26.2,23.6,82.0,84.0,1.5,80.0,12.0
1005.9,30.6,28.0,26.3,23.3,77.0,47.0,8.8,130.0,10.2
1005.8,31.2,28.0,25.4,24.1,76.0,53.0,9.5,10.0,12.9
1000.2,33.1,30.4,27.3,25.9,77.0,43.0,9.3,60.0,10.2
1007.5,33.1,29.8,27.4,26.0,79.0,77.0,2.3,190.0,9.5
1007.8,28.1,26.7,25.0,24.2,84.0,67.0,6.5,270.0,15.3
1008.1,33.2,30.0,28.1,25.9,78.0,69.0,8.7,220.0,11.1
1008.4,32.3,29.0,27.8,25.8,82.0,67.0,7.7,110.0,14.5
1008.9,32.8,30.6,27.3,24.5,81.0,88.0,6.8,220.0,7.9
1011.7,31.0,28.4,26.6,26.0,76.0,69.0,5.3,250.0,12.8
1012.5,33.0,30.2,28.4,24.2,75.0,44.0,9.1,20.0,9.1
1010.7,30.4,27.4,25.3,25.3,87.0,88.0,0.1,130.0,17.5
1011.5,29.1,26.8,24.8,23.2,81.0,88.0,1.1,100.0,15.3
1011.1,33.1,29.8,28.2,25.3,84.0,47.0,7.6,240.0,18.6
1008.1,34.0,30.4,28.0,25.5,82.0,80.0,4.3,220.0,28.5
1011.4,31.7,28.9,25.2,23.1,74.0,32.0,9.1,10.0,11.9
1010.5,28.3,26.1,25.9,23.5,86.0,88.0,1.6,60.0,22.4
1007.8,33.1,30.0,28.3,25.9,81.0,70.0,7.2,220.0,24.5
1008.5,28.5,26.5,24.5,24.6,91.0,85.0,5.7,190.0,8.9
1008.0,30.4,26.2,24.8,22.0,84.0,30.0,7.7,220.0,12.1
1006.7,31.0,28.1,26.5,25.0,80.0,88.0,0.6,230.0,40.0
1007.0,29.1,27.9,26.5,25.9,87.0,67.0,6.3,80.0,37.5
1010.9,30.8,26.5,24.8,21.5,79.0,49.0,6.4,200.0,22.5
1013.3,30.8,27.0,25.3,21.4,73.0,49.0,9.5,80.0,22.9
1009.6,32.0,29.4,27.0,25.8,72.0,46.0,11.0,200.0,27.3
1010.5,29.8,26.1,24.7,23.4,76.0,86.0,1.4,220.0,24.4
1008.3,27.7,26.8,25.5,25.3,87.0,85.0,0.3,180.0,9.9
1010.5,29.4,26.5,24.8,23.2,86.0,84.0,2.5,90.0,9.2
1010.8,31.2,28.0,26.8,23.8,78.0,46.0,8.1,80.0,16.6
1010.5,29.8,27.9,26.3,23.9,84.0,56.0,6.9,220.0,9.5
1011.5,32.2,28.3,26.3,23.2,72.0,28.0,4.9,80.0,16.9
1005.7,31.2,29.1,27.0,25.1,84.0,77.0,3.9,220.0,26.3
1008.4,30.2,28.1,26.9,26.3,82.0,88.0,1.2,70.0,28.5
1009.8,31.1,28.0,26.5,25.8,79.0,81.0,3.2,220.0,40.4
1005.7,32.8,29.1,27.9,26.1,79.0,30.0,7.2,230.0,38.0
1014.5,30.1,28.2,26.6,20.4,79.0,46.0,10.3,70.0,31.8
1008.9,32.8,29.8,27.3,24.3,82.0,62.0,2.5,230.0,16.5
1006.1,32.4,29.4,26.6,24.9,81.0,78.0,7.8,230.0,27.1
1005.5,31.5,29.8,26.8,25.8,75.0,38.0,11.0,70.0,13.1
1011.6,30.8,27.6,25.9,23.2,81.0,81.0,3.8,40.0,44.7
1013.9,32.0,28.1,26.2,25.3,87.0,89.0,2.2,200.0,25.0
1006.8,31.3,29.7,28.1,26.1,93.0,93.0,0.5,110.0,39.5
1005.9,29.2,27.3,24.5,25.0,93.0,94.0,0.0,220.0,28.0
1010.3,28.7,26.2,25.6,21.6,89.0,93.0,0.6,80.0,12.1
1011.4,30.7,27.4,24.5,22.0,82.0,60.0,8.3,280.0,12.7
1006.3,28.5,26.3,25.2,25.4,85.0,84.0,0.6,290.0,38.3
1012.5,31.3,28.3,25.8,19.9,61.0,47.0,7.9,50.0,8.7
1015.7,29.0,26.9,24.8,20.0,76.0,49.0,10.8,60.0,14.3
1015.5,30.6,28.5,26.4,25.4,77.0,62.0,8.9,130.0,30.0
1013.7,25.2,24.9,23.6,23.5,97.0,88.0,1.2,100.0,41.4
1016.3,26.4,25.9,24.7,21.9,94.0,95.0,0.2,70.0,26.4
1013.2,29.8,25.1,23.1,20.6,74.0,20.0,8.6,70.0,20.5
1014.6,26.3,24.8,23.4,19.9,76.0,20.0,10.1,70.0,26.5
1012.9,30.8,26.1,23.2,20.6,74.0,44.0,9.3,80.0,17.2
1013.0,27.3,25.4,23.2,19.6,77.0,51.0,9.8,60.0,16.4
1010.9,25.5,23.8,21.6,20.2,81.0,61.0,5.9,40.0,21.9
1018.2,30.6,24.2,20.6,18.7,70.0,53.0,8.0,70.0,36.0
1010.3,24.9,20.7,19.1,19.9,70.0,86.0,3.4,20.0,40.0
1016.3,30.2,27.5,25.4,24.0,85.0,88.0,0.3,20.0,10.9
1017.8,26.6,25.4,24.8,22.3,79.0,82.0,2.4,80.0,27.9
1016.7,26.9,24.8,23.5,22.4,83.0,81.0,0.3,80.0,22.2
1014.9,26.9,25.4,24.8,21.6,79.0,77.0,5.9,160.0,22.2
1015.0,28.8,25.8,23.9,20.9,82.0,75.0,5.3,120.0,12.8
1017.0,26.9,24.7,23.3,20.6,82.0,88.0,1.5,70.0,15.7
1012.4,25.6,22.3,20.3,19.4,70.0,60.0,8.8,70.0,20.8
1011.4,24.7,22.3,20.1,18.8,77.0,51.0,3.4,20.0,24.9
1017.6,26.4,24.5,23.4,22.9,81.0,81.0,1.4,80.0,37.0
1010.3,26.6,24.1,23.3,19.9,80.0,58.0,5.7,30.0,23.7
1020.8,28.4,25.8,23.3,19.5,75.0,72.0,7.7,90.0,14.1
1012.4,25.0,23.1,20.6,21.4,81.0,76.0,7.7,70.0,27.4
1016.2,28.0,25.9,24.0,22.3,83.0,77.0,7.7,80.0,30.3
1010.5,26.1,25.8,24.5,20.6,79.0,67.0,8.5,50.0,13.0
1016.6,26.2,26.8,23.2,20.4,79.0,69.0,5.0,40.0,22.4
1013.4,29.1,23.5,21.0,19.9,82.0,74.0,6.4,30.0,25.1
1019.4,28.1,25.9,24.5,20.9,85.0,58.0,7.8,70.0,21.6
1017.8,30.0,26.8,25.5,23.6,84.0,67.0,6.7,100.0,11.1
1012.6,28.5,26.5,23.1,21.3,84.0,72.0,6.6,30.0,25.0
1017.8,25.9,24.7,22.2,21.8,85.0,88.0,2.7,50.0,39.5
1015.2,29.5,26.7,24.1,22.1,76.0,48.0,7.8,60.0,15.1
1017.4,26.3,23.1,21.5,20.6,85.0,81.0,0.4,70.0,28.2
1019.0,26.1,23.1,21.1,17.1,87.0,87.0,0.7,50.0,28.6
1017.7,26.6,25.8,24.1,21.4,89.0,88.0,1.2,80.0,23.3
1015.0,28.4,25.4,23.7,20.6,90.0,81.0,2.0,70.0,15.3
1017.6,26.8,24.8,21.4,22.3,88.0,88.0,0.5,70.0,23.9
1018.1,25.9,24.7,23.3,21.4,86.0,80.0,3.9,70.0,16.5
1017.8,26.6,24.8,23.3,22.5,86.0,84.0,1.0,70.0,15.3
1015.5,29.5,26.2,24.8,23.3,84.0,88.0,3.6,70.0,9.0
1018.9,28.9,25.4,24.3,22.6,90.0,78.0,4.5,80.0,15.3
1019.7,25.9,24.9,22.7,22.0,89.0,84.0,1.1,80.0,26.1
1014.5,27.2,25.3,24.0,21.4,82.0,66.0,6.3,80.0,29.6
1017.6,27.6,25.4,24.0,23.0,89.0,86.0,2.3,80.0,17.2
1014.6,26.9,25.4,24.8,21.4,82.0,85.0,1.2,50.0,16.9
1016.4,26.6,24.4,22.1,17.6,76.0,78.0,5.8,70.0,8.3
1020.6,25.2,21.3,19.2,17.8,75.0,59.0,5.1,20.0,20.0
1021.6,25.3,22.0,22.6,19.4,83.0,84.0,0.5,60.0,11.9
1016.2,21.3,19.3,18.9,18.6,79.0,85.0,0.0,40.0,28.7
1021.1,21.1,19.9,18.7,16.4,75.0,88.0,0.9,40.0,16.2
1017.5,21.1,20.9,19.2,18.8,91.0,88.0,0.0,50.0,31.8
1016.4,21.9,18.6,18.8,15.4,76.0,88.0,8.6,70.0,26.8
1018.2,24.9,21.1,20.4,17.9,87.0,84.0,4.4,40.0,27.0
1016.5,22.8,19.1,18.5,17.6,91.0,88.0,0.2,40.0,9.8
1017.5,21.9,19.2,17.7,17.2,93.0,93.0,0.4,70.0,21.9
1019.0,22.9,20.8,18.4,16.0,75.0,43.0,9.3,20.0,26.8
1020.0,19.3,18.1,17.1,16.9,88.0,80.0,3.3,60.0,24.0
1020.3,21.3,19.9,17.2,15.5,75.0,66.0,3.3,20.0,23.3
1018.1,22.4,20.5,19.4,16.0,83.0,89.0,0.6,20.0,15.7
1020.6,18.9,17.7,16.9,12.9,75.0,95.0,0.0,10.0,26.1
1019.1,20.9,17.2,15.6,16.1,91.0,85.0,0.1,30.0,15.4
1016.8,21.6,20.5,19.8,18.0,95.0,87.0,0.0,50.0,21.4
1015.9,18.9,17.7,16.9,17.2,95.0,95.0,0.0,60.0,40.0
1020.9,24.7,22.3,20.2,17.3,75.0,43.0,9.5,60.0,20.4
1018.2,22.2,20.9,18.0,18.7,81.0,78.0,2.2,60.0,10.3
1017.0,22.9,20.6,18.3,16.6,77.0,78.0,0.4,60.0,23.7
1020.9,17.4,16.6,15.5,13.7,78.0,89.0,1.0,40.0,22.5
1025.3,17.5,13.2,11.6,8.4,78.0,87.0,3.0,20.0,20.5
1020.1,18.8,15.3,13.4,6.2,80.0,88.0,0.5,10.0,21.6
1023.4,18.2,14.7,12.3,9.9,79.0,88.0,0.4,10.0,39.3
1021.2,17.4,15.2,14.1,13.6,84.0,83.0,3.3,40.0,30.6
1020.8,17.7,16.1,14.6,12.9,79.0,81.0,1.1,60.0,29.8
1022.3,18.0,13.7,11.9,3.8,75.0,74.0,9.1,20.0,21.9
1023.4,16.6,15.8,13.7,11.9,77.0,77.0,2.5,70.0,25.2
1021.1,17.3,18.0,16.1,16.1,70.0,86.0,3.0,40.0,14.8
1017.9,17.6,17.5,16.1,15.5,86.0,88.0,0.0,70.0,41.3
1022.5,19.2,17.7,15.2,12.1,76.0,86.0,0.4,20.0,29.0
1019.7,16.7,15.6,14.8,14.8,90.0,90.0,0.0,50.0,27.3
1017.7,17.5,16.4,15.6,15.5,93.0,95.0,0.3,60.0,25.9
1018.7,16.3,15.4,14.4,12.7,79.0,88.0,0.0,10.0,30.2
1018.1,23.2,19.6,17.2,15.0,72.0,19.0,8.4,50.0,9.8
1016.7,22.3,18.4,16.5,15.5,85.0,90.0,1.0,30.0,29.8
1020.8,15.7,13.9,11.8,10.9,86.0,88.0,0.1,20.0,24.8
1017.1,17.3,16.3,15.3,15.4,90.0,87.0,0.1,80.0,18.0
1023.9,17.6,15.2,11.5,13.6,93.0,88.0,0.2,40.0,17.3
1022.7,15.8,15.2,14.0,11.4,89.0,88.0,0.3,70.0,39.5
1016.1,22.9,22.0,20.0,19.8,82.0,81.0,5.1,60.0,35.3
1019.4,17.3,15.0,14.5,15.6,79.0,89.0,0.0,50.0,27.1
1017.8,21.3,19.3,17.8,18.1,81.0,86.0,2.2,20.0,18.2
1024.0,21.0,18.8,17.9,13.9,91.0,88.0,0.5,40.0,12.8
1016.4,22.3,18.2,17.4,15.5,95.0,88.0,0.0,40.0,28.4
1016.7,19.6,18.9,17.2,16.5,83.0,81.0,0.6,80.0,38.3
1019.4,20.6,18.5,16.5,16.4,75.0,90.0,0.1,50.0,38.0
1023.1,20.1,20.0,17.8,16.9,76.0,87.0,2.6,40.0,20.5
1022.9,21.3,19.0,17.0,12.6,74.0,61.0,2.2,70.0,36.0
1021.1,17.6,16.3,15.2,13.9,79.0,88.0,0.1,50.0,39.3
1019.4,16.8,15.5,15.4,15.0,96.0,95.0,0.0,50.0,24.2
1020.6,18.1,17.3,16.5,14.6,91.0,88.0,0.0,20.0,33.4
1016.6,17.2,17.2,16.6,16.4,91.0,88.0,0.0,60.0,38.0
1020.8,18.1,15.2,13.8,12.6,78.0,91.0,0.2,30.0,20.2
1019.7,17.7,16.1,15.3,12.9,79.0,88.0,0.0,80.0,38.3
1016.8,20.4,18.5,17.4,18.2,77.0,97.0,0.1,40.0,43.8
1016.8,20.5,18.1,17.7,16.9,96.0,91.0,0.0,50.0,48.0
1019.9,16.6,15.5,14.4,12.4,92.0,100.0,0.0,40.0,37.0
1013.5,23.2,18.0,17.5,16.0,79.0,81.0,0.0,60.0,55.5
1014.9,18.6,17.3,16.9,16.8,95.0,95.0,0.0,20.0,59.5
1024.4,11.3,11.4,10.4,8.6,77.0,88.0,0.0,20.0,39.3
1021.6,14.3,13.7,11.8,11.1,67.0,91.0,0.0,20.0,59.5
1024.1,15.4,13.8,10.0,11.7,58.0,67.0,5.6,60.0,25.2
1018.9,15.0,13.6,12.7,11.2,96.0,100.0,0.0,20.0,29.0
1024.1,15.5,13.5,11.1,11.6,86.0,78.0,0.6,20.0,21.6
1014.5,16.3,14.7,11.8,11.6,87.0,100.0,0.0,20.0,29.8
1027.1,18.5,15.4,13.7,10.1,75.0,89.0,0.0,60.0,39.5
1017.7,17.0,16.6,14.8,15.7,93.0,100.0,0.0,70.0,30.3
1016.8,15.8,15.3,14.6,13.3,79.0,94.0,0.0,70.0,39.5
1022.4,18.5,16.5,15.3,12.1,76.0,88.0,0.0,50.0,29.6
1019.9,20.6,17.2,16.1,15.9,97.0,99.0,0.0,40.0,20.4
1020.9,18.6,17.2,15.4,12.7,75.0,19.0,3.9,30.0,42.0
1021.5,12.5,8.5,4.7,2.0,75.0,69.0,4.3,20.0,19.8
1023.9,19.5,16.4,15.4,9.8,72.0,11.0,10.2,20.0,28.6
1024.1,19.8,16.6,14.4,7.2,62.0,29.0,10.2,60.0,24.9
1021.6,20.3,16.1,14.3,13.2,76.0,19.0,10.2,10.0,55.5
1022.3,18.0,16.5,14.6,15.5,86.0,91.0,1.0,50.0,14.8
1023.9,20.3,17.3,16.4,14.7,74.0,43.0,10.2,30.0,14.1
1024.7,22.4,17.7,15.4,10.1,49.0,19.0,10.2,60.0,40.0
1014.6,23.8,19.4,17.2,16.8,63.0,81.0,2.4,10.0,39.5
1013.4,20.9,19.0,17.1,19.3,96.0,100.0,0.0,50.0,16.7
1014.8,25.3,21.7,18.4,18.0,86.0,80.0,3.4,40.0,14.7
1020.6,24.8,19.1,17.2,16.6,75.0,57.0,5.3,70.0,33.5
1013.6,22.7,21.9,19.1,19.2,90.0,88.0,1.0,40.0,25.1
1020.4,15.5,15.4,14.1,12.0,93.0,88.0,1.4,70.0,24.4
1021.4,14.5,12.9,10.5,4.3,70.0,19.0,2.3,20.0,21.3
1017.5,22.7,21.5,20.1,20.8,93.0,88.0,0.0,20.0,35.8
1023.6,15.1,13.7,11.5,11.8,89.0,95.0,0.0,40.0,18.2
1020.4,17.2,16.2,15.6,11.0,69.0,46.0,9.5,20.0,24.4
1025.6,20.3,18.1,17.9,16.0,76.0,83.0,0.4,50.0,26.1
1017.8,20.6,18.7,17.1,16.7,79.0,84.0,1.2,40.0,21.9
1022.7,15.4,13.3,11.4,9.7,79.0,88.0,0.0,20.0,25.2
1026.5,15.0,13.6,11.2,6.4,69.0,88.0,0.2,20.0,32.2
1020.6,21.2,18.2,17.3,14.6,79.0,83.0,2.2,20.0,17.3
1017.1,22.3,20.7,17.2,18.0,82.0,87.0,1.0,50.0,24.9
1025.4,19.7,17.7,15.8,13.3,75.0,78.0,3.3,40.0,16.0
1018.9,21.6,18.0,17.6,15.9,78.0,82.0,0.0,50.0,12.7
1014.2,20.7,17.3,16.5,14.4,78.0,88.0,0.6,30.0,25.1
1015.1,25.5,21.6,20.6,19.4,78.0,68.0,9.8,80.0,14.8
1024.3,21.1,17.8,15.3,9.4,76.0,59.0,10.4,30.0,25.5
1018.6,20.8,18.8,18.3,17.3,78.0,55.0,6.9,50.0,8.6
1017.9,20.6,18.5,16.9,15.0,85.0,91.0,0.1,70.0,33.0
1018.6,17.0,16.6,15.3,14.5,93.0,91.0,0.9,20.0,20.5
1016.3,17.4,15.3,14.8,14.4,95.0,91.0,0.0,40.0,29.8
1019.9,17.5,16.5,15.5,15.6,95.0,91.0,0.0,60.0,34.0
1024.4,17.3,15.5,13.7,13.7,78.0,88.0,1.0,20.0,10.2
1015.2,17.1,16.6,15.9,15.9,95.0,100.0,0.0,50.0,21.8
1018.4,18.4,17.5,15.0,16.5,93.0,96.0,0.0,60.0,38.0
1019.4,23.6,20.4,18.9,9.9,79.0,48.0,10.3,20.0,23.9
1016.6,25.8,21.6,16.6,15.1,90.0,85.0,0.6,60.0,24.8
1020.4,17.1,15.5,14.8,8.2,79.0,79.0,0.2,20.0,23.3
1023.4,15.2,13.3,11.4,8.4,77.0,91.0,0.8,40.0,28.6
1012.2,21.3,18.9,18.8,18.6,92.0,96.0,0.0,50.0,11.1
1012.0,17.6,17.5,16.5,15.5,97.0,88.0,0.2,70.0,15.7
1012.0,18.0,17.3,16.3,16.1,76.0,86.0,3.7,20.0,31.7
1014.8,21.4,20.5,19.5,15.5,76.0,78.0,6.2,60.0,25.2
1013.4,24.0,21.8,19.6,19.8,79.0,76.0,0.0,40.0,11.2
1012.2,21.3,20.6,19.0,19.0,90.0,84.0,0.0,40.0,9.4
1018.4,21.3,19.1,17.2,18.9,98.0,100.0,0.0,50.0,8.1
1015.2,19.3,18.7,17.4,17.3,93.0,88.0,2.4,80.0,17.3
1021.8,21.9,19.2,17.4,15.7,82.0,82.0,3.1,50.0,21.4
1017.5,23.0,20.8,19.8,16.4,75.0,83.0,0.0,40.0,22.6
1020.6,18.8,19.9,17.1,16.0,79.0,95.0,0.0,30.0,19.3
1020.3,21.2,20.8,19.1,16.4,78.0,88.0,0.0,20.0,25.0
1012.7,23.5,21.5,19.8,18.8,91.0,88.0,0.0,50.0,23.9
1020.6,21.2,19.3,17.2,16.9,91.0,74.0,1.6,50.0,20.5
1017.1,18.6,17.7,16.9,15.0,79.0,91.0,0.0,70.0,38.0
1016.0,24.4,22.1,19.8,17.6,87.0,74.0,2.3,20.0,10.2
1019.4,21.3,20.7,20.9,18.3,81.0,88.0,0.0,30.0,12.1
1013.2,25.2,23.2,21.0,9.2,59.0,70.0,6.7,40.0,18.0
1013.1,25.9,23.1,21.0,21.4,93.0,88.0,1.8,40.0,17.2
1017.4,23.9,21.2,19.0,16.9,76.0,70.0,3.9,40.0,15.3
1019.3,27.8,23.1,21.3,21.9,87.0,95.0,0.6,80.0,25.5
1018.0,27.7,25.3,22.8,22.3,85.0,89.0,0.1,30.0,17.3
1013.0,26.7,23.2,21.1,23.2,90.0,88.0,0.1,30.0,15.3
1011.4,17.1,16.8,15.6,16.5,94.0,95.0,0.0,50.0,29.7
1011.6,22.4,21.1,20.1,19.6,98.0,97.0,0.5,80.0,12.5
1010.3,17.6,16.6,15.6,13.4,92.0,96.0,0.0,50.0,41.4
1008.2,25.9,22.0,21.5,20.6,88.0,84.0,3.2,20.0,24.2
1013.5,26.0,24.5,21.0,22.7,89.0,88.0,0.6,50.0,20.8
1010.3,26.9,24.9,23.0,22.3,88.0,89.0,0.4,70.0,11.3
1013.3,27.7,25.3,23.6,22.3,84.0,90.0,1.1,60.0,6.6
1011.3,22.8,20.6,19.9,18.6,79.0,81.0,0.0,70.0,23.5
1009.9,23.2,21.1,20.1,21.9,92.0,93.0,0.0,190.0,15.0
1012.5,26.2,24.9,24.0,22.1,98.0,88.0,0.1,70.0,25.2
1013.2,26.3,24.3,23.9,22.4,94.0,83.0,5.0,70.0,20.4
1012.0,28.2,25.3,23.7,23.2,89.0,90.0,2.5,40.0,8.1
1009.5,25.1,23.3,21.3,21.4,94.0,88.0,0.3,240.0,19.8
1013.9,24.8,23.7,21.8,21.2,90.0,82.0,3.3,220.0,12.0
1011.4,22.3,21.1,20.6,19.9,97.0,88.0,0.1,50.0,24.9
1006.8,27.8,25.3,24.0,24.3,92.0,89.0,2.4,40.0,21.9
1007.8,28.2,26.6,25.8,24.2,87.0,84.0,1.8,80.0,30.6
1016.3,28.6,26.4,25.0,23.9,94.0,88.0,0.4,80.0,18.0
1012.4,27.0,26.1,25.9,24.3,86.0,84.0,2.2,40.0,13.8
1017.0,28.2,26.6,25.8,23.7,79.0,82.0,4.8,100.0,30.6
1010.1,27.6,25.5,24.7,22.9,80.0,87.0,1.4,50.0,30.2
1012.2,26.6,24.9,22.0,22.1,84.0,88.0,1.0,80.0,9.1
1011.1,23.9,22.8,20.1,20.4,87.0,91.0,0.0,80.0,16.0
1012.0,30.5,26.8,24.8,23.1,84.0,88.0,2.4,60.0,28.8
1013.0,29.8,26.6,24.9,23.7,86.0,88.0,0.6,70.0,9.8
1016.0,28.4,26.8,24.8,25.0,87.0,88.0,1.5,70.0,26.4
1013.3,27.8,25.9,24.4,24.7,92.0,85.0,0.2,190.0,12.6
1008.3,30.8,28.1,25.4,24.1,84.0,85.0,3.1,180.0,15.9
1014.5,30.9,27.3,25.5,24.3,82.0,83.0,4.7,270.0,16.0
1011.1,31.0,28.1,26.7,23.7,87.0,82.0,2.7,30.0,14.0
1011.4,24.9,22.2,20.8,20.6,91.0,84.0,2.2,40.0,18.0
1013.3,26.9,24.6,23.3,19.9,82.0,81.0,5.7,70.0,20.4
1013.3,26.5,24.9,23.1,22.1,87.0,85.0,2.5,60.0,11.9
1011.4,29.8,26.9,25.6,23.8,89.0,75.0,8.8,50.0,9.2
1012.5,26.3,24.8,23.6,21.1,89.0,84.0,1.2,80.0,23.4
1011.4,29.1,26.8,25.4,23.2,83.0,81.0,1.8,190.0,15.1
1011.3,29.1,26.1,24.1,23.1,75.0,66.0,5.7,20.0,13.6
1008.1,30.8,27.8,26.5,24.7,82.0,86.0,1.2,210.0,31.2
1011.1,28.9,24.8,23.7,22.0,86.0,85.0,3.6,80.0,14.8
1010.4,31.0,28.1,26.4,23.4,89.0,71.0,6.7,200.0,13.9
1013.4,27.6,24.8,22.8,22.5,93.0,85.0,3.9,20.0,9.2
1007.6,28.7,26.2,24.3,24.2,87.0,78.0,8.4,220.0,15.8
1006.7,29.1,26.8,24.8,24.2,93.0,88.0,0.4,20.0,23.9
1009.5,30.3,27.0,24.4,23.8,77.0,75.0,8.7,100.0,7.9
1007.9,30.7,28.1,26.2,24.1,81.0,73.0,6.3,230.0,16.1
1007.6,30.4,26.3,23.2,23.3,89.0,66.0,7.7,75.0,8.5
1006.6,30.6,27.9,23.7,25.1,77.0,69.0,7.6,220.0,9.1
1006.7,29.6,28.4,26.7,25.5,93.0,85.0,0.2,130.0,24.8
1005.9,28.5,27.7,26.0,24.3,87.0,89.0,1.2,50.0,29.8
1008.9,31.0,29.0,26.7,25.6,80.0,69.0,6.4,230.0,11.2
1006.9,31.2,28.2,26.6,25.7,74.0,81.0,4.4,230.0,18.1
1007.5,32.0,29.9,27.7,24.3,91.0,85.0,6.2,220.0,25.0
1006.0,31.7,28.2,26.4,25.4,84.0,87.0,3.4,210.0,12.4
1009.5,33.0,30.1,27.1,25.9,75.0,69.0,10.0,220.0,19.6
1008.7,32.4,29.4,27.6,26.4,81.0,88.0,1.0,220.0,16.5
1007.9,33.4,29.1,24.3,25.8,88.0,82.0,2.2,230.0,20.5
1008.8,33.0,30.1,28.3,26.0,82.0,85.0,3.7,220.0,13.0
1005.9,31.8,28.5,26.4,26.1,83.0,88.0,2.0,220.0,25.1
1008.1,32.8,30.3,28.7,25.3,79.0,78.0,9.3,230.0,11.3
1008.5,31.7,28.9,26.9,25.3,84.0,88.0,1.6,220.0,24.5
1007.9,33.2,30.1,28.1,20.9,78.0,29.0,11.1,150.0,9.2
1006.3,32.8,29.0,27.7,26.3,89.0,88.0,0.7,240.0,28.4
1008.1,33.3,30.3,28.7,24.3,75.0,32.0,11.9,220.0,15.8
1006.6,33.3,30.0,28.0,25.0,72.0,39.0,10.5,230.0,9.4
1005.6,32.9,30.3,28.1,24.5,86.0,89.0,6.5,120.0,15.7
1007.5,32.2,29.7,27.5,25.7,81.0,83.0,6.3,220.0,4.5
1008.8,33.2,30.0,29.8,25.5,80.0,33.0,11.8,230.0,14.6
1005.3,33.3,30.3,28.7,24.8,76.0,54.0,10.5,230.0,10.2
1008.5,33.0,30.2,28.4,24.7,78.0,38.0,10.4,120.0,9.9
1010.5,33.7,30.3,28.6,25.8,75.0,32.0,9.3,240.0,14.0
1006.7,34.1,30.1,26.8,25.2,81.0,80.0,3.9,200.0,24.4
1008.6,33.4,30.4,28.0,24.7,72.0,20.0,10.1,230.0,11.8
1007.9,33.8,30.6,27.0,24.9,75.0,44.0,10.0,220.0,24.5
1005.6,33.4,30.4,27.0,23.4,75.0,38.0,10.6,10.0,15.4
1008.4,34.4,30.6,28.6,25.8,77.0,58.0,9.3,220.0,9.2
1009.9,35.1,30.7,28.0,25.4,81.0,60.0,8.3,200.0,14.5
1008.9,34.8,31.4,27.4,20.6,78.0,43.0,8.3,220.0,19.7
1008.8,32.9,30.9,28.2,23.9,78.0,72.0,4.1,180.0,30.2
1007.2,33.3,30.9,28.6,25.3,79.0,78.0,2.7,110.0,9.2
1006.2,34.8,30.6,27.4,24.9,82.0,80.0,4.9,70.0,28.7
1008.8,30.9,28.6,26.9,26.7,85.0,88.0,0.2,230.0,13.6
1007.8,35.1,31.0,27.1,26.5,86.0,84.0,3.8,220.0,29.8
1008.8,35.1,31.1,28.8,26.1,75.0,46.0,10.4,170.0,15.7
1006.9,33.3,30.3,28.1,25.4,74.0,47.0,5.0,230.0,9.6
1008.1,34.4,30.0,27.1,25.7,79.0,72.0,10.6,190.0,27.3
1007.8,32.3,29.0,26.9,25.4,78.0,38.0,11.0,220.0,20.2
1008.3,31.0,30.6,28.1,25.9,79.0,79.0,3.7,220.0,12.8
1010.3,31.3,28.6,26.4,25.3,93.0,84.0,1.8,220.0,14.8
1006.2,31.7,27.3,26.2,25.9,81.0,79.0,6.2,240.0,24.4
1008.1,33.1,29.6,27.4,25.6,88.0,83.0,5.9,200.0,11.1
1008.5,32.0,28.6,26.3,25.4,79.0,78.0,8.5,230.0,23.3
1006.4,32.0,28.2,26.5,25.9,84.0,82.0,3.1,220.0,14.6
1006.3,32.8,29.4,27.5,26.4,82.0,83.0,2.0,190.0,20.7
1004.5,31.4,28.0,24.7,25.2,74.0,88.0,0.1,90.0,14.8
1008.9,32.8,30.0,28.1,25.0,75.0,85.0,7.8,220.0,22.8
1008.7,31.6,28.2,26.8,26.6,89.0,82.0,2.4,240.0,25.9
1005.4,31.1,28.4,28.8,25.5,84.0,86.0,6.8,220.0,16.7
1008.4,32.4,29.5,27.3,25.8,87.0,84.0,3.7,230.0,18.8
1008.4,33.0,30.1,28.0,25.2,86.0,88.0,7.7,200.0,16.5
1008.4,30.3,28.6,26.9,25.9,88.0,84.0,0.2,230.0,12.8
1008.9,31.0,29.0,28.4,25.2,78.0,78.0,6.9,230.0,26.5
1005.7,31.0,29.1,26.3,26.3,84.0,78.0,5.4,230.0,13.3
1010.5,31.6,29.0,25.3,26.1,79.0,80.0,2.3,130.0,11.3
1008.4,33.7,30.0,27.8,25.0,78.0,38.0,11.4,180.0,13.9
1008.1,32.4,30.1,28.0,25.9,77.0,38.0,11.8,240.0,15.2
1008.5,33.3,30.6,28.1,25.9,81.0,58.0,6.0,220.0,16.5
1007.8,33.3,30.1,28.6,25.9,75.0,44.0,10.6,180.0,10.9
1003.8,31.2,28.7,26.9,24.8,86.0,83.0,3.1,210.0,12.3
1008.5,30.2,28.7,26.2,26.4,84.0,87.0,4.3,220.0,9.1
1006.4,32.3,29.9,28.2,25.2,84.0,72.0,10.7,220.0,17.3
1009.6,30.7,29.0,27.7,25.3,82.0,79.0,0.3,70.0,24.4
1005.9,32.9,29.2,28.2,26.2,75.0,47.0,9.1,240.0,13.8
1008.6,32.3,29.5,26.0,24.6,79.0,78.0,9.1,50.0,12.5
1005.8,32.2,29.4,26.4,25.3,81.0,59.0,7.2,30.0,23.7
1011.5,32.8,30.1,28.0,25.9,77.0,38.0,12.1,230.0,15.3
1006.6,33.1,30.3,28.2,25.8,78.0,69.0,11.2,230.0,8.0
1008.3,33.7,30.3,28.0,24.3,74.0,38.0,10.5,220.0,15.5
1008.5,34.4,30.1,27.8,24.3,74.0,28.0,10.1,220.0,9.2
1008.4,32.1,30.6,28.0,24.3,80.0,65.0,9.9,210.0,17.2
1008.0,33.2,30.6,26.4,26.2,81.0,78.0,5.1,290.0,15.7
1002.2,33.2,30.2,27.4,24.7,72.0,29.0,10.2,20.0,7.9
1008.2,33.2,30.0,28.8,25.3,77.0,53.0,11.0,170.0,4.5
1000.1,31.1,28.7,27.2,24.5,82.0,88.0,2.2,240.0,5.5
1011.5,31.4,28.7,26.9,25.3,82.0,88.0,1.6,200.0,22.0
1007.6,31.7,28.1,26.6,24.5,83.0,78.0,2.3,180.0,23.5
1011.4,31.0,28.1,26.9,26.3,76.0,69.0,8.8,20.0,9.1
1002.2,30.5,27.9,25.2,24.3,82.0,75.0,5.6,180.0,13.9
1009.2,31.0,28.9,26.4,25.4,89.0,86.0,1.3,80.0,11.7
1006.1,33.5,30.6,28.1,25.4,77.0,57.0,10.6,230.0,26.1
1006.7,33.3,30.2,28.0,24.3,77.0,32.0,10.9,290.0,25.0
1000.3,33.5,30.4,28.3,24.1,71.0,48.0,10.0,10.0,15.3
1004.3,35.4,31.4,28.4,24.8,62.0,38.0,11.2,110.0,22.4
1010.3,31.1,28.9,26.7,26.0,86.0,83.0,6.4,150.0,26.4
1006.6,33.3,30.8,28.6,24.7,72.0,29.0,10.6,290.0,20.2
1005.5,29.2,27.5,25.6,24.9,74.0,87.0,0.6,20.0,11.9
999.0,35.1,31.0,28.6,26.4,75.0,57.0,9.4,280.0,11.3
1008.4,31.2,28.1,26.8,25.4,81.0,88.0,0.3,50.0,21.9
1005.6,30.5,27.6,26.9,23.7,73.0,60.0,8.6,220.0,13.8
1008.3,32.8,29.2,26.8,24.0,80.0,85.0,5.3,220.0,13.9
1007.1,32.4,29.2,26.4,26.0,74.0,43.0,7.7,190.0,11.8
1006.4,31.3,28.8,27.3,26.4,87.0,84.0,1.2,220.0,13.9
1007.9,33.8,30.7,28.0,24.8,81.0,82.0,4.6,70.0,17.3
1008.4,31.1,29.0,26.4,24.3,74.0,46.0,5.7,110.0,21.5
1008.4,31.0,28.7,26.5,25.3,81.0,83.0,3.9,240.0,12.6
1008.5,31.1,28.1,26.4,25.5,78.0,80.0,7.9,300.0,18.4
1010.8,28.9,26.3,25.4,23.9,79.0,55.0,10.2,110.0,18.8
1008.1,29.6,26.9,24.8,25.8,78.0,88.0,6.9,60.0,17.3
1010.9,29.6,26.4,24.5,23.6,82.0,58.0,4.8,100.0,17.3
1012.3,28.6,26.8,24.8,23.8,72.0,48.0,10.9,20.0,12.8
1012.2,31.9,28.0,26.7,25.3,81.0,77.0,4.6,40.0,22.5
1011.5,29.5,26.9,25.0,23.8,75.0,43.0,7.7,100.0,22.6
1011.7,32.3,29.9,27.2,23.2,73.0,43.0,9.5,70.0,25.0
1011.4,31.2,28.9,26.4,23.1,70.0,47.0,7.7,10.0,17.2
1012.5,28.7,26.5,24.8,23.2,71.0,45.0,10.2,70.0,25.0
1005.7,28.9,26.0,24.8,23.0,73.0,44.0,9.8,20.0,20.5
1005.0,33.0,30.0,28.1,25.0,77.0,43.0,9.4,220.0,29.0
1008.4,33.3,30.1,27.0,22.5,84.0,48.0,7.9,60.0,17.2
1013.1,30.3,26.7,24.8,22.3,73.0,46.0,10.2,70.0,9.1
1008.9,31.6,29.2,26.9,25.8,82.0,82.0,6.7,200.0,30.0
1010.3,32.9,28.6,26.9,24.6,79.0,51.0,11.0,60.0,11.9
1014.4,30.9,27.2,25.2,25.3,86.0,81.0,1.6,220.0,37.7
1009.5,31.2,29.4,26.8,21.8,75.0,72.0,7.3,80.0,13.1
1014.2,28.5,27.2,24.8,25.5,89.0,86.0,2.4,200.0,13.0
1012.5,31.2,28.1,26.8,23.2,78.0,58.0,5.9,50.0,14.0
1010.5,30.4,28.5,26.4,23.3,78.0,45.0,10.2,190.0,24.8
1008.4,31.3,28.1,26.8,24.8,75.0,78.0,7.7,210.0,30.2
1012.5,31.1,28.8,26.5,24.0,79.0,77.0,6.4,220.0,17.3
1015.0,31.2,28.8,27.8,25.1,87.0,69.0,9.5,220.0,21.3
1008.2,32.3,29.7,27.3,24.2,74.0,83.0,5.4,230.0,39.5
1006.0,32.2,29.4,27.4,24.7,82.0,85.0,3.5,220.0,25.9
1008.5,31.8,28.1,26.9,25.6,86.0,83.0,2.1,220.0,33.2
1012.5,31.2,28.2,25.8,20.6,70.0,44.0,9.3,60.0,33.4
1008.9,32.4,28.8,27.9,25.4,81.0,69.0,5.7,230.0,18.2
1008.0,32.2,29.7,26.6,24.3,80.0,78.0,5.0,10.0,15.9
1009.9,31.0,28.7,27.0,23.2,85.0,78.0,6.3,70.0,8.0
1012.5,30.8,27.8,26.5,23.2,76.0,45.0,7.6,20.0,9.8
1010.2,32.3,29.0,26.6,25.4,82.0,69.0,4.7,220.0,21.3
1007.9,28.1,26.8,24.3,23.1,85.0,85.0,2.5,130.0,30.6
1015.2,30.7,27.9,25.8,24.3,81.0,67.0,5.9,180.0,8.9
1010.4,28.2,26.3,24.6,21.9,74.0,49.0,9.5,20.0,13.4
1007.6,29.9,27.0,26.5,25.6,92.0,88.0,0.5,200.0,8.0
1009.1,28.2,27.5,25.4,25.4,89.0,88.0,0.2,280.0,20.3
1008.1,31.0,28.7,27.0,25.0,81.0,78.0,6.4,230.0,23.5
1005.7,28.2,25.5,23.4,20.6,84.0,89.0,2.0,20.0,23.4
1016.0,31.4,28.1,26.1,23.8,76.0,53.0,9.1,90.0,14.0
1017.1,31.0,26.8,25.4,25.4,87.0,88.0,1.6,40.0,21.3
1017.0,30.3,27.9,26.2,23.8,81.0,66.0,5.9,70.0,8.3
1018.7,29.1,27.9,25.8,23.1,86.0,82.0,6.3,50.0,11.9
1013.0,28.8,25.5,23.7,19.3,90.0,81.0,3.4,80.0,40.8
1018.0,26.2,25.2,24.9,23.6,89.0,84.0,0.6,220.0,12.5
1017.4,26.8,24.5,24.4,22.1,94.0,88.0,1.2,230.0,40.4
1018.7,29.3,25.4,24.7,24.8,94.0,88.0,0.1,180.0,15.2
1018.9,26.1,24.8,23.5,19.9,70.0,64.0,6.4,70.0,50.7
1008.9,27.2,25.5,24.8,22.0,79.0,28.0,10.3,220.0,26.7
1017.7,26.6,25.5,23.6,19.4,95.0,95.0,0.0,70.0,28.4
1015.9,28.4,26.2,25.9,24.8,78.0,85.0,6.6,80.0,9.6
1016.9,24.8,22.9,20.6,22.2,92.0,88.0,0.0,70.0,50.6
1010.3,25.2,23.7,22.3,21.7,82.0,61.0,6.6,50.0,14.1
1018.8,26.8,24.0,23.9,22.7,90.0,82.0,2.2,70.0,21.8
1012.5,27.8,25.8,23.4,20.6,76.0,47.0,7.6,30.0,9.0
1019.0,25.8,22.6,20.5,20.4,79.0,73.0,0.7,70.0,11.3
1015.9,28.7,25.7,20.6,19.9,65.0,51.0,9.4,70.0,20.9
1018.9,26.0,24.8,23.7,22.4,75.0,46.0,5.5,80.0,20.5
1018.4,27.8,25.3,24.2,23.2,70.0,81.0,2.0,80.0,10.2
1019.1,25.7,24.7,24.5,22.3,80.0,88.0,0.3,70.0,20.2
1017.1,27.7,25.5,24.0,21.4,75.0,78.0,7.6,70.0,17.3
1019.8,28.9,23.7,21.0,19.0,79.0,79.0,3.2,100.0,11.0
1014.2,29.4,26.2,23.1,21.4,75.0,49.0,6.6,10.0,15.0
1014.8,28.6,26.6,24.8,21.2,81.0,81.0,1.7,110.0,27.6
1017.8,27.8,25.8,24.3,22.3,68.0,56.0,9.9,40.0,9.6
1018.8,28.8,24.5,22.2,19.9,70.0,48.0,7.7,20.0,14.5
1012.2,28.9,23.8,20.2,21.4,85.0,84.0,0.7,40.0,40.4
1011.6,25.9,24.7,22.4,22.7,62.0,84.0,7.5,70.0,21.5
1016.8,25.9,23.7,23.3,21.4,84.0,70.0,9.2,80.0,25.0
1013.0,26.2,24.8,23.7,21.3,81.0,88.0,1.0,70.0,41.3
1014.6,28.6,25.5,23.8,21.3,85.0,85.0,2.2,70.0,19.8
1018.5,26.9,24.4,23.2,21.6,81.0,86.0,1.2,80.0,20.5
1016.8,28.6,25.4,24.3,23.2,87.0,82.0,1.4,30.0,14.5
1018.5,26.9,24.2,20.8,20.6,89.0,82.0,3.5,40.0,17.3
1014.5,25.4,23.1,21.0,19.0,87.0,82.0,2.0,50.0,16.1
1014.5,28.2,25.2,23.5,21.4,88.0,84.0,1.8,40.0,22.0
1014.3,26.1,24.4,22.0,16.8,87.0,80.0,4.8,20.0,28.0
1016.9,27.5,25.6,24.1,23.1,86.0,67.0,5.7,80.0,12.5
1014.9,27.2,25.5,24.9,22.4,71.0,88.0,1.1,70.0,22.9
1015.3,26.0,24.9,23.1,23.2,90.0,83.0,3.5,80.0,24.9
1017.7,27.0,25.6,24.0,23.2,86.0,79.0,1.2,20.0,15.3
1016.9,27.5,24.5,23.5,22.4,82.0,88.0,4.5,50.0,24.9
1014.6,25.2,24.8,23.9,21.2,84.0,70.0,2.1,80.0,33.5
1015.2,25.0,23.9,23.6,19.9,76.0,61.0,8.8,90.0,14.1
1017.0,27.7,24.0,22.6,19.6,91.0,78.0,3.3,25.0,16.4
1018.4,26.4,24.4,23.3,23.3,86.0,66.0,9.7,60.0,8.3
1020.2,20.6,19.5,18.2,16.8,86.0,88.0,0.1,60.0,43.8
1020.3,21.3,19.3,17.2,14.9,75.0,88.0,1.6,50.0,25.0
1022.3,21.8,18.4,17.4,15.7,88.0,88.0,3.0,70.0,16.7
1018.8,22.3,20.8,19.1,18.5,90.0,81.0,0.0,40.0,15.8
1020.6,21.6,19.1,18.1,17.8,77.0,83.0,0.4,80.0,16.7
1020.8,21.0,18.4,16.9,14.4,75.0,51.0,8.8,40.0,14.5
1018.6,21.2,19.3,17.2,16.5,92.0,84.0,0.1,20.0,35.8
1019.8,21.9,19.8,18.2,14.7,70.0,49.0,7.5,20.0,23.5
1020.9,20.5,18.8,17.5,15.0,89.0,88.0,0.0,20.0,25.0
1016.4,18.7,17.5,16.2,13.2,76.0,78.0,1.4,10.0,23.4
1020.8,18.9,17.3,16.4,13.3,78.0,86.0,2.2,70.0,39.7
1016.8,19.3,21.6,19.4,15.8,70.0,83.0,0.0,50.0,33.2
1019.4,19.4,17.5,16.9,16.8,87.0,86.0,0.5,70.0,25.9
1018.9,25.1,21.8,20.6,19.9,92.0,84.0,1.3,30.0,19.8
1022.2,22.1,19.2,18.0,16.0,90.0,95.0,0.6,60.0,28.4
1020.6,20.5,17.5,16.3,12.6,72.0,49.0,7.9,20.0,38.0
1022.2,20.6,18.7,16.9,14.9,78.0,90.0,0.0,60.0,36.0
1018.0,23.3,20.8,18.4,17.8,81.0,84.0,1.6,40.0,13.0
1022.2,18.6,17.3,15.9,12.9,78.0,89.0,0.0,20.0,19.0
1017.5,18.9,18.4,17.4,16.0,95.0,91.0,0.0,30.0,48.0
1025.6,18.9,13.5,11.7,0.2,76.0,90.0,1.1,20.0,28.0
1024.2,17.2,15.0,13.7,17.2,79.0,83.0,1.5,20.0,27.4
1016.5,17.8,16.8,14.8,15.9,87.0,94.0,0.0,20.0,21.5
1018.9,17.4,15.5,14.5,11.9,90.0,88.0,0.0,40.0,37.5
1022.8,16.7,14.6,12.4,11.0,70.0,46.0,8.3,20.0,19.0
1024.9,17.3,15.2,11.8,10.6,54.0,58.0,8.5,50.0,19.3
1020.6,18.6,16.1,12.9,12.9,92.0,86.0,0.6,30.0,31.2
1016.8,19.9,18.1,17.1,18.4,95.0,95.0,0.0,60.0,38.0
1019.9,18.0,17.5,15.9,15.0,90.0,90.0,0.0,40.0,39.7
1022.7,17.4,15.2,13.3,9.6,75.0,45.0,8.4,20.0,9.8
1017.0,20.5,18.5,17.8,15.6,90.0,93.0,0.3,20.0,16.3
1023.8,16.8,14.8,13.5,8.0,62.0,94.0,0.0,20.0,29.0
1022.8,15.5,14.6,13.3,12.7,77.0,88.0,0.0,70.0,27.3
1017.2,21.4,19.4,17.1,18.0,86.0,80.0,6.4,40.0,14.5
1020.8,18.6,17.3,16.1,13.3,75.0,88.0,0.6,70.0,26.9
1017.7,24.5,21.8,20.5,19.9,84.0,88.0,0.0,80.0,19.2
1020.3,22.2,20.6,19.6,16.2,72.0,77.0,1.4,70.0,28.4
1017.9,20.6,18.8,19.1,17.8,85.0,91.0,0.3,40.0,13.0
1022.7,16.2,15.2,13.7,14.3,92.0,88.0,0.0,60.0,37.5
1020.8,22.8,20.7,17.2,11.6,67.0,46.0,7.2,30.0,28.3
1018.4,23.1,21.4,19.4,19.4,90.0,89.0,1.9,50.0,16.3
1023.8,21.5,20.4,19.4,17.9,72.0,69.0,2.4,20.0,14.8
1019.1,21.4,18.5,17.3,16.9,82.0,82.0,2.7,80.0,27.4
1018.0,20.1,19.1,18.4,16.7,95.0,88.0,0.0,20.0,35.8
1020.6,24.4,22.2,20.6,19.4,74.0,82.0,6.3,70.0,38.3
1017.5,20.6,18.3,17.1,15.1,89.0,88.0,0.0,20.0,35.3
1019.7,23.0,19.9,17.2,16.8,79.0,89.0,2.9,20.0,15.1
1016.8,20.9,20.0,19.2,16.8,85.0,83.0,0.6,70.0,27.3
1025.9,17.5,18.0,16.5,13.3,79.0,89.0,0.5,20.0,23.4
1019.5,17.7,16.0,16.5,16.5,93.0,97.0,0.0,50.0,21.4
1014.6,21.0,20.8,19.9,19.9,95.0,88.0,0.0,40.0,18.0
1013.4,21.1,20.0,19.8,19.6,95.0,88.0,0.0,70.0,34.3
1014.6,20.4,18.1,16.9,17.8,95.0,91.0,0.0,50.0,30.3
1017.5,23.7,16.3,15.3,13.9,86.0,90.0,1.1,50.0,39.7
1017.0,22.1,20.8,19.6,18.0,91.0,88.0,0.0,40.0,46.3
1017.8,16.9,15.9,14.6,15.0,90.0,100.0,0.0,40.0,24.2
1016.7,18.2,16.3,15.4,14.7,90.0,100.0,0.0,40.0,23.3
1016.4,16.7,15.6,14.7,11.4,79.0,91.0,0.0,60.0,55.5
1014.3,15.6,13.8,10.0,7.8,78.0,77.0,3.5,20.0,41.3
1022.1,15.9,13.1,12.2,10.3,74.0,81.0,2.1,50.0,28.2
1020.6,17.6,13.2,11.2,6.8,59.0,25.0,2.4,20.0,33.5
1022.2,14.8,12.5,4.0,10.4,84.0,88.0,0.0,20.0,30.0
1020.3,17.6,15.7,14.5,13.5,81.0,100.0,0.0,20.0,32.4
1017.7,17.4,16.6,15.9,15.0,95.0,100.0,0.0,60.0,39.3
1022.3,15.2,15.8,13.5,11.1,78.0,94.0,0.0,60.0,37.0
1021.1,15.5,14.1,11.8,8.6,61.0,95.0,0.0,40.0,24.9
1024.9,20.2,16.7,14.6,11.7,70.0,38.0,9.1,20.0,50.6
1024.7,14.6,12.9,12.6,11.3,79.0,91.0,0.0,10.0,52.8
1020.5,18.0,16.6,15.3,13.6,79.0,88.0,0.0,20.0,28.6
1027.2,20.6,17.7,14.2,11.8,75.0,51.0,7.4,50.0,15.2
1023.8,18.1,13.7,11.6,4.3,72.0,20.0,10.1,70.0,14.8
1025.9,10.9,8.6,7.0,1.0,73.0,67.0,2.5,50.0,30.3
1023.7,15.8,10.1,7.7,4.0,72.0,7.0,9.1,20.0,9.2
1020.6,17.1,15.2,13.5,11.2,78.0,11.0,9.8,60.0,34.0
1021.3,19.6,17.6,15.7,12.6,64.0,73.0,5.2,60.0,20.2
1017.6,17.3,16.1,14.7,13.0,93.0,95.0,0.0,20.0,35.8
1027.9,21.6,18.5,16.3,13.7,77.0,93.0,0.6,20.0,15.1
1013.4,16.5,14.8,13.7,12.9,92.0,100.0,0.0,50.0,20.0
1023.6,24.2,20.8,18.2,9.8,39.0,49.0,10.2,60.0,38.3
1020.9,24.9,18.1,15.8,17.3,72.0,40.0,10.1,10.0,19.8
1013.9,24.6,22.3,20.7,19.9,91.0,82.0,0.0,80.0,27.4
1015.6,21.9,20.4,18.5,18.4,79.0,45.0,7.8,40.0,9.2
1024.6,16.1,13.0,13.5,11.9,76.0,89.0,0.0,200.0,33.2
1017.6,24.8,21.3,19.8,20.1,91.0,89.0,0.2,50.0,37.5
1015.4,24.9,21.5,19.5,19.5,77.0,55.0,7.6,10.0,17.2
1017.1,21.9,20.0,19.7,17.3,91.0,94.0,0.0,70.0,28.4
1017.6,23.9,21.1,19.9,19.0,89.0,88.0,0.2,80.0,14.5
1013.1,22.9,20.7,19.2,19.9,95.0,95.0,0.0,30.0,22.6
1019.5,21.5,20.9,17.7,16.6,79.0,47.0,6.8,70.0,9.1
1019.9,25.9,22.9,18.1,16.1,90.0,89.0,2.0,40.0,28.9
1017.0,22.4,20.2,18.5,13.1,76.0,69.0,7.6,40.0,11.3
1017.5,23.1,19.9,17.4,16.8,80.0,88.0,0.0,50.0,39.5
1020.6,18.4,17.1,16.9,15.0,75.0,86.0,0.0,40.0,24.9
1014.9,23.3,21.6,20.9,20.9,87.0,88.0,0.0,60.0,15.1
1014.0,23.0,21.1,20.6,19.1,80.0,87.0,0.1,70.0,14.5
1020.3,17.4,15.1,14.5,9.4,75.0,49.0,10.0,20.0,24.8
1024.2,24.0,18.3,15.3,6.8,77.0,75.0,5.7,60.0,21.6
1021.4,20.9,17.2,15.3,13.3,78.0,88.0,0.9,30.0,29.8
1015.2,18.2,17.3,16.3,14.6,75.0,88.0,2.5,40.0,20.2
1024.5,18.9,18.4,15.0,13.0,72.0,65.0,5.9,20.0,28.0
1018.9,20.2,19.9,18.1,18.2,90.0,90.0,1.0,40.0,22.5
1019.0,20.7,20.0,18.2,18.9,92.0,88.0,0.2,40.0,15.0
1013.3,17.1,17.2,15.2,14.8,87.0,90.0,0.2,20.0,25.1
1017.7,20.4,18.1,17.1,14.9,90.0,88.0,0.0,70.0,35.3
1022.2,15.1,12.4,10.8,9.6,74.0,83.0,1.2,20.0,8.3
1013.9,18.6,17.1,16.4,13.8,95.0,96.0,1.1,70.0,33.5
1016.7,17.4,17.6,16.4,16.3,96.0,100.0,0.2,50.0,16.1
1022.6,16.4,15.3,14.2,13.6,93.0,93.0,0.2,20.0,17.3
1024.3,15.5,13.7,11.6,9.1,79.0,88.0,0.2,40.0,14.6
1022.3,17.5,18.2,16.9,14.3,92.0,96.0,0.0,40.0,19.0
1023.9,14.7,12.9,11.9,11.6,97.0,95.0,0.9,70.0,24.5
1012.2,20.6,19.0,17.1,18.9,95.0,93.0,0.0,70.0,39.5
1012.4,20.1,18.6,17.1,15.6,92.0,87.0,0.3,50.0,22.4
1018.7,21.6,19.7,19.6,17.0,81.0,88.0,0.0,50.0,37.7
1016.9,22.2,21.8,20.3,19.7,92.0,85.0,0.2,50.0,12.6
1017.8,16.3,15.3,14.2,12.9,97.0,95.0,0.0,40.0,30.3
1013.4,19.0,17.6,16.9,16.9,97.0,95.0,0.0,50.0,20.3
1015.5,19.9,18.1,18.1,17.1,96.0,92.0,0.2,40.0,14.1
1016.8,18.4,17.3,16.1,16.2,95.0,95.0,0.0,50.0,20.0
1016.0,21.8,19.4,17.6,16.7,70.0,49.0,11.0,20.0,37.5
1023.2,16.3,15.7,15.5,9.8,59.0,88.0,0.1,40.0,16.0
1018.9,22.3,20.8,19.2,16.1,79.0,88.0,0.0,70.0,33.4
1020.9,22.8,18.6,16.9,13.0,73.0,19.0,2.4,20.0,14.8
1017.8,20.1,20.1,19.6,19.8,92.0,83.0,0.3,50.0,16.1
1016.0,21.4,19.3,18.3,18.2,75.0,20.0,9.8,60.0,9.0
1016.8,20.2,18.1,16.6,16.6,95.0,95.0,0.0,50.0,25.1
1018.4,18.3,17.8,14.5,16.2,95.0,96.0,0.3,20.0,9.1
1017.1,26.0,22.6,20.3,21.4,85.0,89.0,0.5,30.0,18.0
1015.3,23.6,22.5,20.0,21.3,85.0,80.0,0.0,40.0,7.9
1017.1,21.3,20.8,19.2,17.8,83.0,84.0,0.6,80.0,37.9
1013.3,25.9,23.1,21.5,21.4,91.0,88.0,1.4,50.0,33.2
1014.4,26.6,23.3,22.3,21.9,91.0,91.0,2.1,40.0,16.0
1021.2,26.2,24.8,21.2,12.4,77.0,62.0,10.0,60.0,39.5
1013.8,24.8,24.3,23.7,23.2,93.0,100.0,0.2,100.0,41.4
1011.7,26.1,21.0,19.7,16.9,85.0,79.0,5.0,70.0,22.0
1011.4,16.3,15.3,13.6,11.6,76.0,79.0,2.2,30.0,35.6
1019.8,28.1,25.4,23.6,22.3,92.0,88.0,0.8,120.0,21.9
1006.9,21.9,20.1,19.8,19.5,92.0,90.0,0.2,20.0,20.5
1008.4,21.3,19.3,17.7,17.6,75.0,83.0,9.2,50.0,27.6
1009.9,26.4,24.8,22.7,21.3,90.0,83.0,3.7,100.0,25.0
1014.2,26.3,23.1,21.0,22.3,97.0,93.0,0.0,50.0,8.6
1012.1,27.9,25.8,24.1,23.3,89.0,84.0,2.1,80.0,14.2
1011.7,25.2,24.0,23.1,22.8,89.0,81.0,0.3,180.0,30.6
1013.0,27.0,25.9,23.6,21.9,91.0,88.0,1.1,60.0,27.9
1008.5,27.9,25.3,23.3,23.2,93.0,88.0,0.3,40.0,14.3
1010.7,24.8,22.8,21.8,19.8,91.0,88.0,0.0,50.0,27.3
1017.0,26.7,24.8,23.7,23.1,87.0,89.0,0.2,80.0,17.3
1013.3,25.3,23.1,21.0,21.4,89.0,88.0,1.5,80.0,28.0
1014.4,26.8,23.8,20.4,22.3,90.0,83.0,1.3,70.0,17.5
1011.5,27.6,25.5,24.4,23.1,90.0,88.0,1.8,40.0,22.6
1007.8,28.2,26.2,24.1,24.2,89.0,84.0,2.5,40.0,15.4
1006.4,26.9,25.9,24.7,22.3,87.0,81.0,1.1,70.0,28.8
1015.0,28.4,25.5,24.7,24.1,97.0,88.0,1.0,50.0,30.0
1005.6,28.1,25.1,23.1,21.6,82.0,80.0,2.5,220.0,13.8
1012.7,29.1,26.8,25.4,23.7,87.0,82.0,2.5,100.0,16.5
1016.0,26.3,24.7,24.5,23.6,90.0,83.0,0.1,200.0,20.9
1012.5,26.3,25.2,24.7,22.9,93.0,88.0,0.1,30.0,13.4
1014.5,28.6,25.6,24.7,21.0,87.0,89.0,2.1,30.0,35.3
1012.6,28.8,25.3,24.7,22.0,89.0,83.0,1.0,60.0,15.0
1017.1,27.6,25.8,24.5,24.8,84.0,85.0,1.8,80.0,27.4
1012.3,30.2,27.9,25.4,23.1,84.0,83.0,2.6,230.0,12.0
1008.8,27.8,26.5,25.0,25.0,93.0,86.0,0.0,190.0,14.5
1009.9,30.3,27.9,26.2,24.9,84.0,85.0,3.1,190.0,16.0
1009.4,29.3,27.9,26.0,25.0,89.0,88.0,2.2,170.0,20.0
1012.6,28.8,25.7,23.9,23.4,89.0,88.0,0.4,200.0,22.0
1009.5,28.4,26.2,24.7,23.2,84.0,75.0,7.2,70.0,25.1
1010.4,28.1,26.4,25.5,21.1,80.0,78.0,5.4,40.0,12.6
1010.3,28.7,26.8,24.8,23.1,90.0,81.0,2.3,70.0,23.3
1013.0,28.8,25.6,23.6,21.6,91.0,90.0,1.3,80.0,24.9
1012.3,30.8,27.4,26.8,24.5,84.0,81.0,2.3,100.0,14.3
1011.5,29.8,26.8,25.1,23.2,87.0,81.0,2.5,20.0,12.7
1011.6,28.4,26.1,24.8,25.3,85.0,83.0,3.7,60.0,14.3
1013.0,28.6,25.5,24.8,22.2,76.0,74.0,6.0,60.0,9.2
1013.0,26.2,24.4,23.1,19.8,79.0,70.0,6.0,70.0,31.9
1008.3,28.8,27.1,24.1,25.1,94.0,88.0,1.0,190.0,16.9
1005.9,28.7,28.4,26.5,24.4,81.0,82.0,0.4,220.0,15.2
1008.4,30.8,27.6,25.8,24.2,81.0,88.0,0.4,210.0,13.0
1008.5,30.6,28.3,26.4,25.3,81.0,78.0,4.5,30.0,16.5
1013.0,28.7,26.9,24.8,22.0,81.0,61.0,7.2,50.0,7.4
1013.0,28.7,26.1,24.8,23.1,92.0,78.0,1.0,70.0,15.8
1010.6,27.8,26.7,25.3,25.2,90.0,86.0,1.2,190.0,15.1
1009.3,30.8,27.7,25.4,25.4,87.0,88.0,0.9,220.0,11.9
1008.4,28.1,26.8,25.2,25.5,85.0,83.0,3.7,210.0,16.0
1008.1,30.7,27.2,25.8,25.8,81.0,87.0,8.3,230.0,15.7
1008.8,30.6,27.3,24.3,25.9,87.0,83.0,2.2,180.0,26.9
1008.5,31.0,29.9,26.5,26.0,85.0,88.0,1.5,230.0,27.0
1008.1,32.8,29.9,26.7,24.6,84.0,78.0,2.9,220.0,25.1
1009.8,33.0,30.0,27.9,26.0,79.0,86.0,3.3,220.0,27.6
1008.5,31.2,28.0,26.8,26.4,86.0,88.0,1.2,220.0,13.2
1006.8,33.1,30.0,28.9,26.2,90.0,82.0,3.1,80.0,22.9
1006.6,32.9,29.3,27.1,23.2,87.0,80.0,4.2,230.0,20.5
1010.5,33.1,29.8,28.1,25.1,79.0,69.0,3.1,50.0,18.8
1007.9,31.1,28.9,26.9,26.4,85.0,85.0,4.4,180.0,14.6
1008.2,32.3,29.0,27.8,25.3,86.0,72.0,7.6,20.0,9.2
1008.6,32.0,29.9,26.0,25.1,76.0,77.0,10.4,220.0,38.0
1008.9,30.8,28.8,26.4,25.4,98.0,93.0,0.6,170.0,25.1
1008.1,32.8,29.0,27.4,26.6,82.0,88.0,0.2,220.0,38.3
1006.5,33.8,30.0,27.0,25.0,69.0,70.0,6.9,220.0,23.9
1008.5,31.0,28.3,26.8,24.4,65.0,49.0,11.8,220.0,9.1
1006.8,33.0,30.1,28.0,24.8,75.0,69.0,10.1,230.0,12.6
1008.2,33.3,30.3,28.7,25.8,78.0,32.0,11.8,200.0,9.1
1008.5,29.1,26.2,24.8,24.9,58.0,48.0,8.4,70.0,23.7
1008.2,32.3,30.1,28.4,26.4,81.0,30.0,11.5,230.0,39.3
1009.9,32.4,30.2,29.0,24.3,79.0,32.0,1.5,220.0,30.4
1008.5,33.9,30.0,28.1,25.4,80.0,79.0,5.7,200.0,39.9
1009.8,33.0,30.4,27.9,26.2,79.0,21.0,8.5,220.0,50.6
1010.0,34.2,30.8,28.2,26.2,84.0,57.0,5.9,130.0,24.4
1007.7,32.0,30.4,28.3,25.4,74.0,46.0,10.3,190.0,19.0
1006.1,33.3,30.5,28.8,25.4,78.0,66.0,6.5,80.0,9.9
1008.2,34.0,30.2,28.2,26.5,81.0,79.0,6.8,290.0,43.8
1008.1,34.0,30.8,28.7,25.2,74.0,22.0,11.8,240.0,12.5
1005.0,35.3,31.0,26.4,26.4,74.0,49.0,10.8,230.0,28.6
1008.9,33.4,30.4,28.6,25.7,82.0,72.0,7.7,60.0,40.8
1005.3,32.0,29.2,26.2,26.3,87.0,85.0,1.5,220.0,4.5
1009.5,32.8,30.1,28.1,26.1,75.0,61.0,7.2,110.0,9.2
1009.3,31.7,29.4,27.6,25.6,84.0,86.0,1.6,190.0,21.6
1007.8,32.9,30.1,28.1,25.7,79.0,72.0,8.8,200.0,16.2
1006.6,32.9,29.7,27.3,25.0,81.0,75.0,2.1,220.0,19.8
1008.5,35.1,30.8,28.0,25.9,75.0,32.0,9.5,220.0,12.6
1005.5,33.0,30.0,27.4,25.0,74.0,29.0,10.0,190.0,22.6
1010.3,32.8,29.2,27.9,25.2,84.0,85.0,2.1,100.0,13.0
1007.7,31.1,28.6,26.8,25.4,81.0,88.0,3.8,180.0,11.3
1008.8,31.0,28.4,27.4,25.4,82.0,88.0,7.0,220.0,13.6
1001.0,32.1,30.0,28.1,25.8,75.0,78.0,8.3,230.0,14.3
1000.1,33.7,30.1,28.6,24.8,75.0,48.0,7.0,70.0,28.5
999.0,35.0,31.5,28.2,25.3,76.0,38.0,10.0,280.0,30.0
1005.4,30.8,28.9,26.0,25.5,88.0,88.0,1.9,240.0,29.0
1003.8,31.3,28.1,26.5,25.6,85.0,87.0,0.1,220.0,29.6
1005.9,31.3,28.7,26.5,26.3,93.0,88.0,0.1,130.0,27.0
1008.1,35.0,31.0,28.4,25.0,75.0,78.0,9.0,280.0,18.0
1000.7,30.4,28.6,25.4,25.5,84.0,84.0,5.7,220.0,11.7
1009.7,32.8,29.6,27.6,25.8,79.0,76.0,7.1,210.0,18.8
1008.8,31.4,28.7,27.0,25.4,81.0,84.0,1.8,200.0,12.8
1008.6,30.6,28.6,26.9,25.0,86.0,88.0,0.4,250.0,21.9
1007.6,32.2,29.2,26.2,25.9,86.0,82.0,1.2,180.0,14.6
1008.1,32.0,29.6,27.8,25.3,80.0,69.0,6.0,230.0,12.8
1010.5,32.0,29.1,27.0,25.0,85.0,83.0,6.5,250.0,21.9
1008.5,29.2,27.8,26.6,25.4,89.0,81.0,6.4,190.0,23.9
1005.2,32.9,29.9,26.8,26.1,75.0,71.0,7.6,230.0,13.3
1009.1,33.1,30.8,28.4,24.9,76.0,30.0,9.4,220.0,11.9
1007.8,31.4,30.6,28.9,24.8,78.0,58.0,10.3,220.0,15.1
1005.9,33.2,30.1,27.9,24.8,72.0,28.0,11.8,130.0,14.6
1008.3,33.2,30.0,28.8,25.2,81.0,77.0,7.8,220.0,22.5
1009.5,33.3,30.0,27.8,25.8,79.0,43.0,9.5,220.0,11.2
1007.9,33.0,30.1,27.8,25.1,78.0,67.0,5.7,220.0,12.5
1005.7,31.0,29.2,27.8,26.2,83.0,83.0,4.7,60.0,14.8
1008.0,33.0,30.2,28.4,25.2,78.0,69.0,10.8,220.0,12.0
1005.9,33.3,30.6,28.2,25.6,84.0,81.0,3.0,240.0,12.9
1006.1,32.3,30.0,28.1,24.7,79.0,57.0,6.1,210.0,20.2
1007.9,32.3,29.1,28.9,26.4,79.0,78.0,8.2,270.0,25.1
1008.4,32.3,29.0,26.5,24.4,79.0,40.0,11.2,220.0,12.4
1008.4,34.4,30.1,28.5,25.6,72.0,41.0,10.4,20.0,4.4
1008.1,33.1,30.1,28.1,25.8,75.0,46.0,10.2,240.0,4.5
1003.4,33.2,30.6,28.0,24.4,74.0,47.0,10.0,60.0,14.8
1009.6,34.0,30.0,26.5,24.3,80.0,63.0,6.8,190.0,7.9
1011.4,35.6,31.0,27.8,24.6,77.0,47.0,6.3,220.0,25.2
1008.4,33.3,30.6,28.4,24.2,72.0,54.0,10.1,200.0,9.5
1011.4,31.4,28.9,26.7,24.5,81.0,88.0,2.2,100.0,22.5
1008.0,31.0,28.4,26.3,25.3,85.0,88.0,1.9,40.0,13.0
1009.9,31.8,28.0,26.6,24.8,84.0,78.0,4.1,290.0,8.1
1000.0,31.4,28.0,26.9,24.7,79.0,84.0,2.9,220.0,23.9
1005.7,30.5,27.1,25.0,24.3,87.0,79.0,5.9,230.0,12.8
1008.3,30.8,27.0,25.8,24.2,84.0,85.0,2.4,210.0,13.1
1007.4,33.7,30.2,27.0,26.1,89.0,87.0,0.6,230.0,11.0
1008.1,33.7,30.3,27.8,24.3,72.0,29.0,5.9,10.0,9.2
1009.3,32.8,29.7,28.1,24.5,78.0,78.0,8.6,230.0,25.2
1011.3,32.4,28.1,26.8,24.5,77.0,54.0,9.9,100.0,20.0
1008.2,30.6,28.4,26.3,25.3,81.0,82.0,2.8,220.0,25.5
1008.5,35.0,31.3,27.8,25.3,75.0,30.0,9.1,130.0,9.2
1000.0,32.3,28.0,27.3,26.2,89.0,80.0,6.1,210.0,25.1
1008.1,31.7,29.1,26.5,26.0,82.0,85.0,0.4,230.0,25.9
1008.3,29.1,27.9,25.8,23.2,72.0,69.0,7.1,70.0,25.9
1005.7,31.7,28.5,27.3,24.3,76.0,49.0,7.2,240.0,15.1
1008.1,32.0,28.1,26.8,25.4,84.0,78.0,4.6,220.0,15.7
1001.4,32.7,29.7,27.3,25.1,78.0,67.0,5.4,220.0,11.7
1006.8,30.5,27.0,25.2,25.2,86.0,87.0,0.4,230.0,22.3
1005.7,32.4,29.4,28.2,26.6,81.0,78.0,6.0,220.0,20.5
1008.5,30.3,27.6,25.1,26.4,89.0,80.0,4.0,70.0,10.3
1002.5,32.0,28.9,26.4,24.9,84.0,73.0,8.4,20.0,9.5
1008.9,29.9,26.6,25.9,23.2,85.0,82.0,2.1,120.0,7.9
1011.5,28.6,26.8,24.5,23.2,80.0,88.0,1.2,60.0,6.6
1010.2,32.0,27.1,24.8,25.9,82.0,49.0,6.1,250.0,12.0
1005.5,27.9,26.7,25.3,25.2,93.0,88.0,0.0,230.0,19.8
1009.2,28.1,26.4,25.3,24.7,81.0,84.0,1.4,190.0,21.5
1009.7,32.3,29.0,28.0,25.9,81.0,84.0,2.5,220.0,14.5
1012.4,32.8,29.3,26.8,24.1,86.0,78.0,2.3,220.0,25.0
1010.9,29.2,26.4,24.8,25.5,88.0,83.0,2.3,130.0,28.0
1008.5,30.7,28.8,25.8,23.0,79.0,84.0,2.5,50.0,11.3
1008.6,31.0,27.1,25.8,25.0,77.0,70.0,6.4,180.0,15.3
1010.5,30.6,28.0,26.9,25.0,84.0,57.0,3.9,180.0,13.6
1011.1,33.7,30.2,27.6,25.8,75.0,39.0,9.1,130.0,30.5
1006.2,32.4,29.1,26.8,22.9,77.0,59.0,3.5,220.0,12.3
1007.9,31.4,28.7,26.5,24.1,87.0,83.0,3.0,80.0,37.5
1009.4,31.9,28.6,26.5,22.1,83.0,83.0,3.4,80.0,34.0
1013.2,31.3,28.9,26.2,25.6,81.0,82.0,3.2,220.0,22.9
1015.0,30.7,27.0,25.5,21.4,76.0,49.0,8.8,90.0,21.3
1015.0,31.9,28.4,26.4,24.9,74.0,67.0,8.0,40.0,38.0
1008.9,31.2,28.3,26.7,25.3,83.0,85.0,2.2,240.0,39.7
1007.6,31.0,28.7,25.8,22.1,76.0,83.0,2.0,220.0,34.0
1010.2,31.7,28.2,25.9,23.8,79.0,88.0,1.6,70.0,22.0
1012.8,30.7,27.7,26.0,23.6,75.0,43.0,7.2,90.0,25.1
1008.1,31.0,28.2,26.9,24.8,75.0,78.0,2.0,200.0,36.0
1005.8,31.7,28.7,26.2,25.8,79.0,73.0,7.9,220.0,29.6
1006.4,31.0,28.4,26.1,26.0,87.0,81.0,3.5,220.0,34.8
1010.5,30.8,28.2,26.1,25.2,83.0,81.0,2.1,140.0,25.1
1011.4,31.7,28.0,26.9,23.7,75.0,54.0,6.0,20.0,9.1
1008.4,32.8,29.4,27.0,24.3,74.0,27.0,10.6,220.0,12.4
1010.0,31.5,29.8,27.4,20.4,77.0,60.0,10.2,20.0,20.9
1013.3,29.4,27.7,25.8,24.5,84.0,77.0,1.8,80.0,34.8
1009.5,31.5,28.8,26.6,25.7,87.0,81.0,4.7,200.0,12.6
1014.2,30.9,28.1,25.2,25.2,84.0,60.0,11.1,140.0,12.9
1013.7,31.0,28.1,26.8,24.9,81.0,84.0,1.0,210.0,50.6
1011.9,31.9,28.0,25.8,25.6,81.0,89.0,1.1,100.0,24.0
1011.2,29.8,26.4,24.4,23.1,80.0,51.0,6.1,220.0,7.9
1008.1,28.1,27.9,25.3,22.2,79.0,84.0,2.0,10.0,50.6
1012.2,28.4,26.9,24.3,23.3,79.0,47.0,8.4,240.0,7.9
1010.0,29.7,26.4,24.4,23.1,82.0,88.0,4.5,40.0,13.7
1005.5,27.5,25.6,24.5,24.2,92.0,91.0,2.3,230.0,23.3
1017.0,30.1,27.8,26.1,24.7,74.0,72.0,11.1,60.0,18.4
1016.4,31.9,28.1,26.3,23.4,79.0,47.0,9.1,40.0,43.1
1013.1,24.6,23.1,21.0,20.7,91.0,88.0,0.0,70.0,46.3
1018.1,29.4,26.2,24.5,24.7,61.0,61.0,6.5,200.0,39.3
1018.0,31.2,26.7,24.7,23.1,78.0,61.0,3.9,70.0,34.0
1017.7,29.4,25.9,23.4,20.3,79.0,74.0,3.2,70.0,48.0
1017.0,23.1,21.6,20.5,19.6,78.0,88.0,0.0,70.0,50.6
1017.0,31.7,28.3,25.3,23.4,84.0,78.0,4.2,100.0,11.7
1017.0,29.1,27.5,26.0,20.6,65.0,51.0,8.6,80.0,39.3
1011.2,26.8,24.5,23.2,23.7,77.0,56.0,6.0,80.0,37.7
1016.8,28.4,24.5,22.3,19.4,74.0,49.0,6.4,10.0,21.9
1008.8,27.6,25.0,24.5,24.3,62.0,88.0,8.2,230.0,39.5
1017.1,26.6,24.8,23.9,19.3,75.0,68.0,10.1,70.0,33.4
1016.7,29.2,25.8,23.1,17.8,67.0,17.0,10.2,70.0,15.7
1011.6,28.2,25.5,22.8,23.6,76.0,47.0,9.4,90.0,19.0
1011.4,29.1,25.8,23.1,19.3,70.0,32.0,10.6,10.0,9.9
1010.8,22.7,20.9,19.3,18.0,79.0,88.0,0.6,50.0,18.6
1011.4,27.5,22.8,22.5,19.4,76.0,85.0,2.5,70.0,32.4
1013.4,23.6,21.8,19.6,17.3,76.0,86.0,2.2,60.0,19.2
1012.2,27.6,25.8,24.5,22.3,79.0,81.0,2.3,70.0,21.3
1019.3,27.5,24.5,22.3,16.8,73.0,49.0,9.3,10.0,21.9
1012.2,29.7,26.9,24.5,23.3,82.0,80.0,3.2,70.0,21.3
1012.0,30.1,26.8,23.3,20.6,70.0,44.0,10.2,20.0,9.5
1014.6,25.3,23.7,21.1,21.1,76.0,49.0,6.5,50.0,23.7
1016.2,25.9,23.7,20.1,19.2,82.0,83.0,3.4,20.0,20.5
1017.1,28.4,25.8,25.5,21.6,82.0,83.0,3.0,80.0,24.4
1016.0,25.4,23.2,21.5,18.6,70.0,69.0,6.4,50.0,28.8
1012.9,26.5,25.6,24.2,23.4,78.0,77.0,2.4,70.0,17.2
1014.8,29.2,25.5,23.4,19.9,84.0,70.0,6.3,80.0,13.7
1016.8,26.2,24.7,22.6,22.8,79.0,84.0,4.6,40.0,21.9
1014.8,27.1,26.1,24.5,23.1,78.0,61.0,7.6,80.0,13.7
1016.8,30.7,26.2,24.7,19.9,75.0,68.0,9.2,70.0,16.9
1015.6,26.3,23.8,21.4,20.9,70.0,72.0,8.5,50.0,35.8
1018.4,28.2,24.8,22.6,22.8,89.0,81.0,2.7,80.0,28.6
1017.0,28.9,25.8,23.3,21.6,86.0,83.0,2.6,70.0,44.7
1015.6,28.1,25.5,23.4,21.6,87.0,88.0,0.3,80.0,22.9
1014.7,29.6,26.5,23.8,19.6,90.0,85.0,0.5,70.0,24.9
1013.7,26.3,24.4,23.3,19.9,91.0,74.0,3.1,70.0,38.0
1016.5,29.4,25.8,22.8,16.0,79.0,88.0,0.3,70.0,9.5
1016.8,26.7,24.8,23.6,19.4,84.0,83.0,0.1,70.0,8.9
1016.5,28.5,26.2,24.4,23.1,79.0,84.0,2.4,80.0,19.0
1015.2,26.6,24.8,22.3,22.1,87.0,61.0,7.0,40.0,16.4
1017.1,28.4,25.4,23.7,22.1,79.0,83.0,3.5,80.0,41.3
1014.0,27.4,25.8,24.8,22.9,81.0,83.0,7.6,80.0,21.8
1016.7,27.5,25.0,23.1,22.3,76.0,49.0,9.5,40.0,8.5
1016.7,26.7,23.1,22.3,21.1,81.0,83.0,6.9,40.0,16.6
1014.2,21.3,20.5,20.5,19.9,91.0,88.0,0.0,70.0,46.3
1019.4,21.3,20.9,20.1,19.0,91.0,78.0,0.0,70.0,43.1
1018.1,21.0,20.8,19.4,19.6,91.0,88.0,0.0,20.0,16.6
1017.8,21.0,20.0,19.1,19.6,78.0,87.0,6.5,50.0,21.3
1017.1,20.4,18.4,17.4,15.1,79.0,88.0,0.0,40.0,37.5
1019.9,21.9,21.0,20.4,18.0,79.0,84.0,0.0,50.0,25.0
1018.7,24.3,20.8,19.2,16.2,78.0,46.0,7.7,40.0,9.1
1018.0,21.0,18.4,16.1,15.5,79.0,89.0,0.6,40.0,12.7
1018.9,24.8,22.3,20.7,20.8,91.0,93.0,0.0,40.0,13.7
1021.3,27.6,23.4,22.4,21.7,75.0,89.0,2.3,70.0,25.5
1022.5,27.6,25.4,24.3,16.9,75.0,88.0,0.0,10.0,26.3
1018.4,22.0,17.7,15.5,14.9,74.0,67.0,5.0,10.0,33.2
1022.5,18.6,17.7,16.9,13.3,75.0,90.0,0.0,60.0,38.0
1018.9,19.3,17.3,16.1,12.9,78.0,95.0,0.0,60.0,37.9
1019.9,20.1,20.1,18.0,17.5,93.0,88.0,0.0,25.0,15.3
1022.5,21.2,18.2,16.3,12.1,75.0,56.0,0.6,10.0,10.2
1022.2,24.4,19.7,18.4,16.0,83.0,95.0,1.2,70.0,15.5
1022.6,26.0,18.8,17.6,15.9,62.0,86.0,3.5,60.0,14.5
1021.2,19.8,17.9,17.2,14.4,71.0,95.0,0.0,70.0,40.4
1020.4,18.4,16.6,15.4,15.6,78.0,88.0,0.0,20.0,23.5
1022.1,20.9,17.6,15.1,6.6,74.0,72.0,7.7,20.0,23.7
1025.9,21.3,19.6,17.7,17.6,75.0,45.0,6.5,40.0,30.5
1019.5,16.2,15.2,14.6,13.9,90.0,92.0,0.0,70.0,43.1
1016.8,20.9,19.3,17.6,15.5,95.0,92.0,0.0,60.0,44.7
1022.6,17.2,16.2,15.2,13.1,79.0,88.0,0.0,70.0,43.1
1024.3,21.3,19.4,19.4,13.9,91.0,87.0,0.4,50.0,24.4
1016.8,16.4,15.3,15.3,15.2,86.0,88.0,0.1,50.0,10.9
1016.8,16.7,15.5,14.2,12.9,79.0,94.0,0.0,40.0,19.0
1020.4,18.4,15.3,14.6,12.9,79.0,88.0,0.0,60.0,38.0
1026.4,18.6,17.3,15.5,12.5,79.0,86.0,0.6,20.0,29.7
1017.1,17.5,16.6,15.4,15.5,85.0,92.0,0.0,70.0,39.7
1025.4,17.4,16.6,15.7,13.5,75.0,90.0,1.0,20.0,25.0
1020.6,20.8,18.4,16.2,7.4,67.0,88.0,0.0,40.0,27.0
1024.4,17.2,15.2,13.3,9.8,75.0,87.0,2.0,20.0,20.8
1021.3,17.2,14.9,12.8,11.8,90.0,88.0,0.1,50.0,27.4
1023.8,21.6,20.4,19.9,17.5,74.0,79.0,1.7,40.0,21.3
1023.8,19.9,15.5,12.7,8.4,67.0,72.0,7.0,30.0,19.0
1024.3,17.4,17.3,16.3,15.3,89.0,88.0,0.0,40.0,28.8
1018.1,17.3,16.5,15.6,15.6,90.0,91.0,1.0,60.0,39.5
1020.9,17.8,16.4,15.3,12.8,76.0,91.0,0.0,20.0,42.0
1022.6,21.6,18.8,16.8,13.1,92.0,82.0,0.1,50.0,23.9
1020.2,17.3,15.3,14.9,13.1,84.0,88.0,0.0,30.0,28.3
1019.9,20.7,19.3,17.1,13.3,67.0,86.0,0.6,70.0,33.0
1018.1,20.6,18.8,17.2,14.7,75.0,82.0,2.4,20.0,24.9
1017.6,20.6,18.8,17.1,15.1,75.0,84.0,0.0,40.0,35.6
1018.1,23.8,21.2,19.6,19.8,86.0,83.0,2.3,80.0,24.4
1016.8,21.1,18.8,17.4,15.3,75.0,88.0,0.0,50.0,30.3
1022.2,21.6,18.2,16.4,14.6,77.0,88.0,0.0,50.0,24.8
1023.2,20.6,17.8,14.4,13.4,75.0,88.0,0.0,20.0,23.3
1017.1,18.9,17.5,16.5,16.8,88.0,91.0,0.0,20.0,30.0
1016.8,18.9,17.7,16.9,16.8,96.0,95.0,0.0,50.0,17.5
1016.4,16.3,16.6,15.9,15.0,91.0,96.0,0.0,70.0,37.0
1013.9,18.9,17.1,15.3,16.9,79.0,94.0,0.0,70.0,24.0
1013.0,22.2,20.5,19.1,17.9,79.0,81.0,2.2,70.0,28.6
1014.5,18.7,17.6,17.0,17.4,97.0,95.0,0.0,50.0,25.0
1016.6,21.1,19.1,17.1,13.0,94.0,97.0,0.0,30.0,50.6
1021.9,19.3,18.1,17.3,16.3,95.0,100.0,0.0,70.0,26.5
1015.3,21.9,18.7,17.3,16.8,85.0,95.0,0.0,60.0,21.9
1017.7,20.9,19.3,18.9,18.0,87.0,91.0,0.0,70.0,50.7
1020.0,21.1,18.4,16.6,14.0,75.0,56.0,3.3,60.0,55.5
1027.1,10.8,7.4,8.1,2.5,61.0,95.0,0.1,20.0,24.0
1022.7,15.1,13.3,9.8,11.5,93.0,100.0,0.0,40.0,24.5
1027.4,10.4,10.4,8.1,2.2,77.0,92.0,0.0,60.0,39.5
1017.8,17.4,13.7,9.8,11.4,98.0,99.0,0.0,50.0,38.3
1024.7,10.9,8.9,7.0,4.6,79.0,96.0,0.0,70.0,27.9
1023.8,15.1,13.2,9.6,4.0,70.0,61.0,10.1,20.0,27.3
1017.7,14.6,11.6,10.0,10.9,92.0,88.0,0.1,70.0,50.6
1019.0,16.3,12.1,10.3,8.7,66.0,88.0,0.2,20.0,23.4
1023.9,18.2,17.2,15.4,13.7,69.0,55.0,2.4,60.0,55.5
1022.9,18.5,16.5,14.7,15.0,91.0,93.0,0.0,20.0,25.0
1024.3,17.5,13.1,11.4,3.1,58.0,81.0,0.0,20.0,14.6
1023.3,15.3,13.3,10.6,3.2,72.0,22.0,9.2,20.0,44.7
1020.8,16.2,13.1,10.6,1.1,77.0,60.0,10.2,20.0,30.3
1024.9,15.3,12.8,10.0,8.6,63.0,91.0,0.0,20.0,18.0
1027.8,19.7,16.7,14.7,11.1,67.0,44.0,9.9,20.0,20.5
1023.6,12.5,10.4,8.8,6.2,72.0,20.0,9.1,20.0,33.4
1020.1,13.3,14.4,11.6,10.5,89.0,85.0,1.9,20.0,9.9
1021.8,21.8,18.4,16.5,14.0,72.0,40.0,10.0,40.0,14.6
1018.7,15.4,13.1,13.4,12.3,95.0,87.0,0.3,50.0,12.4
1013.4,23.1,21.1,20.7,20.8,98.0,88.0,0.0,50.0,39.9
1026.9,19.6,18.6,17.9,12.4,85.0,88.0,0.5,20.0,21.6
1014.2,18.6,17.1,16.9,16.8,95.0,95.0,0.0,60.0,27.4
1017.4,25.3,22.1,20.4,19.6,72.0,20.0,10.1,40.0,15.2
1020.5,21.8,18.2,15.8,9.7,62.0,19.0,9.2,20.0,26.1
1019.7,17.6,15.4,14.4,14.3,90.0,96.0,0.0,40.0,15.5
1025.8,17.3,15.4,13.3,3.7,64.0,91.0,2.4,70.0,18.0
1013.9,20.9,20.6,19.4,19.9,73.0,83.0,2.0,70.0,14.8
1016.2,24.8,18.6,17.3,16.5,75.0,78.0,1.2,15.0,22.3
1016.8,23.4,22.4,20.8,16.5,76.0,45.0,9.5,80.0,39.7
1020.4,17.2,15.1,14.0,14.1,89.0,88.0,0.0,60.0,29.8
1025.2,16.8,13.5,10.6,10.1,72.0,40.0,9.2,20.0,16.0
1015.0,23.5,21.6,20.4,20.6,75.0,48.0,9.5,40.0,21.2
1024.9,17.3,15.2,14.6,11.5,79.0,46.0,5.0,70.0,39.5
1020.2,21.2,18.9,17.2,15.0,74.0,35.0,9.8,30.0,18.6
1025.4,18.8,16.1,13.8,11.1,76.0,49.0,9.1,20.0,30.2
1021.2,16.5,15.9,13.1,12.6,92.0,90.0,0.0,20.0,29.8
1020.4,20.7,18.4,17.6,14.3,78.0,90.0,0.2,70.0,43.8
1012.5,25.3,21.5,19.1,19.9,89.0,76.0,3.5,40.0,15.8
1020.6,18.9,15.2,14.7,13.3,75.0,46.0,9.8,20.0,24.5
1019.9,17.1,16.1,15.3,12.9,89.0,91.0,0.0,60.0,37.5
1022.1,20.5,19.0,17.2,16.9,82.0,78.0,1.1,70.0,21.9
1023.8,18.5,16.7,15.6,15.9,91.0,89.0,1.7,40.0,9.5
1013.0,21.3,18.6,17.1,16.0,79.0,86.0,0.0,70.0,30.6
1022.5,19.0,17.8,16.9,15.0,95.0,95.0,0.0,60.0,41.3
1013.4,20.3,18.1,17.4,16.8,79.0,88.0,0.1,20.0,8.9
1017.8,17.4,16.0,15.0,15.5,86.0,79.0,0.1,60.0,12.5
1016.5,17.4,16.6,15.3,14.4,87.0,100.0,0.0,20.0,40.8
1013.3,17.1,16.6,15.9,16.0,94.0,100.0,0.0,60.0,35.1
1019.9,21.3,19.5,18.4,18.1,81.0,84.0,0.5,50.0,20.0
1016.0,22.1,20.4,19.0,18.9,92.0,86.0,0.0,50.0,14.0
1025.9,18.6,16.6,15.6,13.7,78.0,88.0,0.0,40.0,24.4
1014.8,21.2,20.8,19.2,17.1,86.0,83.0,1.6,50.0,21.9
1012.2,18.5,17.6,15.4,13.1,94.0,88.0,0.2,100.0,23.5
1012.2,19.4,17.3,15.6,15.9,87.0,87.0,2.3,50.0,28.4
1018.1,20.4,17.6,15.6,15.6,97.0,99.0,1.6,80.0,19.2
1020.9,17.3,16.3,15.2,12.7,76.0,83.0,0.0,50.0,29.7
1022.5,15.5,13.7,12.3,10.0,92.0,95.0,0.0,20.0,26.5
1022.3,15.5,13.6,11.7,11.5,92.0,95.0,0.0,20.0,25.0
1013.9,23.1,21.5,20.1,19.3,77.0,88.0,0.0,70.0,32.5
1022.9,20.9,18.1,14.0,12.1,98.0,91.0,0.0,20.0,27.1
1020.4,19.2,18.1,17.1,14.9,75.0,91.0,0.0,60.0,26.2
1023.5,15.9,12.8,10.1,11.7,65.0,83.0,0.0,20.0,17.5
1014.8,21.3,19.9,17.6,18.1,90.0,82.0,2.5,20.0,21.6
1014.5,16.3,15.3,14.6,13.3,92.0,99.0,0.0,70.0,34.0
1023.8,17.2,14.8,11.7,8.4,69.0,22.0,9.0,20.0,12.5
1020.3,18.5,19.2,17.7,13.3,60.0,38.0,9.3,60.0,8.5
1017.4,25.2,20.6,19.9,19.9,79.0,81.0,2.5,50.0,16.0
1022.1,22.8,18.6,16.7,12.4,65.0,67.0,2.7,50.0,32.9
1016.4,24.9,22.2,20.8,17.8,79.0,83.0,3.5,70.0,29.8
1017.1,26.8,21.8,19.9,18.5,79.0,28.0,9.5,70.0,7.4
1013.6,26.5,23.1,19.1,16.8,86.0,75.0,6.7,60.0,28.6
1012.5,26.9,22.5,17.7,14.0,69.0,68.0,7.5,70.0,9.2
1016.8,25.2,23.1,21.3,21.4,94.0,88.0,0.0,80.0,19.3
1012.5,26.3,24.3,23.1,22.1,93.0,86.0,2.2,80.0,29.6
1012.5,27.8,25.5,24.4,22.9,86.0,82.0,2.4,70.0,28.0
1011.3,22.2,19.8,18.7,16.9,86.0,89.0,0.1,40.0,37.0
1010.5,19.6,18.2,18.0,16.5,95.0,95.0,0.0,70.0,19.0
1010.8,24.3,21.4,20.4,19.5,86.0,77.0,7.3,60.0,9.5
1011.5,26.5,23.1,20.6,17.0,91.0,89.0,0.3,70.0,12.1
1011.4,24.4,22.1,21.3,22.1,88.0,82.0,0.5,40.0,16.2
1011.2,24.7,21.4,20.1,20.6,92.0,83.0,0.4,120.0,5.5
1016.8,26.1,24.8,22.0,22.3,84.0,90.0,0.5,40.0,22.2
1014.9,27.3,25.9,23.1,21.4,92.0,90.0,4.4,80.0,30.3
1010.1,27.1,25.7,23.1,20.1,90.0,83.0,1.0,190.0,12.1
1010.6,25.2,24.3,24.4,21.6,95.0,86.0,0.0,50.0,17.3
1013.0,27.8,25.5,23.6,20.8,90.0,81.0,1.0,70.0,26.4
1012.5,28.4,23.8,21.0,22.1,91.0,86.0,2.0,70.0,24.2
1010.2,28.2,25.5,23.3,22.9,90.0,83.0,3.0,210.0,12.1
1011.5,26.2,25.2,24.3,23.8,89.0,88.0,1.2,50.0,21.4
1014.6,25.4,24.7,23.2,23.2,96.0,85.0,3.5,80.0,17.2
1012.5,27.6,25.5,24.0,22.9,86.0,83.0,3.5,40.0,22.5
1010.1,27.6,25.8,24.5,19.5,94.0,88.0,1.0,40.0,16.9
1013.4,27.7,25.8,24.5,23.1,85.0,88.0,0.6,70.0,7.3
1012.0,28.2,25.2,24.5,24.4,86.0,88.0,1.1,120.0,9.8
1007.8,28.5,26.2,24.3,23.8,87.0,69.0,5.0,70.0,15.1
1012.4,25.2,23.1,21.7,18.2,80.0,83.0,3.9,60.0,34.3
1014.5,28.2,25.9,23.7,23.4,79.0,81.0,1.2,220.0,15.7
1014.5,29.4,26.8,24.7,23.6,82.0,89.0,1.4,280.0,12.7
1008.5,30.3,27.1,25.8,24.4,81.0,84.0,1.0,40.0,24.2
1010.4,27.7,25.8,24.8,23.3,82.0,84.0,3.2,170.0,26.3
1013.0,27.9,26.5,25.4,24.7,91.0,88.0,0.4,100.0,35.1
1009.9,30.8,28.1,25.1,25.2,89.0,88.0,1.0,200.0,16.2
1013.3,29.8,27.6,26.6,24.4,90.0,80.0,3.5,240.0,18.4
1009.9,28.6,26.9,25.8,25.3,81.0,85.0,1.2,30.0,26.8
1010.5,30.8,28.1,25.0,25.0,81.0,86.0,2.1,90.0,14.3
1008.8,27.7,25.8,24.8,24.8,87.0,88.0,0.9,220.0,21.9
1010.3,30.1,27.8,24.2,23.3,85.0,79.0,7.8,90.0,22.3
1012.3,27.4,25.4,24.9,23.1,80.0,70.0,6.4,230.0,16.5
1013.4,30.6,27.6,25.5,23.1,76.0,78.0,5.8,80.0,16.9
1009.9,27.4,26.9,24.2,24.6,84.0,72.0,6.9,70.0,12.5
1010.5,30.9,27.4,25.0,25.0,89.0,81.0,1.0,230.0,24.4
1009.9,28.5,26.8,24.9,19.8,87.0,71.0,6.6,20.0,18.0
1013.0,29.0,26.9,24.9,22.4,88.0,88.0,6.1,60.0,33.5
1008.9,30.1,28.0,26.0,25.3,89.0,88.0,0.3,110.0,9.4
1012.1,26.7,24.7,23.4,23.0,85.0,81.0,2.5,70.0,39.5
1011.6,29.2,26.1,24.8,23.8,91.0,88.0,0.1,80.0,18.4
1006.8,29.5,26.9,25.8,25.3,89.0,86.0,1.6,220.0,9.2
1006.3,30.8,27.9,26.6,23.1,89.0,82.0,2.1,190.0,15.3
1006.4,30.3,28.6,26.8,24.5,94.0,88.0,0.3,230.0,20.9
1012.4,30.4,26.8,24.5,23.1,82.0,61.0,5.0,80.0,9.1
1011.2,28.0,25.4,24.0,23.0,86.0,82.0,1.1,80.0,7.9
1006.7,27.8,25.1,24.1,22.9,89.0,87.0,1.8,200.0,20.8
1008.8,30.7,27.5,24.0,25.5,84.0,87.0,2.4,190.0,21.9
1009.8,28.4,26.2,25.9,25.4,77.0,78.0,3.3,70.0,31.9
1007.2,30.7,29.0,26.4,25.3,84.0,77.0,2.4,150.0,12.0
1008.3,32.0,28.7,24.9,21.6,84.0,75.0,6.7,20.0,7.9
1012.2,31.9,29.9,28.3,24.9,75.0,72.0,8.4,180.0,8.0
1009.6,32.5,29.6,27.5,25.9,89.0,89.0,3.2,220.0,17.2
1008.1,33.0,30.1,28.1,26.1,79.0,78.0,7.7,230.0,26.8
1008.1,31.6,27.2,26.4,24.3,89.0,88.0,6.0,230.0,25.0
1008.0,33.2,30.1,27.2,24.4,87.0,83.0,5.0,50.0,38.3
1007.9,31.5,28.5,26.9,25.5,82.0,88.0,2.4,230.0,20.8
1011.5,29.1,26.8,24.8,22.9,78.0,60.0,8.4,20.0,19.0
1006.7,31.7,28.6,27.3,25.3,90.0,77.0,1.1,230.0,23.3
1008.2,32.3,29.4,26.3,25.3,84.0,72.0,7.7,220.0,9.5
1008.6,33.8,30.2,28.1,25.9,81.0,51.0,10.6,240.0,33.2
1008.9,33.3,30.2,28.4,25.9,76.0,49.0,9.2,220.0,29.3
1008.5,32.4,29.9,27.6,26.1,82.0,89.0,1.1,220.0,4.5
1009.1,30.6,27.9,26.9,25.6,88.0,83.0,2.5,290.0,39.5
1005.3,31.3,29.4,28.3,26.3,84.0,88.0,0.3,220.0,28.8
1009.5,33.2,30.3,28.1,25.9,72.0,60.0,9.7,220.0,28.8
1005.9,32.9,30.1,29.3,26.3,81.0,83.0,2.1,230.0,16.3
1006.8,32.8,30.0,28.1,24.0,76.0,48.0,7.8,10.0,11.3
1007.9,32.0,29.7,28.0,25.2,70.0,38.0,9.1,220.0,11.8
1009.9,33.7,29.1,28.9,25.7,79.0,56.0,7.1,100.0,39.5
1008.2,33.9,29.1,26.4,24.4,79.0,83.0,6.4,230.0,24.5
1009.7,32.4,30.7,29.1,26.3,87.0,78.0,6.3,220.0,46.3
1008.9,33.7,30.6,28.9,26.7,87.0,84.0,3.3,230.0,24.2
1009.5,33.7,30.7,26.8,24.3,74.0,72.0,7.7,210.0,15.9
1008.5,34.2,30.1,28.7,24.4,72.0,22.0,10.5,240.0,9.5
1008.7,34.8,30.4,28.4,26.3,80.0,81.0,6.4,290.0,7.4
1006.5,34.8,30.0,26.3,24.3,60.0,38.0,11.4,220.0,9.2
1008.2,33.2,30.4,29.0,24.0,72.0,35.0,11.4,180.0,9.1
1005.5,33.1,30.0,28.4,26.1,81.0,88.0,0.1,240.0,15.2
1007.9,33.0,30.1,27.8,25.1,76.0,32.0,6.4,220.0,11.7
1005.3,34.0,30.2,28.0,25.0,75.0,41.0,12.0,220.0,12.5
1006.5,33.2,30.7,28.7,26.2,89.0,88.0,1.3,190.0,15.4
1006.5,32.6,29.8,27.4,25.0,85.0,74.0,6.7,100.0,12.6
1008.4,32.0,29.6,27.3,25.3,82.0,69.0,9.1,220.0,26.0
1007.9,33.3,30.1,28.1,26.1,80.0,83.0,6.9,230.0,27.6
1007.8,32.0,29.0,27.7,26.5,78.0,84.0,6.5,210.0,27.1
1007.7,34.7,30.7,28.4,25.0,74.0,44.0,8.4,210.0,10.9
1008.9,31.4,29.4,27.5,26.7,86.0,84.0,1.2,220.0,28.6
1007.7,31.2,28.9,25.8,24.7,84.0,67.0,7.9,220.0,12.8
1005.5,31.7,29.0,27.2,24.8,79.0,67.0,4.2,190.0,33.0
999.6,32.3,29.9,26.9,26.0,77.0,84.0,7.1,180.0,23.5
1008.1,33.8,30.0,28.0,26.3,86.0,81.0,2.1,240.0,30.6
1006.8,35.3,31.3,28.0,26.4,75.0,32.0,10.6,150.0,12.5
1003.5,29.7,27.8,26.0,25.9,86.0,88.0,0.0,230.0,13.1
1005.5,31.4,28.9,26.3,26.3,87.0,80.0,5.9,230.0,14.2
1009.4,31.2,28.4,26.5,25.8,85.0,88.0,0.7,220.0,18.6
1007.9,32.0,29.2,27.7,25.1,82.0,57.0,5.1,270.0,26.2
1002.5,34.0,30.7,27.0,26.2,83.0,77.0,3.7,230.0,13.1
1008.6,33.0,30.7,27.0,26.7,79.0,86.0,2.5,230.0,25.0
1009.9,32.7,30.1,28.9,26.1,81.0,53.0,5.0,220.0,15.0
1009.1,34.7,30.6,28.2,25.8,87.0,85.0,1.1,220.0,17.2
1006.1,35.1,30.3,27.3,26.3,85.0,80.0,5.6,230.0,22.5
1010.7,30.8,28.7,27.6,25.3,78.0,51.0,9.2,200.0,20.5
1010.9,34.0,30.6,27.9,26.0,84.0,73.0,2.8,280.0,16.4
1010.9,32.8,29.9,28.0,25.3,80.0,83.0,6.3,230.0,15.5
1005.0,32.2,29.3,25.4,25.0,72.0,49.0,8.3,270.0,24.3
1007.6,34.7,31.4,26.0,26.4,80.0,28.0,11.2,170.0,9.9
1007.9,31.7,28.1,26.4,24.8,78.0,29.0,7.1,220.0,8.3
1000.0,33.0,30.0,29.0,25.3,77.0,38.0,10.0,170.0,15.3
1008.1,32.2,28.9,26.9,25.6,77.0,47.0,8.8,100.0,16.0
1008.8,32.8,29.1,26.4,25.7,84.0,88.0,2.2,210.0,9.5
1009.9,33.3,29.4,28.4,25.2,81.0,80.0,6.9,220.0,16.0
1009.1,32.1,29.3,27.4,25.4,84.0,80.0,6.5,220.0,17.2
1008.1,32.0,29.1,27.1,26.1,81.0,82.0,2.2,230.0,17.3
1009.3,33.0,30.7,28.4,24.5,72.0,32.0,10.4,260.0,21.8
1007.9,33.5,30.1,27.8,24.5,74.0,43.0,10.8,20.0,8.0
1008.9,32.0,29.4,27.5,25.4,79.0,78.0,6.4,10.0,11.1
1009.4,33.4,30.2,28.2,24.5,82.0,78.0,8.8,230.0,22.1
1008.8,33.3,30.1,27.9,24.3,75.0,48.0,10.1,220.0,15.8
1009.2,32.2,29.6,26.8,24.8,78.0,44.0,10.0,190.0,11.0
1006.4,35.8,30.2,28.8,24.9,80.0,33.0,11.4,230.0,14.5
999.0,35.2,31.0,28.1,26.1,77.0,57.0,10.1,160.0,12.0
1007.8,35.6,31.3,26.9,26.3,80.0,83.0,6.5,20.0,25.5
1010.9,31.7,28.4,26.0,25.4,84.0,84.0,2.2,40.0,17.2
1006.6,33.0,28.2,26.2,24.4,75.0,72.0,8.5,220.0,9.8
1011.6,34.0,31.1,26.8,26.1,87.0,80.0,8.3,160.0,13.0
1009.9,32.2,28.2,26.3,25.6,86.0,85.0,1.0,220.0,7.9
1011.1,31.5,28.9,26.7,25.7,89.0,81.0,2.5,100.0,24.4
1010.4,31.0,29.6,26.9,26.5,81.0,77.0,4.6,90.0,19.8
1005.1,32.4,30.0,29.2,25.2,82.0,81.0,3.6,200.0,15.3
1006.2,30.6,28.8,25.2,25.1,65.0,55.0,3.4,70.0,18.0
1011.1,31.9,28.3,26.6,24.3,85.0,88.0,1.0,80.0,14.6
1008.5,31.5,28.4,26.8,24.3,81.0,82.0,6.0,230.0,25.2
1005.9,30.0,29.9,28.1,25.8,82.0,69.0,6.9,300.0,17.2
1005.3,28.7,27.4,25.4,24.4,89.0,87.0,0.1,220.0,22.5
1008.3,31.0,28.1,26.8,25.9,79.0,87.0,1.5,220.0,25.1
1006.5,31.8,28.3,26.7,25.3,81.0,88.0,3.6,220.0,12.6
1008.2,31.7,29.8,27.7,23.4,81.0,70.0,9.4,130.0,10.0
1008.5,32.0,29.8,28.1,25.3,81.0,78.0,6.7,300.0,21.9
1006.9,35.1,31.0,26.5,25.0,76.0,60.0,10.8,60.0,12.6
1001.5,33.9,30.6,26.3,24.8,74.0,41.0,9.8,70.0,12.3
1005.4,31.9,28.2,25.6,23.3,81.0,40.0,9.8,280.0,8.3
1005.9,28.6,27.8,25.4,25.3,91.0,88.0,0.1,190.0,11.7
1007.8,30.7,27.8,26.5,24.5,84.0,87.0,0.3,230.0,20.4
1007.9,31.4,28.3,26.5,25.0,81.0,88.0,3.2,220.0,15.7
1008.1,29.6,26.5,25.0,23.2,78.0,43.0,9.8,110.0,8.9
1008.3,30.1,26.8,24.5,24.1,81.0,67.0,7.5,100.0,6.1
1005.2,29.1,26.5,25.5,25.4,89.0,88.0,0.8,60.0,19.3
1008.1,28.2,26.0,24.8,24.7,89.0,84.0,1.2,180.0,8.1
1010.4,29.7,27.8,26.4,25.8,73.0,78.0,6.8,100.0,8.9
1008.5,29.5,26.5,25.4,25.4,84.0,88.0,1.1,80.0,22.5
1007.5,32.1,29.5,28.4,23.1,79.0,60.0,7.5,180.0,22.0
1011.0,30.8,27.7,25.5,23.1,84.0,72.0,8.5,140.0,11.8
1009.5,31.0,29.8,28.2,24.5,78.0,78.0,7.7,220.0,26.4
1008.7,32.9,29.4,26.7,25.8,78.0,84.0,3.6,220.0,20.0
1011.1,29.1,26.7,24.8,23.3,79.0,78.0,4.6,220.0,25.2
1011.0,28.3,27.2,25.9,22.5,75.0,32.0,8.5,20.0,5.7
1008.8,31.2,28.1,26.9,25.8,86.0,83.0,2.5,220.0,38.0
1010.4,30.3,27.6,25.5,21.9,80.0,68.0,7.6,60.0,36.0
1012.7,28.5,25.9,24.5,22.9,82.0,60.0,9.3,60.0,15.0
1013.3,31.3,28.7,26.9,24.7,76.0,75.0,2.8,120.0,18.8
1013.2,31.7,28.0,26.8,24.4,76.0,46.0,8.8,220.0,30.5
1011.4,30.8,28.2,26.9,25.2,78.0,76.0,3.9,200.0,25.0
1007.9,29.2,28.2,26.7,25.9,85.0,88.0,0.4,70.0,28.4
1011.4,27.9,26.6,25.4,25.6,90.0,85.0,1.2,190.0,15.0
1014.8,31.9,28.0,26.5,24.8,74.0,46.0,7.6,50.0,12.6
1013.0,31.7,28.3,26.8,25.3,81.0,84.0,2.1,140.0,8.1
1011.4,31.5,28.7,26.4,24.5,82.0,84.0,3.6,180.0,13.9
1009.9,31.3,29.7,26.8,24.5,77.0,83.0,0.7,220.0,37.0
1006.2,31.0,29.7,28.0,26.3,73.0,88.0,2.1,230.0,38.3
1006.6,29.4,27.5,25.8,25.5,86.0,82.0,1.6,70.0,13.0
1006.4,30.6,28.6,26.4,24.8,80.0,83.0,0.6,190.0,23.9
1007.4,30.4,28.8,26.8,24.8,58.0,46.0,9.1,230.0,16.0
1011.4,32.0,29.8,26.8,22.1,73.0,50.0,10.0,10.0,12.0
1010.1,29.3,27.8,26.3,25.4,82.0,83.0,3.1,90.0,20.7
1011.5,29.7,27.9,25.8,25.5,81.0,88.0,2.5,80.0,15.7
1008.1,29.7,26.9,24.3,24.4,87.0,78.0,3.5,220.0,37.9
1008.7,30.1,28.0,27.9,26.3,91.0,89.0,2.1,80.0,25.0
1011.2,28.9,26.7,24.8,23.9,86.0,65.0,5.2,90.0,50.7
1014.1,27.6,26.4,25.5,25.8,93.0,88.0,0.4,100.0,16.1
1005.9,28.8,27.5,26.0,25.0,93.0,88.0,0.0,230.0,25.0
1012.2,28.2,26.4,25.4,24.4,89.0,90.0,1.2,40.0,19.8
1008.2,29.5,26.6,24.9,24.2,82.0,87.0,0.4,220.0,13.2
1005.3,28.7,25.3,23.5,22.3,88.0,84.0,1.2,30.0,7.9
1017.5,31.3,28.0,25.5,26.3,84.0,89.0,2.2,170.0,13.8
1018.1,27.5,26.2,24.0,23.2,77.0,53.0,11.0,230.0,11.1
1016.8,31.1,28.8,26.1,24.3,82.0,79.0,5.0,300.0,10.3
1016.3,30.0,28.3,26.8,24.7,79.0,49.0,4.2,180.0,31.7
1016.4,30.5,26.8,24.2,23.1,76.0,56.0,5.7,180.0,23.2
1018.6,26.0,24.4,22.4,22.3,92.0,89.0,0.4,80.0,25.1
1017.8,30.3,27.1,24.8,24.8,81.0,72.0,7.7,230.0,11.9
1011.5,26.2,23.9,22.9,22.8,93.0,84.0,1.6,80.0,41.3
1018.8,29.8,27.9,26.3,23.1,78.0,79.0,3.6,70.0,11.1
1015.6,28.2,26.6,25.4,25.4,87.0,82.0,0.3,80.0,25.1
1017.8,24.9,22.8,21.1,19.9,81.0,83.0,2.4,60.0,23.7
1017.3,24.4,23.9,21.3,19.6,79.0,47.0,9.5,80.0,9.1
1016.0,28.7,26.0,25.3,22.8,89.0,81.0,2.1,220.0,17.2
1012.0,30.8,27.0,24.0,20.6,75.0,48.0,9.1,10.0,21.6
1016.8,26.6,25.4,24.7,21.4,79.0,77.0,3.4,80.0,27.1
1017.8,27.7,24.2,23.8,22.4,83.0,82.0,7.6,80.0,15.9
1016.4,25.1,23.1,21.1,21.8,80.0,61.0,7.8,80.0,12.1
1017.1,29.8,25.4,23.7,21.4,77.0,83.0,6.0,70.0,15.5
1016.7,26.3,25.8,24.5,22.0,83.0,80.0,6.5,70.0,28.4
1011.5,28.6,25.3,22.5,22.9,80.0,67.0,8.8,80.0,33.4
1019.9,26.6,24.9,22.3,19.5,76.0,44.0,8.8,50.0,18.0
1018.8,26.6,24.3,23.1,19.7,79.0,78.0,3.0,80.0,29.0
1010.5,28.3,25.5,23.2,19.6,74.0,49.0,7.8,90.0,39.5
1013.0,28.7,25.9,24.0,23.2,80.0,81.0,1.0,70.0,15.9
1014.1,28.2,24.1,22.5,20.8,83.0,71.0,6.8,90.0,22.0
1014.9,25.3,23.3,22.3,20.4,78.0,80.0,1.0,40.0,29.7
1015.0,27.1,24.5,21.0,21.6,81.0,81.0,3.5,40.0,13.2
1017.7,27.7,25.9,23.4,21.1,81.0,86.0,2.5,80.0,24.5
1013.0,30.2,26.3,24.2,21.8,83.0,84.0,3.1,70.0,14.5
1010.3,30.6,27.0,25.5,23.4,84.0,58.0,7.7,100.0,14.8
1012.5,26.7,24.5,23.7,22.6,77.0,84.0,3.5,80.0,22.0
1018.1,26.8,24.5,23.1,22.2,82.0,81.0,1.6,80.0,26.7
1016.8,26.0,24.8,23.7,21.4,85.0,83.0,0.0,70.0,31.7
1017.2,28.9,25.2,23.7,19.1,87.0,82.0,2.0,70.0,16.2
1014.8,28.2,25.5,24.0,22.1,87.0,80.0,3.5,40.0,15.8
1015.2,26.3,23.1,21.3,20.7,91.0,88.0,0.0,50.0,20.5
1018.9,24.5,23.7,20.4,16.0,93.0,88.0,2.9,50.0,25.0
1018.3,27.4,25.8,24.2,23.7,88.0,84.0,3.9,80.0,14.5
1017.7,25.3,24.9,22.8,21.6,82.0,83.0,3.5,50.0,8.3
1016.4,27.2,25.4,24.0,22.9,84.0,85.0,3.4,40.0,8.0
1017.7,26.8,25.8,22.1,21.3,81.0,88.0,2.4,70.0,8.6
1019.0,28.4,25.9,23.1,21.6,84.0,81.0,2.3,70.0,7.9
1014.3,28.2,26.6,23.4,23.8,79.0,47.0,4.9,70.0,24.8
1015.0,27.9,26.1,25.2,23.5,89.0,88.0,2.4,80.0,21.8
1017.1,29.1,26.0,24.9,23.3,84.0,77.0,4.6,70.0,12.4
1014.6,29.1,25.8,23.3,22.3,84.0,70.0,6.7,40.0,9.1
1015.2,25.8,22.2,18.9,14.6,75.0,56.0,5.9,70.0,14.3
1014.3,22.2,20.7,20.1,20.4,92.0,88.0,0.0,50.0,13.0
1017.0,24.8,22.1,20.6,19.4,90.0,87.0,2.7,70.0,39.9
1021.1,22.3,19.6,19.3,16.3,78.0,58.0,1.1,30.0,11.1
1016.8,25.6,22.1,21.0,19.8,92.0,88.0,0.1,70.0,28.8
1018.5,21.3,18.3,17.2,15.1,86.0,88.0,0.7,50.0,17.2
1018.0,21.5,20.9,19.3,19.3,91.0,84.0,1.1,70.0,33.4
1015.1,27.5,23.7,22.2,21.3,91.0,93.0,5.9,70.0,22.5
1021.6,23.4,19.7,18.5,15.4,80.0,78.0,0.0,70.0,16.4
1015.5,23.7,21.5,20.2,18.8,87.0,88.0,0.5,80.0,29.0
1019.8,20.1,19.2,18.4,16.8,82.0,91.0,0.0,70.0,38.0
1020.5,21.3,17.5,15.3,14.3,78.0,46.0,9.7,70.0,11.9
1017.7,20.6,17.8,15.5,13.3,79.0,85.0,5.9,20.0,24.2
1017.4,18.4,17.4,16.5,15.3,95.0,95.0,0.0,10.0,24.4
1017.9,21.2,19.4,17.2,16.8,95.0,95.0,0.0,50.0,16.4
1018.5,20.6,18.1,16.3,15.3,93.0,93.0,0.4,80.0,20.3
1018.3,18.5,18.0,17.2,16.4,95.0,95.0,0.0,40.0,13.0
1020.2,20.7,18.6,17.7,14.2,70.0,38.0,9.1,20.0,24.5
1022.8,21.3,18.6,16.2,15.3,59.0,46.0,8.4,70.0,29.8
1017.1,18.2,17.8,16.8,15.4,93.0,95.0,0.1,60.0,20.5
1020.4,17.2,15.5,14.6,12.9,92.0,88.0,0.0,20.0,31.7
1021.8,16.5,15.3,12.7,13.9,76.0,86.0,0.1,10.0,21.8
1020.6,17.1,13.2,12.7,9.3,59.0,84.0,0.0,10.0,22.3
1025.6,20.3,18.0,17.7,13.5,75.0,77.0,1.0,20.0,26.0
1024.8,17.1,15.0,14.4,13.4,75.0,59.0,8.7,60.0,29.7
1019.8,16.2,15.4,14.6,12.0,95.0,95.0,0.0,50.0,15.7
1020.3,17.3,16.6,15.3,13.6,92.0,86.0,0.0,20.0,28.4
1020.9,18.8,16.1,14.7,12.1,75.0,81.0,1.6,30.0,13.8
1024.1,17.4,16.4,14.9,11.2,75.0,43.0,6.5,30.0,21.5
1022.5,20.6,16.6,14.8,11.5,65.0,49.0,9.1,10.0,27.4
1023.6,17.4,14.8,11.6,11.6,77.0,88.0,0.1,50.0,25.1
1024.1,17.5,14.8,14.0,10.0,73.0,88.0,0.0,20.0,29.0
1022.3,15.5,13.7,11.6,1.7,95.0,94.0,0.0,20.0,33.2
1018.4,21.4,18.8,17.5,18.1,70.0,67.0,2.9,20.0,12.3
1022.9,21.4,19.4,18.6,17.4,70.0,59.0,5.7,20.0,10.3
1022.4,18.0,14.8,13.6,11.6,75.0,88.0,0.0,30.0,20.0
1016.8,23.5,22.2,20.1,18.0,75.0,79.0,4.5,80.0,25.5
1018.9,21.3,19.7,18.3,15.5,86.0,83.0,0.6,20.0,20.5
1021.3,15.5,13.8,11.6,11.6,93.0,88.0,0.0,20.0,24.2
1020.6,16.2,15.2,14.6,14.7,93.0,88.0,0.1,60.0,33.4
1020.6,18.8,16.5,13.9,12.0,73.0,90.0,0.0,40.0,30.3
1023.4,20.6,18.8,16.4,15.0,58.0,57.0,9.0,60.0,19.2
1016.8,22.3,20.7,20.4,19.6,90.0,88.0,0.0,50.0,28.3
1018.0,18.6,17.7,15.8,14.9,79.0,91.0,0.0,70.0,26.1
1016.7,22.9,20.3,19.1,17.6,85.0,89.0,0.6,40.0,22.2
1022.4,21.3,20.7,19.6,16.4,76.0,44.0,3.0,50.0,24.9
1024.0,20.3,20.5,17.8,14.5,77.0,86.0,0.0,60.0,34.3
1020.4,19.6,18.0,16.4,13.3,77.0,91.0,0.0,20.0,28.6
1017.7,20.6,16.8,14.6,12.1,79.0,80.0,2.3,60.0,33.0
1017.5,17.5,16.4,15.8,15.9,85.0,91.0,1.5,50.0,19.0
1016.7,16.7,15.5,14.8,13.6,97.0,93.0,0.0,50.0,25.1
1015.2,17.5,16.6,15.6,15.5,95.0,88.0,0.0,60.0,37.7
1011.5,20.9,17.4,16.6,16.0,87.0,90.0,0.6,20.0,23.3
1012.6,20.5,19.2,18.4,17.9,93.0,93.0,0.0,30.0,31.9
1014.3,19.7,18.4,16.4,16.4,82.0,81.0,2.4,20.0,30.0
1013.3,17.4,16.6,15.3,15.4,96.0,91.0,1.6,60.0,43.8
1013.4,16.2,15.2,13.9,15.9,86.0,88.0,0.0,20.0,43.1
1014.3,23.1,20.7,17.6,18.5,92.0,88.0,0.6,70.0,41.4
1014.9,16.4,15.3,14.4,14.0,96.0,100.0,0.0,50.0,55.5
1032.3,17.3,17.3,16.7,16.6,73.0,83.0,0.0,30.0,19.3
1027.9,17.3,14.8,11.7,9.6,77.0,89.0,0.0,20.0,42.0
1025.9,17.0,13.7,12.4,9.8,96.0,94.0,0.0,30.0,21.9
1020.8,12.2,10.2,7.7,2.7,46.0,29.0,9.0,20.0,26.0
1017.8,17.2,17.9,16.0,15.7,98.0,93.0,0.0,40.0,59.5
1022.9,11.6,11.3,10.9,8.4,59.0,86.0,0.0,30.0,28.6
1027.6,17.2,15.5,12.7,9.9,76.0,89.0,0.5,20.0,48.0
1013.7,16.3,15.2,14.6,13.3,90.0,100.0,0.0,70.0,30.0
1027.5,14.3,13.4,11.6,3.4,72.0,95.0,0.0,20.0,22.0
1011.5,18.6,17.4,15.4,16.0,77.0,88.0,0.1,30.0,32.5
1024.3,17.4,12.9,10.9,8.1,77.0,93.0,0.0,20.0,26.8
1023.3,18.2,16.5,14.5,12.5,72.0,51.0,10.0,30.0,11.3
1034.6,10.4,8.7,7.0,2.4,46.0,19.0,10.0,20.0,34.3
1024.7,15.1,13.7,11.6,6.0,59.0,86.0,10.2,20.0,19.3
1024.3,14.3,13.3,12.5,10.7,73.0,88.0,0.1,60.0,32.9
1024.4,19.1,17.4,14.6,13.0,70.0,46.0,10.1,60.0,11.3
1023.8,20.2,16.6,14.4,11.4,78.0,2.0,10.2,40.0,9.6
1020.6,15.3,13.8,11.4,3.9,76.0,93.0,0.0,20.0,40.0
1025.4,20.1,18.4,15.2,13.3,74.0,72.0,7.6,20.0,9.2
1014.6,18.5,17.3,16.1,16.1,98.0,100.0,0.0,50.0,20.0
1012.5,22.8,20.9,19.6,19.0,86.0,88.0,0.0,200.0,22.5
1019.9,20.5,19.6,17.6,16.4,90.0,97.0,0.0,40.0,26.8
1013.7,19.4,18.1,17.2,15.3,96.0,96.0,0.0,10.0,14.3
1013.4,18.9,17.7,16.9,16.8,90.0,89.0,1.2,70.0,44.7
1013.3,24.3,21.5,19.9,19.3,91.0,78.0,1.5,40.0,14.5
1013.7,24.9,21.3,20.5,19.2,89.0,88.0,0.6,70.0,32.4
1021.3,25.5,20.6,19.1,12.3,70.0,38.0,9.6,20.0,11.3
1015.0,24.8,22.4,20.8,17.8,79.0,80.0,3.6,70.0,33.5
1013.0,24.9,22.2,20.3,19.9,81.0,88.0,2.2,20.0,25.9
1013.1,24.6,21.3,19.1,20.6,90.0,81.0,2.1,40.0,23.3
1014.7,24.3,22.2,20.7,16.9,79.0,85.0,2.4,20.0,25.0
1023.6,23.8,20.7,19.2,15.0,71.0,53.0,10.0,70.0,43.1
1014.5,19.7,17.8,16.9,16.8,95.0,95.0,0.0,30.0,22.3
1017.7,17.1,16.1,15.6,15.5,95.0,93.0,0.0,40.0,14.5
1020.6,25.1,21.8,19.2,16.4,71.0,88.0,0.6,20.0,40.0
1016.7,18.5,16.5,15.6,14.8,95.0,95.0,0.0,60.0,40.4
1015.8,20.4,18.4,17.2,15.0,74.0,90.0,0.0,70.0,33.5
1018.2,25.3,22.4,20.3,19.8,83.0,81.0,1.8,70.0,9.2
1017.0,24.8,22.3,20.3,17.3,82.0,49.0,6.5,60.0,20.5
1026.9,18.1,17.4,16.6,12.6,79.0,72.0,6.5,40.0,19.0
1020.5,15.2,14.6,14.6,12.5,90.0,80.0,0.0,50.0,39.5
1017.0,16.7,15.5,14.7,14.6,82.0,94.0,0.0,70.0,41.4
1015.0,20.3,18.1,17.1,15.5,91.0,87.0,0.7,40.0,14.0
1013.0,15.8,15.3,14.7,11.0,79.0,93.0,0.0,70.0,39.5
1014.6,20.3,18.4,15.7,16.4,94.0,91.0,0.3,20.0,10.2
1013.7,22.3,20.1,18.8,19.2,91.0,80.0,0.0,40.0,12.4
1020.4,15.8,12.5,11.8,11.1,75.0,88.0,0.0,20.0,21.9
1013.4,21.0,19.0,17.1,18.7,95.0,100.0,0.0,50.0,28.6
1018.2,22.6,18.2,17.7,16.0,96.0,99.0,0.0,60.0,22.5
1017.8,15.5,13.6,11.4,11.1,96.0,100.0,0.0,20.0,34.2
1020.9,17.3,15.4,13.4,9.6,93.0,95.0,0.0,20.0,18.8
1017.7,23.0,20.8,18.2,15.0,77.0,53.0,10.2,70.0,39.5
1015.6,19.1,17.5,16.8,16.6,97.0,95.0,0.0,40.0,23.2
1018.9,16.3,15.3,14.2,13.3,92.0,95.0,0.0,70.0,34.8
1012.2,24.8,21.6,19.6,19.1,87.0,88.0,0.6,50.0,16.4
1012.0,25.2,21.3,20.2,19.9,79.0,88.0,2.0,80.0,26.8
1018.4,25.3,21.2,19.9,18.2,83.0,85.0,3.2,40.0,13.8
1012.2,20.4,17.8,16.9,16.1,90.0,90.0,2.1,60.0,39.7
1014.9,20.8,18.1,16.9,15.8,78.0,88.0,0.0,20.0,39.3
1015.5,17.4,16.6,15.4,15.7,98.0,99.0,0.0,60.0,36.0
1018.4,17.2,16.3,15.3,15.3,95.0,100.0,0.2,30.0,41.3
1020.4,16.2,15.9,14.5,9.5,72.0,44.0,10.7,20.0,35.3
1018.4,19.2,17.3,16.4,11.8,62.0,46.0,10.9,40.0,20.5
1020.4,23.1,18.3,17.4,16.8,64.0,29.0,6.7,20.0,29.2
1016.8,23.1,18.4,17.2,20.5,68.0,19.0,10.2,40.0,24.8
1022.7,17.3,15.7,12.3,11.8,78.0,40.0,9.1,20.0,38.3
1016.5,17.1,16.3,15.3,13.7,79.0,89.0,0.0,20.0,28.8
1013.0,21.6,20.9,19.0,18.9,92.0,87.0,2.5,30.0,22.8
1017.9,16.7,15.6,14.0,11.0,92.0,93.0,0.0,40.0,20.4
1016.2,25.4,22.4,21.0,20.6,92.0,88.0,0.4,40.0,17.2
1015.9,23.3,21.1,20.5,17.3,96.0,88.0,0.1,80.0,7.9
1013.9,24.9,22.3,20.6,21.4,86.0,88.0,0.2,80.0,19.7
1013.1,25.2,23.1,20.7,20.7,86.0,83.0,5.6,30.0,30.0
1013.2,24.9,23.3,21.1,22.3,95.0,81.0,0.0,50.0,28.7
1015.4,26.5,23.2,21.0,21.9,80.0,80.0,0.5,20.0,14.6
1015.4,25.9,24.5,23.8,12.5,79.0,38.0,10.4,60.0,9.8
1011.6,25.5,23.8,22.5,21.5,87.0,88.0,1.6,70.0,35.1
1015.2,25.3,24.8,23.1,23.2,92.0,85.0,0.3,190.0,20.5
1011.1,24.9,22.4,20.2,19.9,78.0,85.0,1.1,60.0,5.7
1016.5,26.4,23.3,20.6,22.1,80.0,78.0,1.6,200.0,11.9
1011.6,26.0,24.3,23.1,22.6,93.0,86.0,0.1,70.0,18.1
1012.5,26.6,24.7,23.5,18.8,76.0,81.0,0.3,60.0,15.3
1020.3,27.5,24.4,24.4,20.4,76.0,77.0,1.5,50.0,13.0
1012.9,25.9,25.9,24.4,23.3,91.0,88.0,1.5,90.0,31.8
1012.5,27.9,25.5,22.4,23.8,92.0,89.0,0.7,170.0,11.7
1013.5,27.6,25.8,23.6,23.5,86.0,84.0,0.6,70.0,15.7
1008.5,27.6,25.4,24.0,24.2,94.0,85.0,1.5,40.0,14.2
1012.3,27.3,25.1,23.4,22.6,89.0,83.0,6.0,90.0,32.2
1012.5,23.4,22.8,20.4,19.3,91.0,88.0,0.1,70.0,33.4
1009.8,27.7,25.4,24.1,24.2,89.0,84.0,1.0,190.0,12.6
1016.6,26.5,25.3,24.1,24.2,94.0,88.0,1.0,40.0,14.5
1008.1,28.4,26.0,24.0,22.1,88.0,84.0,3.5,210.0,13.3
1011.2,27.4,25.8,24.8,22.3,87.0,89.0,0.6,70.0,25.1
1007.9,28.4,26.5,25.5,23.8,87.0,84.0,1.2,70.0,34.0
1012.5,27.2,25.6,24.8,21.6,85.0,78.0,0.0,70.0,16.7
1008.3,29.0,26.6,24.8,22.3,89.0,88.0,3.2,80.0,12.7
1013.0,28.2,25.5,24.0,22.3,80.0,84.0,2.3,80.0,8.9
1013.1,29.1,26.2,24.7,23.8,87.0,83.0,3.3,80.0,15.4
1006.9,27.5,25.0,24.9,22.1,89.0,88.0,0.5,240.0,10.2
1011.4,29.2,26.9,25.5,23.2,89.0,83.0,3.6,50.0,11.3
1010.5,27.8,25.8,24.7,20.4,87.0,88.0,0.6,80.0,14.6
1014.0,26.3,25.0,24.7,24.7,88.0,89.0,0.2,80.0,9.9
1011.6,30.1,26.8,22.8,23.2,87.0,82.0,2.2,100.0,16.5
1010.5,29.8,24.9,23.2,22.9,81.0,82.0,2.4,70.0,18.6
1012.3,27.6,25.4,24.8,24.2,85.0,82.0,1.3,200.0,10.2
1012.0,28.6,26.5,25.5,23.1,88.0,84.0,1.1,80.0,13.0
1009.4,30.6,28.3,26.5,24.6,83.0,88.0,5.3,220.0,8.9
1012.2,26.9,25.4,25.3,22.2,89.0,80.0,2.8,40.0,15.1
1008.1,28.8,25.7,24.8,23.1,89.0,88.0,1.6,240.0,15.8
1013.3,30.6,27.0,25.8,23.7,83.0,81.0,1.2,50.0,11.1
1010.3,26.2,23.1,21.1,21.9,90.0,77.0,2.2,40.0,14.5
1011.4,25.2,23.1,21.0,20.9,79.0,79.0,3.1,40.0,26.5
1010.3,27.5,25.9,23.7,21.6,82.0,88.0,6.6,20.0,18.8
1008.7,31.0,27.8,26.1,24.4,76.0,82.0,2.7,20.0,12.9
1010.3,26.5,25.9,24.3,22.4,84.0,80.0,3.5,80.0,21.6
1009.9,27.7,25.3,24.4,22.5,89.0,84.0,1.0,220.0,25.0
1008.0,27.9,27.8,26.4,25.0,89.0,88.0,1.0,130.0,18.4
1006.9,30.4,27.9,24.5,23.7,81.0,83.0,3.3,20.0,15.3
1011.4,29.2,27.1,24.4,23.0,82.0,85.0,6.0,110.0,37.5
1011.5,29.1,26.8,24.5,23.4,83.0,85.0,1.6,50.0,8.6
1007.8,28.8,26.7,25.4,24.4,87.0,84.0,1.6,50.0,7.9
1008.1,30.4,27.8,25.9,24.4,89.0,88.0,1.6,220.0,30.3
1010.1,29.2,26.6,24.1,22.1,89.0,87.0,2.6,220.0,23.7
1008.1,28.0,26.8,25.9,25.5,85.0,84.0,0.7,70.0,14.8
1006.9,28.7,26.6,25.4,25.4,87.0,88.0,0.3,80.0,20.7
1008.4,28.4,27.0,25.5,25.4,89.0,88.0,0.4,190.0,12.1
1012.5,31.3,28.0,26.4,25.5,82.0,80.0,4.1,70.0,29.0
1008.3,31.2,29.7,28.4,26.1,84.0,89.0,1.6,130.0,16.7
1008.7,32.8,30.1,28.0,26.0,79.0,78.0,9.2,220.0,16.4
1009.1,33.0,30.0,27.1,26.2,77.0,70.0,6.1,80.0,21.3
1008.5,30.9,27.0,24.7,25.8,84.0,85.0,3.1,220.0,9.8
1009.4,33.3,30.2,27.0,24.3,82.0,83.0,2.2,220.0,24.4
1006.8,33.1,30.3,28.0,25.0,80.0,77.0,7.6,220.0,20.7
1008.4,31.2,29.1,26.7,25.4,81.0,78.0,3.2,220.0,15.3
1009.3,31.4,29.6,28.0,25.6,86.0,82.0,1.0,220.0,21.6
1008.4,29.6,27.5,25.4,25.4,87.0,82.0,2.3,50.0,15.5
1008.7,33.4,30.1,28.4,25.4,67.0,77.0,9.4,220.0,30.2
1006.3,33.2,29.9,28.0,26.0,74.0,86.0,3.5,220.0,40.0
1007.5,28.5,26.5,24.0,23.4,61.0,87.0,1.6,20.0,19.4
1008.6,32.8,30.0,28.1,25.8,79.0,86.0,2.1,240.0,20.0
1006.1,32.6,30.0,27.6,25.4,74.0,48.0,10.9,80.0,7.4
1004.9,29.1,27.1,25.0,26.4,92.0,96.0,0.6,250.0,14.5
1005.9,27.8,26.7,25.3,25.2,93.0,88.0,0.3,250.3,21.2
1009.1,28.2,26.3,25.6,23.0,80.0,83.0,1.4,230.0,5.9
1008.8,30.7,27.4,23.3,24.2,67.0,80.0,8.6,110.0,17.2
1008.1,32.4,28.3,26.8,24.8,74.0,62.0,7.7,240.0,23.9
1008.5,31.8,29.6,26.9,25.7,79.0,69.0,6.7,240.0,13.0
1008.5,33.2,30.8,27.4,24.1,71.0,48.0,10.0,230.0,23.4
1008.4,33.1,30.6,28.4,24.7,72.0,34.0,11.1,170.0,12.6
1007.8,33.2,30.7,28.0,25.8,79.0,48.0,10.0,220.0,10.0
1009.3,33.8,30.3,29.3,26.3,78.0,78.0,7.4,200.0,9.8
1008.4,35.1,30.6,28.1,25.9,78.0,25.0,11.1,110.0,13.4
1010.3,33.1,30.1,27.3,25.4,74.0,46.0,10.4,180.0,25.1
1008.1,32.9,30.4,27.4,25.6,82.0,62.0,5.5,80.0,19.0
1005.3,30.0,28.4,26.1,25.7,79.0,88.0,3.0,40.0,7.3
1008.1,33.9,30.6,27.4,24.7,74.0,61.0,6.0,130.0,10.2
1008.5,32.4,30.0,28.7,25.0,72.0,49.0,10.1,230.0,9.1
1008.1,33.0,30.7,28.4,25.9,81.0,70.0,7.0,230.0,13.3
1005.5,31.4,28.3,26.3,25.0,89.0,83.0,0.4,80.0,15.1
1005.1,33.0,30.0,28.4,24.7,78.0,77.0,7.4,230.0,21.9
1008.4,32.3,29.2,28.1,25.0,75.0,41.0,8.0,230.0,28.4
1008.1,33.3,30.1,28.1,25.8,78.0,72.0,7.7,190.0,12.4
1007.9,32.8,29.0,27.5,25.6,80.0,77.0,6.5,230.0,15.8
1007.1,31.9,28.9,26.3,24.7,81.0,84.0,1.3,130.0,26.0
1008.8,31.1,28.6,27.7,25.9,81.0,81.0,2.2,200.0,32.4
1002.5,33.7,30.1,29.1,26.7,82.0,69.0,6.0,220.0,22.9
1000.2,32.5,30.1,28.0,25.5,78.0,79.0,6.6,200.0,12.8
1009.8,31.7,28.9,25.6,25.0,85.0,82.0,3.6,220.0,22.3
1002.2,30.4,28.4,27.7,25.3,82.0,60.0,1.1,60.0,25.0
1005.7,30.9,28.1,25.4,26.0,87.0,84.0,2.1,210.0,11.0
1008.3,32.4,28.8,26.0,25.1,77.0,60.0,8.4,230.0,26.0
1009.2,29.5,27.4,27.4,25.9,79.0,60.0,5.1,110.0,11.3
1006.0,29.2,27.7,26.3,25.8,83.0,86.0,0.3,240.0,23.5
1009.6,31.2,28.9,26.3,25.4,87.0,85.0,2.4,200.0,22.3
1008.7,31.3,29.7,28.1,26.0,92.0,84.0,0.4,220.0,24.5
1008.9,29.1,27.5,25.3,25.4,81.0,86.0,1.1,220.0,15.7
1007.9,32.2,29.7,28.0,26.0,75.0,69.0,6.5,200.0,16.4
1008.3,33.0,30.1,27.0,25.4,81.0,48.0,8.8,240.0,16.0
1008.7,32.5,30.0,28.1,26.2,78.0,57.0,9.1,220.0,14.8
1008.4,32.0,30.0,28.2,26.4,77.0,78.0,6.5,230.0,28.0
1008.1,31.0,28.1,26.8,25.1,81.0,84.0,2.1,190.0,15.9
1008.3,31.4,28.3,26.5,24.8,77.0,84.0,3.3,140.0,21.9
1006.5,35.1,31.0,26.9,25.0,74.0,58.0,10.6,180.0,8.9
1006.1,32.5,30.2,28.6,25.3,77.0,79.0,6.4,220.0,10.3
1008.4,32.0,30.3,28.3,26.2,79.0,54.0,6.3,240.0,10.9
1008.8,32.3,29.3,27.0,24.8,81.0,56.0,9.1,170.0,9.5
1005.6,32.3,29.1,26.9,25.8,74.0,72.0,11.8,200.0,11.2
1006.2,33.8,30.3,28.3,26.4,81.0,87.0,5.7,230.0,21.8
1010.0,33.3,30.4,27.6,25.9,82.0,83.0,2.6,50.0,10.2
1008.3,33.0,30.6,29.0,26.0,79.0,72.0,8.3,220.0,13.9
1006.6,33.7,29.1,27.5,25.3,79.0,78.0,5.3,20.0,23.7
1009.7,32.8,30.2,28.9,25.4,78.0,43.0,8.1,240.0,10.2
1008.1,33.9,30.1,27.0,24.8,76.0,49.0,8.8,10.0,10.0
1007.5,32.9,29.7,27.9,24.4,78.0,38.0,11.8,210.0,17.3
1005.8,33.4,30.2,28.1,24.3,80.0,78.0,4.3,220.0,20.8
1008.4,32.9,30.2,28.6,25.3,79.0,57.0,10.6,230.0,19.6
999.0,35.1,31.0,26.8,26.1,77.0,57.0,9.1,20.0,20.9
1009.5,32.3,29.2,27.8,24.6,84.0,72.0,6.2,100.0,12.0
1010.7,31.9,28.9,26.7,25.7,84.0,81.0,3.2,60.0,6.6
1005.5,31.1,28.7,26.9,24.5,82.0,84.0,1.6,220.0,12.1
1008.1,31.2,28.6,25.3,25.4,76.0,46.0,11.7,220.0,12.6
1009.9,31.9,28.8,27.4,26.1,84.0,88.0,2.7,80.0,17.2
1011.1,30.9,27.5,25.4,25.4,89.0,82.0,1.2,110.0,16.3
1009.1,30.2,27.9,26.3,25.3,87.0,84.0,2.1,230.0,14.0
1006.7,31.7,28.2,27.0,25.0,88.0,80.0,2.5,230.0,14.3
1008.9,30.6,27.2,25.5,26.6,87.0,88.0,0.2,220.0,12.5
1006.9,32.1,29.4,27.2,24.7,84.0,86.0,1.4,220.0,12.4
1008.8,33.0,30.3,28.0,25.2,78.0,72.0,7.2,220.0,16.0
1008.2,32.2,28.7,26.4,24.3,79.0,78.0,9.5,220.0,9.8
1008.3,32.5,28.6,26.6,25.3,80.0,77.0,2.4,300.0,24.4
1008.3,34.4,30.3,28.7,25.3,77.0,43.0,8.4,120.0,13.8
1008.4,30.6,27.8,25.2,25.2,80.0,77.0,5.7,230.0,12.4
999.0,32.8,29.1,26.8,26.0,84.0,51.0,7.0,200.0,11.8
1008.1,29.8,27.8,25.5,23.3,86.0,82.0,1.9,200.0,14.1
1008.5,33.4,29.0,25.9,23.3,74.0,32.0,10.2,50.0,22.8
1005.6,34.7,30.0,29.0,26.0,84.0,83.0,0.5,230.0,16.5
1008.5,31.2,28.4,26.9,25.0,89.0,88.0,1.0,180.0,11.7
1008.1,31.4,28.4,26.3,24.9,82.0,80.0,2.0,20.0,7.4
1008.5,31.7,28.2,26.5,24.2,87.0,87.0,2.6,220.0,13.2
1007.9,34.2,30.1,27.8,24.7,74.0,72.0,10.4,220.0,8.9
1006.7,32.8,30.1,28.1,24.3,74.0,23.0,10.4,220.0,12.4
1006.0,28.9,26.1,24.6,24.9,82.0,81.0,6.5,240.0,9.1
1000.3,28.7,26.0,24.7,23.3,86.0,83.0,0.1,210.0,20.2
1012.5,27.8,25.9,24.5,23.8,89.0,81.0,2.2,80.0,19.8
1012.0,28.1,25.9,24.5,23.3,78.0,83.0,2.5,80.0,19.4
1013.0,30.9,29.7,28.0,25.0,78.0,84.0,1.5,220.0,23.4
1009.9,29.1,26.7,25.4,25.4,89.0,85.0,3.3,200.0,22.0
1003.8,29.1,28.7,27.7,24.5,93.0,84.0,1.6,230.0,27.1
1011.1,33.0,30.1,27.5,24.2,70.0,39.0,9.5,10.0,28.3
1005.3,31.0,27.2,26.2,24.9,82.0,86.0,1.6,80.0,28.7
1011.2,28.3,26.4,25.5,24.8,82.0,79.0,2.4,60.0,13.7
1008.2,28.4,26.8,24.7,24.3,92.0,88.0,0.3,110.0,15.9
1013.0,29.4,26.5,24.8,22.3,76.0,84.0,4.8,20.0,5.9
1011.4,29.1,26.8,24.9,22.1,75.0,46.0,8.3,140.0,9.1
1006.7,31.9,29.2,26.2,25.4,81.0,84.0,2.0,230.0,33.5
1011.4,31.9,28.7,26.8,24.5,81.0,69.0,5.5,70.0,29.3
1014.4,30.5,27.2,26.0,25.2,88.0,83.0,3.6,230.0,20.0
1011.1,31.0,28.1,26.8,24.9,78.0,60.0,8.4,140.0,12.0
1008.4,28.9,26.9,25.4,25.4,89.0,88.0,1.1,230.0,39.7
1008.8,32.0,29.1,27.4,25.4,86.0,84.0,1.5,220.0,35.3
1011.1,28.6,26.8,25.4,23.9,84.0,78.0,3.0,230.0,9.8
1008.2,32.8,29.4,26.6,25.9,84.0,88.0,0.8,210.0,28.9
1010.4,31.0,28.0,26.5,23.3,85.0,58.0,6.0,80.0,14.5
1006.7,30.8,28.1,26.9,25.9,87.0,53.0,11.1,200.0,37.0
1013.0,30.2,28.1,26.2,24.1,80.0,70.0,6.2,210.0,14.8
1011.5,30.5,27.4,25.5,23.8,76.0,53.0,10.1,50.0,28.6
1008.1,32.1,28.1,26.7,24.8,79.0,78.0,7.7,230.0,39.3
1013.3,30.9,28.3,26.6,21.2,75.0,32.0,10.0,220.0,25.0
1010.3,29.4,27.9,26.6,23.1,79.0,81.0,3.4,40.0,8.9
1008.9,32.3,29.1,26.2,25.4,87.0,88.0,2.8,230.0,11.9
1006.7,32.8,29.6,25.5,20.9,75.0,38.0,10.1,220.0,12.8
1008.1,31.7,28.1,26.8,24.9,81.0,88.0,0.4,40.0,13.6
1007.3,31.2,28.0,26.2,25.0,86.0,83.0,0.9,230.0,52.8
1008.9,32.7,29.0,27.0,25.8,74.0,61.0,9.8,220.0,44.7
1012.7,28.4,26.9,24.3,23.1,81.0,85.0,0.6,70.0,30.4
1006.8,30.9,27.6,25.4,26.0,97.0,88.0,0.5,130.0,30.0
1005.7,27.9,26.1,25.9,24.5,94.0,87.0,2.2,20.0,35.8
1008.4,31.1,28.3,26.0,25.4,86.0,83.0,8.1,270.0,34.0
1013.1,30.1,26.0,24.4,24.8,81.0,56.0,2.4,80.0,21.9
1007.6,28.2,25.5,23.9,21.6,68.0,39.0,8.2,230.0,8.7
1013.5,28.6,25.8,22.4,24.7,79.0,84.0,6.7,190.0,8.3
1015.5,30.2,27.7,24.5,20.9,76.0,68.0,7.7,70.0,8.3
1018.9,31.0,28.7,26.6,24.8,85.0,53.0,4.5,220.0,14.7
1008.8,27.5,25.4,24.9,23.2,92.0,95.0,0.0,40.0,25.1
1013.7,29.2,25.3,23.1,20.7,77.0,19.0,9.5,20.0,10.3
1015.4,31.8,28.0,26.4,24.7,79.0,72.0,7.8,210.0,20.2
1016.8,31.2,28.7,27.0,23.1,77.0,47.0,8.5,70.0,25.0
1012.4,27.0,24.8,22.3,21.9,85.0,85.0,2.7,70.0,39.7
1015.6,29.6,25.5,23.3,20.9,75.0,47.0,10.5,80.0,9.0
1013.3,30.3,26.8,24.5,19.3,70.0,50.0,10.0,20.0,8.0
1018.9,27.2,25.6,24.4,23.2,83.0,84.0,1.2,60.0,16.0
1014.5,24.8,22.4,20.4,20.7,95.0,85.0,0.0,60.0,38.0
1011.8,23.6,21.1,19.6,19.6,72.0,53.0,9.6,65.0,21.6
1017.1,26.9,25.5,24.3,23.1,93.0,77.0,0.3,70.0,28.3
1010.9,27.6,24.5,22.4,19.0,74.0,61.0,7.6,20.0,14.7
1014.9,26.2,24.5,24.0,21.4,78.0,82.0,2.3,80.0,37.5
1016.8,26.9,24.3,23.8,22.1,81.0,83.0,0.9,40.0,21.3
1014.5,24.2,22.0,21.8,21.8,83.0,84.0,1.9,40.0,25.9
1017.0,27.9,25.8,24.3,21.1,83.0,65.0,1.0,10.0,11.2
1015.4,28.9,25.4,23.4,19.6,75.0,51.0,7.7,40.0,22.8
1019.1,26.4,23.1,21.0,19.1,79.0,69.0,4.6,60.0,19.4
1019.9,26.9,24.0,23.2,19.9,83.0,69.0,5.7,70.0,9.1
1019.1,25.4,23.1,22.1,16.3,82.0,59.0,1.0,40.0,29.6
1017.1,29.6,25.8,24.5,19.3,79.0,46.0,7.7,70.0,20.5
1013.8,28.2,25.8,23.4,21.4,70.0,53.0,9.3,70.0,33.5
1013.9,29.1,25.2,23.0,22.4,81.0,70.0,2.4,60.0,32.4
1013.0,29.8,26.8,24.5,21.1,78.0,49.0,9.7,80.0,24.4
1012.3,29.1,26.8,24.0,23.4,83.0,74.0,5.7,50.0,20.5
1018.4,26.9,24.7,22.6,21.4,82.0,86.0,1.2,80.0,21.6
1019.6,25.9,23.3,21.0,22.3,79.0,85.0,2.9,80.0,24.9
1012.4,27.7,25.8,24.4,22.1,82.0,87.0,1.1,70.0,40.8
1016.5,26.2,23.9,22.3,19.3,79.0,74.0,7.4,40.0,10.7
1019.5,24.8,22.6,20.3,17.8,78.0,84.0,0.0,20.0,22.1
1019.1,24.9,23.8,20.6,18.5,87.0,79.0,7.7,60.0,25.1
1017.8,26.9,24.9,22.7,21.1,91.0,79.0,0.7,70.0,12.5
1017.4,26.5,24.8,23.8,22.5,87.0,77.0,4.6,90.0,44.7
1017.7,28.2,25.2,23.1,22.9,87.0,81.0,3.4,40.0,14.8
1014.9,26.1,24.4,23.1,23.2,89.0,88.0,3.5,80.0,29.6
1019.1,29.4,25.8,23.3,18.5,90.0,80.0,2.6,50.0,10.2
1016.4,26.3,23.7,21.0,22.3,81.0,84.0,0.6,80.0,8.0
1017.2,25.6,23.5,21.0,19.9,88.0,75.0,5.4,40.0,28.8
1018.8,26.4,24.7,23.3,21.3,85.0,82.0,1.5,70.0,19.7
1017.0,27.8,25.6,24.5,23.2,87.0,84.0,1.2,60.0,11.7
1016.2,26.5,24.8,24.4,22.4,84.0,87.0,1.2,80.0,37.5
1014.3,27.8,26.4,25.5,21.4,81.0,88.0,1.2,80.0,26.4
1015.4,26.8,23.3,22.4,18.4,82.0,82.0,1.2,70.0,37.9
1017.6,22.3,20.0,18.3,18.0,77.0,87.0,0.2,60.0,14.0
1014.3,22.3,21.1,19.1,19.9,91.0,79.0,3.6,40.0,20.0
1020.8,21.1,18.7,15.9,13.9,75.0,46.0,3.3,40.0,15.8
1014.8,21.3,20.4,18.0,18.4,86.0,84.0,0.2,80.0,26.5
1017.7,22.4,21.0,19.1,19.4,85.0,77.0,0.6,70.0,31.2
1015.7,23.2,20.6,19.6,18.1,91.0,85.0,0.0,40.0,20.0
1021.8,25.1,22.6,18.2,17.8,68.0,34.0,9.1,60.0,15.3
1016.8,25.3,22.5,20.0,19.9,81.0,90.0,2.0,50.0,12.5
1014.6,23.2,22.2,20.7,17.3,90.0,89.0,0.1,50.0,37.5
1015.2,22.3,20.4,19.9,19.1,90.0,90.0,0.0,70.0,21.6
1021.5,21.1,17.7,15.6,11.2,77.0,89.0,0.3,40.0,14.1
1022.8,22.6,18.5,17.2,13.3,75.0,88.0,0.3,80.0,28.0
1019.4,20.4,18.5,17.0,14.2,85.0,88.0,1.9,60.0,19.8
1018.2,22.9,20.8,19.6,19.6,94.0,84.0,0.0,40.0,20.3
1017.0,21.9,20.4,19.3,18.6,95.0,83.0,0.0,50.0,24.8
1019.1,19.6,17.6,17.1,16.1,92.0,84.0,0.0,70.0,33.4
1020.8,21.2,19.9,17.1,15.6,77.0,88.0,0.2,50.0,15.5
1016.8,19.9,18.2,17.2,16.8,85.0,93.0,0.0,70.0,26.4
1016.8,25.1,21.6,19.4,18.6,78.0,84.0,0.1,40.0,17.2
1016.6,24.1,22.4,20.5,17.3,78.0,61.0,7.7,20.0,29.8
1022.3,18.4,16.8,15.0,12.1,78.0,78.0,3.3,50.0,25.9
1020.4,17.4,15.2,14.0,-0.3,45.0,17.0,8.5,50.0,15.4
1022.4,19.2,16.7,13.7,3.5,70.0,47.0,9.1,20.0,35.6
1020.3,17.3,13.7,11.3,10.1,84.0,88.0,3.7,20.0,12.4
1024.4,17.6,16.1,15.2,8.9,64.0,81.0,0.0,60.0,48.0
1020.6,16.2,15.3,14.9,12.1,79.0,86.0,0.9,20.0,22.5
1020.3,20.2,16.8,14.5,11.9,72.0,88.0,0.0,40.0,27.3
1022.4,16.2,15.2,12.7,9.2,78.0,88.0,0.0,50.0,35.8
1022.8,17.5,15.5,14.2,10.0,78.0,78.0,3.5,20.0,25.0
1021.3,16.5,15.6,14.0,12.8,85.0,83.0,0.0,40.0,24.3
1017.7,17.3,16.6,15.4,13.5,84.0,93.0,0.0,70.0,43.8
1019.8,16.5,15.2,13.8,11.2,76.0,93.0,0.1,20.0,39.5
1019.4,17.1,15.0,14.8,12.5,75.0,88.0,0.2,50.0,20.4
1021.8,19.7,17.7,15.2,9.8,62.0,89.0,0.6,50.0,37.9
1025.4,17.5,16.5,15.3,6.6,64.0,85.0,0.1,20.0,27.0
1016.3,16.3,16.5,15.8,16.6,91.0,83.0,0.3,50.0,29.8
1024.1,19.3,18.3,17.3,18.8,77.0,84.0,8.3,80.0,31.8
1018.4,21.4,20.9,20.3,19.9,91.0,84.0,0.0,50.0,23.7
1016.8,21.9,20.0,19.7,18.8,90.0,88.0,0.0,70.0,34.8
1022.2,17.5,16.5,15.9,13.3,77.0,88.0,0.0,50.0,24.2
1020.8,20.1,16.8,14.8,8.8,70.0,78.0,6.6,50.0,14.7
1017.0,20.9,18.8,17.8,15.0,79.0,83.0,1.6,50.0,20.0
1020.0,21.1,18.1,17.0,14.3,78.0,88.0,0.0,70.0,33.2
1017.6,19.9,18.8,17.6,16.7,86.0,82.0,0.0,70.0,18.6
1016.4,22.9,20.5,19.7,17.3,79.0,81.0,2.0,50.0,25.9
1021.2,20.9,18.9,17.2,16.6,79.0,88.0,0.1,50.0,26.7
1017.1,22.3,20.8,19.1,18.9,76.0,78.0,1.5,40.0,14.2
1021.8,22.9,20.8,19.2,15.5,76.0,49.0,9.3,50.0,35.6
1022.6,18.5,16.8,15.8,12.1,80.0,88.0,1.3,30.0,24.4
1016.9,18.4,16.4,15.3,13.6,79.0,84.0,2.4,40.0,38.0
1015.8,20.9,18.8,17.6,17.7,78.0,88.0,0.0,20.0,30.6
1014.6,23.2,20.6,19.1,19.9,97.0,88.0,0.1,40.0,22.1
1012.4,17.2,17.3,16.3,15.3,91.0,88.0,0.0,50.0,35.3
1013.3,19.0,16.3,14.3,12.6,79.0,79.0,5.0,40.0,32.9
1022.3,16.4,15.2,13.8,14.7,92.0,93.0,0.1,40.0,18.0
1013.8,21.2,19.1,18.0,18.0,89.0,88.0,1.0,70.0,48.0
